project_number,subproject_number,subproject,report_path,last_modified
1502000,0001,1502000.0001,\\ttgroup.local\corporate\Auckland\Projects\1502000\1502000.0001\IssuedDocuments\Final\T+T_2021-IAG-C3781306-Report.docx,2021-11-07
1502000,0002,1502000.0002,\\ttgroup.local\corporate\Auckland\Projects\1502000\1502000.0002\IssuedDocuments\Final report\T+T_Final report_26 Blackbridge Road.docx,2021-08-23
1502000,0003,1502000.0003,\\ttgroup.local\corporate\Auckland\Projects\1502000\1502000.0003\IssuedDocuments\Additional details requested 1 Feb 22\T+T_2021-IAG-C3917925_Report - December 2021 claim.docx,2022-02-25
1502000,0004,1502000.0004,\\ttgroup.local\corporate\Auckland\Projects\1502000\1502000.0004\IssuedDocuments\Final report\T+T_2021-IAG-7973696-Report V3.docx,2021-11-02
1502000,0005,1502000.0005,\\ttgroup.local\corporate\Auckland\Projects\1502000\1502000.0005\IssuedDocuments\Final Report\T+T_2021-IAG-C3781361_Final Report.docx,2021-08-29
1502000,0006,1502000.0006,\\ttgroup.local\corporate\Auckland\Projects\1502000\1502000.0006\IssuedDocuments\Final\T+T_2021-IAG-C3784885_Final Report.docx,2021-08-19
1502000,0007,1502000.0007,\\ttgroup.local\corporate\Auckland\Projects\1502000\1502000.0007\IssuedDocuments\Final Report\T+T_2021-IAG-C3782770_Final Report.docx,2021-09-01
1502000,0008,1502000.0008,\\ttgroup.local\corporate\Auckland\Projects\1502000\1502000.0008\IssuedDocuments\Final report\T+T_Final Report_64 Old Porirua Road.docx,2021-09-01
1502000,0009,1502000.0009,\\ttgroup.local\corporate\Auckland\Projects\1502000\1502000.0009\IssuedDocuments\Final report\T+T_Final Report_40 Rangiora Ave.docx,2021-08-26
1502000,0010,1502000.0010,\\ttgroup.local\corporate\Auckland\Projects\1502000\1502000.0010\IssuedDocuments\T+T_AA Insurance-P034047763_Report.docx,2021-10-13
1502000,0013,1502000.0013,\\ttgroup.local\corporate\Auckland\Projects\1502000\1502000.0013\IssuedDocuments\T&T_2021-IAG-C3782007_Report.docx,2021-08-27
1502000,0014,1502000.0014,\\ttgroup.local\corporate\Auckland\Projects\1502000\1502000.0014\IssuedDocuments\T&T_2021-IAG-C3781875_Report.docx,2021-08-30
1502000,0015,1502000.0015,\\ttgroup.local\corporate\Auckland\Projects\1502000\1502000.0015\IssuedDocuments\Final\T+T_2021-IAG-C3784958_Report.docx,2021-09-06
1502000,0016,1502000.0016,\\ttgroup.local\corporate\Auckland\Projects\1502000\1502000.0016\IssuedDocuments\T+T_2021-AA-P034077276_Report V2.docx,2021-10-13
1502000,0017,1502000.0017,\\ttgroup.local\corporate\Auckland\Projects\1502000\1502000.0017\IssuedDocuments\T&T_2021 - IAG - 510 Evans Bay Pde-Report.docx,2021-09-01
1502000,0018,1502000.0018,\\ttgroup.local\corporate\Auckland\Projects\1502000\1502000.0018\IssuedDocuments\Final report\T+T_Final report_21 Ladbrooke Drive.docx,2021-08-23
1502000,0019,1502000.0019,\\ttgroup.local\corporate\Auckland\Projects\1502000\1502000.0019\IssuedDocuments\T+T_2021-IAG-0610473_Final Report.docx,2021-09-01
1502000,0020,1502000.0020,\\ttgroup.local\corporate\Auckland\Projects\1502000\1502000.0020\IssuedDocuments\T+T_2021_IAG-C3781758_Report.docx,2021-09-10
1502000,0021,1502000.0021,\\ttgroup.local\corporate\Auckland\Projects\1502000\1502000.0021\IssuedDocuments\Final\T+T_2021_IAG-C3781343_Report.docx,2021-09-09
1502000,0022,1502000.0022,\\ttgroup.local\corporate\Auckland\Projects\1502000\1502000.0022\IssuedDocuments\T+T_2021-IAG-3782384_Final Report V2.docx,2021-12-09
1502000,0023,1502000.0023,\\ttgroup.local\corporate\Auckland\Projects\1502000\1502000.0023\IssuedDocuments\T&T_2021-IAG-C3782562_Report.docx,2021-09-19
1502000,0024,1502000.0024,\\ttgroup.local\corporate\Auckland\Projects\1502000\1502000.0024\IssuedDocuments\Final Report\T+T_2021_IAG-C3782735_Report.docx,2021-10-10
1502000,0026,1502000.0026,\\ttgroup.local\corporate\Auckland\Projects\1502000\1502000.0026\IssuedDocuments\T+T_2021-IAG-C0616083_Final Report.docx,2021-09-09
1502000,0027,1502000.0027,\\ttgroup.local\corporate\Auckland\Projects\1502000\1502000.0027\IssuedDocuments\V3\T+T_2021-IAG-C0616144_Final Report V3.docx,2023-01-26
1502000,0029,1502000.0029,\\ttgroup.local\corporate\Auckland\Projects\1502000\1502000.0029\IssuedDocuments\Final Report\T+T-2021-IAG-C3786708_Final Report.docx,2021-09-07
1502000,0030,1502000.0030,\\ttgroup.local\corporate\Auckland\Projects\1502000\1502000.0030\IssuedDocuments\T+T_2021-IAG-C3783937_Report V3.docx,2021-09-24
1502000,0031,1502000.0031,\\ttgroup.local\corporate\Auckland\Projects\1502000\1502000.0031\IssuedDocuments\T+T_2021-IAG-7972724_Final Report.docx,2021-09-07
1502000,0033,1502000.0033,\\ttgroup.local\corporate\Auckland\Projects\1502000\1502000.0033\IssuedDocuments\Extra Request Dec 2023\Final Report\T+T_2023_AMI-C3780975_Report.docx,2024-02-12
1502000,0034,1502000.0034,\\ttgroup.local\corporate\Auckland\Projects\1502000\1502000.0034\IssuedDocuments\Final report\T+T_Report_387 Karaka Bay Road.docx,2021-09-28
1502000,0035,1502000.0035,\\ttgroup.local\corporate\Auckland\Projects\1502000\1502000.0035\IssuedDocuments\T&T_2021_IAG-C3789431_Report.docx,2021-10-05
1502000,0036,1502000.0036,\\ttgroup.local\corporate\Auckland\Projects\1502000\1502000.0036\IssuedDocuments\T+T_Report_91 Gordon Street_C3775564.docx,2021-09-06
1502000,0037,1502000.0037,\\ttgroup.local\corporate\Auckland\Projects\1502000\1502000.0037\IssuedDocuments\Final Report\T+T_2021-IAG-C3798282_Final Report.docx,2021-09-21
1502000,0038,1502000.0038,\\ttgroup.local\corporate\Auckland\Projects\1502000\1502000.0038\IssuedDocuments\T+T_2021-IAG -C0616282_Final Report.docx,2021-11-07
1502000,0039,1502000.0039,\\ttgroup.local\corporate\Auckland\Projects\1502000\1502000.0039\IssuedDocuments\Final Report\T+T_IAG_Claim C3793303_Report.docx,2021-09-16
1502000,0040,1502000.0040,\\ttgroup.local\corporate\Auckland\Projects\1502000\1502000.0040\IssuedDocuments\T+T_2021-IAG-C3787107 Report_20211203.docx,2021-12-03
1502000,0042,1502000.0042,\\ttgroup.local\corporate\Auckland\Projects\1502000\1502000.0042\IssuedDocuments\Final Report\T+T_2021-IAG-C3786719_Reportv1.docx,2021-12-16
1502000,0043,1502000.0043,\\ttgroup.local\corporate\Auckland\Projects\1502000\1502000.0043\IssuedDocuments\Final report\T+T_IAG-C3785508_Final Report.docx,2021-10-05
1502000,0044,1502000.0044,\\ttgroup.local\corporate\Auckland\Projects\1502000\1502000.0044\IssuedDocuments\T+T_2021-IAG-C3789567_Report V3.docx,2021-10-14
1502000,0045,1502000.0045,\\ttgroup.local\corporate\Auckland\Projects\1502000\1502000.0045\IssuedDocuments\T+T_2021-Ando-PER-C0120572_Report.docx,2021-09-10
1502000,0046,1502000.0046,\\ttgroup.local\corporate\Auckland\Projects\1502000\1502000.0046\IssuedDocuments\T+T_2021-AMI-C3786947-Report.docx,2021-11-02
1502000,0047,1502000.0047,\\ttgroup.local\corporate\Auckland\Projects\1502000\1502000.0047\IssuedDocuments\T+T_2021-IAG-C3803390_Report.docx,2021-09-20
1502000,0048,1502000.0048,\\ttgroup.local\corporate\Auckland\Projects\1502000\1502000.0048\IssuedDocuments\6A Horoeka Ave - Final Report - C0614060 .docx,2021-11-14
1502000,0049,1502000.0049,\\ttgroup.local\corporate\Auckland\Projects\1502000\1502000.0049\IssuedDocuments\T+T_2021-IAG-C3788919-Final Report.docx,2021-08-24
1502000,0050,1502000.0050,\\ttgroup.local\corporate\Auckland\Projects\1502000\1502000.0050\IssuedDocuments\T+T_2021-AMI-C3794371_Report.docx,2021-08-31
1502000,0051,1502000.0051,\\ttgroup.local\corporate\Auckland\Projects\1502000\1502000.0051\IssuedDocuments\T+T _2021_IAG_C0610197_Report.docx,2021-09-01
1502000,0052,1502000.0052,\\ttgroup.local\corporate\Auckland\Projects\1502000\1502000.0052\IssuedDocuments\Final Report V2\T+T_2021-IAG-C0613488_Final Report V2.docx,2022-12-12
1502000,0053,1502000.0053,\\ttgroup.local\corporate\Auckland\Projects\1502000\1502000.0053\IssuedDocuments\Final report\T+T_Final Report_Unit 3_3A Clementine Way.docx,2021-11-15
1502000,0054,1502000.0054,\\ttgroup.local\corporate\Auckland\Projects\1502000\1502000.0054\IssuedDocuments\T+T_2021-IAG-C3789253-Final Report.docx,2021-08-24
1502000,0055,1502000.0055,\\ttgroup.local\corporate\Auckland\Projects\1502000\1502000.0055\IssuedDocuments\Final Report\T+T_2021-IAG-C3797660_Report.docx,2021-12-08
1502000,0056,1502000.0056,\\ttgroup.local\corporate\Auckland\Projects\1502000\1502000.0056\IssuedDocuments\Final version\T+T_2021-IAG-C3785302_Final Report.docx,2021-10-22
1502000,0058,1502000.0058,\\ttgroup.local\corporate\Auckland\Projects\1502000\1502000.0058\IssuedDocuments\Final report\T+T_Fina Report_66 Old Porirua Road.docx,2021-09-01
1502000,0060,1502000.0060,\\ttgroup.local\corporate\Auckland\Projects\1502000\1502000.0060\IssuedDocuments\Final Report\T+T_IAG-C3804810-Report.docx,2021-11-30
1502000,0062,1502000.0062,\\ttgroup.local\corporate\Auckland\Projects\1502000\1502000.0062\IssuedDocuments\T&T-2021-IAG-C0614887_Report.docx,2021-11-01
1502000,0063,1502000.0063,\\ttgroup.local\corporate\Auckland\Projects\1502000\1502000.0063\IssuedDocuments\Final Report\T+T_2021-IAG-C3791120_Report.docx,2021-09-28
1502000,0064,1502000.0064,\\ttgroup.local\corporate\Auckland\Projects\1502000\1502000.0064\IssuedDocuments\T+T_2021-IAG-PER-C0119327-Report.docx,2021-11-02
1502000,0065,1502000.0065,\\ttgroup.local\corporate\Auckland\Projects\1502000\1502000.0065\IssuedDocuments\T+T_2021-IAG-C0616130_Report.docx,2021-10-26
1502000,0066,1502000.0066,\\ttgroup.local\corporate\Auckland\Projects\1502000\1502000.0066\IssuedDocuments\Final Report Rev 2\T+T_2021-IAG-C0616572_Final Report_Rev 2.docx,2024-11-10
1502000,0067,1502000.0067,\\ttgroup.local\corporate\Auckland\Projects\1502000\1502000.0067\IssuedDocuments\Final Report\T+T_2021-IAG-C0613406_Final Report.docx,2021-11-14
1502000,0068,1502000.0068,\\ttgroup.local\corporate\Auckland\Projects\1502000\1502000.0068\IssuedDocuments\Final Report\T+T_2021-IAG-C0615067_Report V1.docx,2021-11-30
1502000,0069,1502000.0069,\\ttgroup.local\corporate\Auckland\Projects\1502000\1502000.0069\IssuedDocuments\Final Report\T+T_2021-IAG-7975894_Report.docx,2021-10-29
1502000,0070,1502000.0070,\\ttgroup.local\corporate\Auckland\Projects\1502000\1502000.0070\IssuedDocuments\T&T-2021-IAG-C3786750-Report.docx,2021-10-19
1502000,0071,1502000.0071,\\ttgroup.local\corporate\Auckland\Projects\1502000\1502000.0071\IssuedDocuments\Final Report\T+T_2021-IAG-80023108_Report.docx,2023-02-16
1502000,0072,1502000.0072,\\ttgroup.local\corporate\Auckland\Projects\1502000\1502000.0072\IssuedDocuments\T+T_2021-IAG-C0610014_Report.docx,2021-12-15
1502000,0073,1502000.0073,\\ttgroup.local\corporate\Auckland\Projects\1502000\1502000.0073\IssuedDocuments\Final Report V4\T+T_2021_EQC-2023-000170_Final Report V4.docx,2023-11-08
1502000,0075,1502000.0075,\\ttgroup.local\corporate\Auckland\Projects\1502000\1502000.0075\IssuedDocuments\Final Report\T+T _2021-IAG-C0613414-Report.docx,2021-11-19
1502000,0076,1502000.0076,\\ttgroup.local\corporate\Auckland\Projects\1502000\1502000.0076\IssuedDocuments\Draft report\T+T_2021-IAG-C3788998_Draft report_V2.docx,2021-09-28
1502000,0077,1502000.0077,\\ttgroup.local\corporate\Auckland\Projects\1502000\1502000.0077\IssuedDocuments\T+T_2021-IAG-C3783545_Report - V2.docx,2022-04-17
1502000,0078,1502000.0078,\\ttgroup.local\corporate\Auckland\Projects\1502000\1502000.0078\IssuedDocuments\T+T_2021_IAG-C0614874 EQC L_Report V2.docx,2022-02-07
1502000,0079,1502000.0079,\\ttgroup.local\corporate\Auckland\Projects\1502000\1502000.0079\IssuedDocuments\T+T-IAG-C3799818-Report.docx,2022-01-17
1502000,0080,1502000.0080,\\ttgroup.local\corporate\Auckland\Projects\1502000\1502000.0080\IssuedDocuments\T+T_IAG_2021-C3786941_Report.docx,2021-09-29
1502000,0081,1502000.0081,\\ttgroup.local\corporate\Auckland\Projects\1502000\1502000.0081\IssuedDocuments\Final\T+T_2021-IAG-C0612913_Report.docx,2022-01-17
1502000,0082,1502000.0082,\\ttgroup.local\corporate\Auckland\Projects\1502000\1502000.0082\IssuedDocuments\Final\v2\T+T-IAG-2022-C3785132_Report.docx,2022-03-21
1502000,0083,1502000.0083,\\ttgroup.local\corporate\Auckland\Projects\1502000\1502000.0083\IssuedDocuments\Final Report V2\T+T_2021-IAG-C3785698-Final Report V2.docx,2022-01-13
1502000,0084,1502000.0084,\\ttgroup.local\corporate\Auckland\Projects\1502000\1502000.0084\IssuedDocuments\T+T_2021-IAG-C0614218 EQC_Report.docx,2022-01-17
1502000,0085,1502000.0085,\\ttgroup.local\corporate\Auckland\Projects\1502000\1502000.0085\IssuedDocuments\1502000.0085_13 Birman Close_T+T Inspection & Assessment Report.docx,2021-12-13
1502000,0086,1502000.0086,\\ttgroup.local\corporate\Auckland\Projects\1502000\1502000.0086\IssuedDocuments\T+T_2021-IAG-3795901_ Report.docx,2021-10-24
1502000,0087,1502000.0087,\\ttgroup.local\corporate\Auckland\Projects\1502000\1502000.0087\IssuedDocuments\Final\T+T_2021-IAG-C3820016-Report.docx,2021-11-12
1502000,0088,1502000.0088,\\ttgroup.local\corporate\Auckland\Projects\1502000\1502000.0088\IssuedDocuments\T+T_2021-IAG -C3794255_Final Reportv2.docx,2022-02-21
1502000,0089,1502000.0089,\\ttgroup.local\corporate\Auckland\Projects\1502000\1502000.0089\IssuedDocuments\Final Report\T+T_2021-IAG-C0605962_Final Report.docx,2021-11-15
1502000,0091,1502000.0091,\\ttgroup.local\corporate\Auckland\Projects\1502000\1502000.0091\IssuedDocuments\Final Report\T+T_2021-IAG-C0622090_Report.docx,2021-11-03
1502000,0092,1502000.0092,\\ttgroup.local\corporate\Auckland\Projects\1502000\1502000.0092\IssuedDocuments\1502000.0092_909 East Coast Road_T+T Inspection & Assessment Report.docx,2022-02-23
1502000,0093,1502000.0093,\\ttgroup.local\corporate\Auckland\Projects\1502000\1502000.0093\IssuedDocuments\T+T_2021-IAG-C3822493_Report.docx,2021-10-04
1502000,0094,1502000.0094,\\ttgroup.local\corporate\Auckland\Projects\1502000\1502000.0094\IssuedDocuments\T+T_IAG - C0629961_Report.docx,2021-11-20
1502000,0095,1502000.0095,\\ttgroup.local\corporate\Auckland\Projects\1502000\1502000.0095\IssuedDocuments\Final Report\T+T_2021-AIG-C3822757_Report.docx,2022-05-01
1502000,0097,1502000.0097,\\ttgroup.local\corporate\Auckland\Projects\1502000\1502000.0097\IssuedDocuments\T+T_2021-IAG-C0616690_Report.docx,2021-10-29
1502000,0098,1502000.0098,\\ttgroup.local\corporate\Auckland\Projects\1502000\1502000.0098\IssuedDocuments\Final Report\T+T_2021-IAG-C3817959_Report.docx,2021-12-09
1502000,0099,1502000.0099,\\ttgroup.local\corporate\Auckland\Projects\1502000\1502000.0099\IssuedDocuments\Final Report\T+T_2021-IAG-C3813418_Report.docx,2021-11-07
1502000,0100,1502000.0100,\\ttgroup.local\corporate\Auckland\Projects\1502000\1502000.0100\IssuedDocuments\T+T_2021-IAG-C3805920_Report.docx,2021-10-13
1502000,0101,1502000.0101,\\ttgroup.local\corporate\Auckland\Projects\1502000\1502000.0101\IssuedDocuments\T+T_2021-IAG -C3813998_ Draft Report.docx,2021-10-27
1502000,0102,1502000.0102,\\ttgroup.local\corporate\Auckland\Projects\1502000\1502000.0102\IssuedDocuments\Final Report\T+T_2021-IAG-C0616637-Report.docx,2024-11-18
1502000,0103,1502000.0103,\\ttgroup.local\corporate\Auckland\Projects\1502000\1502000.0103\IssuedDocuments\T+T_2021_IAG-C0615377_Report.docx,2021-10-21
1502000,0104,1502000.0104,\\ttgroup.local\corporate\Auckland\Projects\1502000\1502000.0104\IssuedDocuments\T+T_2021-IAG-C0620002_Report.docx,2021-11-08
1502000,0105,1502000.0105,\\ttgroup.local\corporate\Auckland\Projects\1502000\1502000.0105\IssuedDocuments\Final\T+T_2021-IAG-80023079_Report_Rev 1.docx,2022-02-16
1502000,0106,1502000.0106,\\ttgroup.local\corporate\Auckland\Projects\1502000\1502000.0106\IssuedDocuments\Final Report\T+T_2022-IAG-C0624676_Final Report.docx,2022-02-14
1502000,0108,1502000.0108,\\ttgroup.local\corporate\Auckland\Projects\1502000\1502000.0108\IssuedDocuments\T+T_IAG-C0625129-Report.docx,2021-11-18
1502000,0109,1502000.0109,\\ttgroup.local\corporate\Auckland\Projects\1502000\1502000.0109\IssuedDocuments\T+T-2021-IAG-C0629976-Final Report.docx,2021-12-03
1502000,0110,1502000.0110,\\ttgroup.local\corporate\Auckland\Projects\1502000\1502000.0110\IssuedDocuments\Final Report\T+T-2021-IAG-C0624341-Report.docx,2021-12-23
1502000,0111,1502000.0111,\\ttgroup.local\corporate\Auckland\Projects\1502000\1502000.0111\IssuedDocuments\T+T_2021-IAG-C0622854_FINAL.Report.docx,2021-11-02
1502000,0112,1502000.0112,\\ttgroup.local\corporate\Auckland\Projects\1502000\1502000.0112\IssuedDocuments\Final Report\T+T_2021-AIG-366 Wairere_Final Report.docx,2021-12-15
1502000,0113,1502000.0113,\\ttgroup.local\corporate\Auckland\Projects\1502000\1502000.0113\IssuedDocuments\T+T_2021-IAG-C3822696_Final Report.docx,2021-11-29
1502000,0114,1502000.0114,\\ttgroup.local\corporate\Auckland\Projects\1502000\1502000.0114\IssuedDocuments\T+T_2021-IAG-C0629896_Report.docx,2022-01-11
1502000,0115,1502000.0115,\\ttgroup.local\corporate\Auckland\Projects\1502000\1502000.0115\IssuedDocuments\Final Report\T+T_2021-IAG-C3831544_Report.docx,2021-11-05
1502000,0117,1502000.0117,\\ttgroup.local\corporate\Auckland\Projects\1502000\1502000.0117\IssuedDocuments\Final report\T&T_2021-IAG-C3790368-Report.docx,2021-11-22
1502000,0118,1502000.0118,\\ttgroup.local\corporate\Auckland\Projects\1502000\1502000.0118\IssuedDocuments\T+T_IAG-C0628633_Report_230222.docx,2022-02-24
1502000,0119,1502000.0119,\\ttgroup.local\corporate\Auckland\Projects\1502000\1502000.0119\IssuedDocuments\T&T_2021-C0630996_Final Report.docx,2021-12-16
1502000,0120,1502000.0120,\\ttgroup.local\corporate\Auckland\Projects\1502000\1502000.0120\IssuedDocuments\Final\T+T_2021-IAG-7983728_Report.docx,2021-11-15
1502000,0121,1502000.0121,\\ttgroup.local\corporate\Auckland\Projects\1502000\1502000.0121\IssuedDocuments\T+T_2021-IAG-L7983352_Final Report.docx,2021-12-21
1502000,0122,1502000.0122,\\ttgroup.local\corporate\Auckland\Projects\1502000\1502000.0122\IssuedDocuments\New folder\T&T_2021-IAG-3798700_Final Report.docx,2021-12-01
1502000,0123,1502000.0123,\\ttgroup.local\corporate\Auckland\Projects\1502000\1502000.0123\IssuedDocuments\Final report\T+T_2021-IAG-C3839521_Report.docx,2021-11-29
1502000,0124,1502000.0124,\\ttgroup.local\corporate\Auckland\Projects\1502000\1502000.0124\IssuedDocuments\20211115_Final report\T+T_2021-IAG-C382012_Final Report.docx,2021-11-15
1502000,0125,1502000.0125,\\ttgroup.local\corporate\Auckland\Projects\1502000\1502000.0125\IssuedDocuments\1502000.0125_5 Maraetai Heights Road_T+T Inspection & Recommendations Report.docx,2021-12-02
1502000,0126,1502000.0126,\\ttgroup.local\corporate\Auckland\Projects\1502000\1502000.0126\IssuedDocuments\Extra Request July 2024\Final Report\T+T_2023_IAG-LandC387953-BuildingC3968163_Report.docx,2024-10-23
1502000,0127,1502000.0127,\\ttgroup.local\corporate\Auckland\Projects\1502000\1502000.0127\IssuedDocuments\Draft Final\T+T_2021-IAG-7983755-Final Report.docx,2021-12-12
1502000,0128,1502000.0128,\\ttgroup.local\corporate\Auckland\Projects\1502000\1502000.0128\IssuedDocuments\T+T_2021_IAG-C3820098_Final Report.docx,2021-12-07
1502000,0129,1502000.0129,\\ttgroup.local\corporate\Auckland\Projects\1502000\1502000.0129\IssuedDocuments\Final Report\T+T_2021-IAG-C3814318_Report.docx,2021-12-16
1502000,0130,1502000.0130,\\ttgroup.local\corporate\Auckland\Projects\1502000\1502000.0130\IssuedDocuments\T+T_2021-IAG-C0619271-Report.docx,2021-11-18
1502000,0132,1502000.0132,\\ttgroup.local\corporate\Auckland\Projects\1502000\1502000.0132\IssuedDocuments\T+T_2021-Sedgwick-C3828728_Final Report.docx,2021-12-19
1502000,0133,1502000.0133,\\ttgroup.local\corporate\Auckland\Projects\1502000\1502000.0133\IssuedDocuments\T+T-2021-IAG-C0631412-Final Report V3.docx,2022-03-09
1502000,0134,1502000.0134,\\ttgroup.local\corporate\Auckland\Projects\1502000\1502000.0134\IssuedDocuments\T+T_2021-IAG-C3832787_Report.docx,2021-12-07
1502000,0135,1502000.0135,\\ttgroup.local\corporate\Auckland\Projects\1502000\1502000.0135\IssuedDocuments\T+T_2021_IAG_C3823459_Final Report.docx,2021-12-16
1502000,0136,1502000.0136,\\ttgroup.local\corporate\Auckland\Projects\1502000\1502000.0136\IssuedDocuments\T+T-2021-IAG-C0628914-Report.docx,2022-01-27
1502000,0137,1502000.0137,\\ttgroup.local\corporate\Auckland\Projects\1502000\1502000.0137\IssuedDocuments\T&T-IAG-C0639166-Report.docx,2022-01-14
1502000,0139,1502000.0139,\\ttgroup.local\corporate\Auckland\Projects\1502000\1502000.0139\IssuedDocuments\Final Report\T+T_2021-IAG-C3853229_Final Report.docx,2021-12-13
1502000,0140,1502000.0140,\\ttgroup.local\corporate\Auckland\Projects\1502000\1502000.0140\IssuedDocuments\T+T_2021_IAG - C0636751_Report.docx,2022-01-25
1502000,0142,1502000.0142,\\ttgroup.local\corporate\Auckland\Projects\1502000\1502000.0142\IssuedDocuments\T+T_2021-IAG-C0642359_Report.docx,2022-01-20
1502000,0143,1502000.0143,\\ttgroup.local\corporate\Auckland\Projects\1502000\1502000.0143\IssuedDocuments\T+T 2021 - IAG C0634328 - Report.docx,2022-01-11
1502000,0144,1502000.0144,\\ttgroup.local\corporate\Auckland\Projects\1502000\1502000.0144\IssuedDocuments\Final Report\T+T_2021-IAG-C3814260_Report.docx,2021-12-16
1502000,0145,1502000.0145,\\ttgroup.local\corporate\Auckland\Projects\1502000\1502000.0145\IssuedDocuments\Final Report\T+T_2021-IAG-C3824595_Report.docx,2021-12-22
1502000,0146,1502000.0146,\\ttgroup.local\corporate\Auckland\Projects\1502000\1502000.0146\IssuedDocuments\T+T_2021-C0638426-Report - Copy.docx,2022-01-11
1502000,0147,1502000.0147,\\ttgroup.local\corporate\Auckland\Projects\1502000\1502000.0147\IssuedDocuments\T+T-IAG-2021-C3841066-Final_Report.docx,2022-02-03
1502000,0148,1502000.0148,\\ttgroup.local\corporate\Auckland\Projects\1502000\1502000.0148\IssuedDocuments\T+T-2021-IAG-C0629097_Report.docx,2021-12-15
1502000,0149,1502000.0149,\\ttgroup.local\corporate\Auckland\Projects\1502000\1502000.0149\IssuedDocuments\T+T-2021-IAG-EQC-7983268- Final Report V3.docx,2023-12-13
1502000,0150,1502000.0150,\\ttgroup.local\corporate\Auckland\Projects\1502000\1502000.0150\IssuedDocuments\Final Report\T+T_2021_IAG-C3872320_Report_V2.docx,2022-04-12
1502000,0151,1502000.0151,\\ttgroup.local\corporate\Auckland\Projects\1502000\1502000.0151\IssuedDocuments\T+T_2021- IAG-C3866120_Report.docx,2022-02-09
1502000,0152,1502000.0152,\\ttgroup.local\corporate\Auckland\Projects\1502000\1502000.0152\IssuedDocuments\Final Report\T+T_2021-C3866646_Report_V2.docx,2022-03-11
1502000,0153,1502000.0153,\\ttgroup.local\corporate\Auckland\Projects\1502000\1502000.0153\IssuedDocuments\Final Report\T+T_2021_IAG-C0651264_Report.docx,2021-12-17
1502000,0154,1502000.0154,\\ttgroup.local\corporate\Auckland\Projects\1502000\1502000.0154\IssuedDocuments\T+T_2021-IAG-C3867425_Report_v2.docx,2022-01-26
1502000,0155,1502000.0155,\\ttgroup.local\corporate\Auckland\Projects\1502000\1502000.0155\IssuedDocuments\Final report\T+T_2021_IAG-C3868794_Report_v2.docx,2022-02-23
1502000,0156,1502000.0156,\\ttgroup.local\corporate\Auckland\Projects\1502000\1502000.0156\IssuedDocuments\T+T_2021-IAG-C0650725_Report.docx,2022-03-02
1502000,0157,1502000.0157,\\ttgroup.local\corporate\Auckland\Projects\1502000\1502000.0157\IssuedDocuments\T+T_2021-IAG-C3863260_Report.docx,2022-01-13
1502000,0158,1502000.0158,\\ttgroup.local\corporate\Auckland\Projects\1502000\1502000.0158\IssuedDocuments\T+T-2022-IAG-C3856556-Report.docx,2022-02-14
1502000,0159,1502000.0159,\\ttgroup.local\corporate\Auckland\Projects\1502000\1502000.0159\IssuedDocuments\T+T-IAG-C3858402_Report.docx,2022-01-11
1502000,0160,1502000.0160,\\ttgroup.local\corporate\Auckland\Projects\1502000\1502000.0160\IssuedDocuments\T+T-IAG-2022-C3820386-Report.docx,2022-01-27
1502000,0161,1502000.0161,\\ttgroup.local\corporate\Auckland\Projects\1502000\1502000.0161\IssuedDocuments\FInal V2\T+T_2022-AMI-C3819621-FInal ReportV2.docx,2022-05-16
1502000,0162,1502000.0162,\\ttgroup.local\corporate\Auckland\Projects\1502000\1502000.0162\IssuedDocuments\Final report\T+T_2021_IAG-3848214_Report.docx,2021-12-14
1502000,0163,1502000.0163,\\ttgroup.local\corporate\Auckland\Projects\1502000\1502000.0163\IssuedDocuments\Final\T+T_2022_IAG_C0655908-Final Report.docx,2022-02-01
1502000,0164,1502000.0164,\\ttgroup.local\corporate\Auckland\Projects\1502000\1502000.0164\IssuedDocuments\Final Report\T+T-2021-IAG-C0650103-Final Report.docx,2022-02-01
1502000,0165,1502000.0165,\\ttgroup.local\corporate\Auckland\Projects\1502000\1502000.0165\IssuedDocuments\Final Report\T+T_2021_IAG-C3875347_Final Report.doc.docx,2022-06-16
1502000,0166,1502000.0166,\\ttgroup.local\corporate\Auckland\Projects\1502000\1502000.0166\IssuedDocuments\final report\revised with wall measurements\T+T_2021_IAG-C0654346_Report.docx,2022-01-28
1502000,0167,1502000.0167,\\ttgroup.local\corporate\Auckland\Projects\1502000\1502000.0167\IssuedDocuments\Final report\T+T_2021_IAG-C3874855_Report.docx,2022-02-08
1502000,0168,1502000.0168,\\ttgroup.local\corporate\Auckland\Projects\1502000\1502000.0168\IssuedDocuments\Final report V2\T+T-2021_IAG-C0656744_Report_V2.docx,2022-02-08
1502000,0169,1502000.0169,\\ttgroup.local\corporate\Auckland\Projects\1502000\1502000.0169\IssuedDocuments\Final Report Rev3\T+T_2021-AMI-C3876946_Final Report_Rev3.docx,2022-05-19
1502000,0171,1502000.0171,\\ttgroup.local\corporate\Auckland\Projects\1502000\1502000.0171\IssuedDocuments\Final report\T+T_2021-IAG-C0712580_Report_V2.docx,2022-03-30
1502000,0172,1502000.0172,\\ttgroup.local\corporate\Auckland\Projects\1502000\1502000.0172\IssuedDocuments\T+T_2021_7983372_Final Report.docx,2022-03-07
1502000,0173,1502000.0173,\\ttgroup.local\corporate\Auckland\Projects\1502000\1502000.0173\IssuedDocuments\T&T-IAG-2021-C0643688-Report.docx,2022-03-03
1502000,0174,1502000.0174,\\ttgroup.local\corporate\Auckland\Projects\1502000\1502000.0174\IssuedDocuments\T+T_2022-IAG-C0629992 - Final Report.docx,2022-03-03
1502000,0175,1502000.0175,\\ttgroup.local\corporate\Auckland\Projects\1502000\1502000.0175\IssuedDocuments\T+T_2021_IAG_C0630729_Report.docx,2022-02-24
1502000,0176,1502000.0176,\\ttgroup.local\corporate\Auckland\Projects\1502000\1502000.0176\IssuedDocuments\T&T_IAG_2022_C3828500_Final Report.docx,2022-02-13
1502000,0177,1502000.0177,\\ttgroup.local\corporate\Auckland\Projects\1502000\1502000.0177\IssuedDocuments\T+T_2021_C0642739_Final Report.docx,2022-03-07
1502000,0178,1502000.0178,\\ttgroup.local\corporate\Auckland\Projects\1502000\1502000.0178\IssuedDocuments\T+T-2021-C3822595-Report.docx,2022-02-14
1502000,0179,1502000.0179,\\ttgroup.local\corporate\Auckland\Projects\1502000\1502000.0179\IssuedDocuments\Final Report\T+T_2022-IAG-C0655628_Final Report.docx,2022-03-03
1502000,0180,1502000.0180,\\ttgroup.local\corporate\Auckland\Projects\1502000\1502000.0180\IssuedDocuments\T+T-2022-IAG-C3864155-Final Report.docx,2022-02-18
1502000,0181,1502000.0181,\\ttgroup.local\corporate\Auckland\Projects\1502000\1502000.0181\IssuedDocuments\Final Report\T+T_2021-IAG-C0662323_Report.docx,2022-01-26
1502000,0182,1502000.0182,\\ttgroup.local\corporate\Auckland\Projects\1502000\1502000.0182\IssuedDocuments\Final report\T+T_2021_IAG-C39002_Report_Final.docx,2022-01-16
1502000,0183,1502000.0183,\\ttgroup.local\corporate\Auckland\Projects\1502000\1502000.0183\IssuedDocuments\Draft report\T+T_2021_IAG-C0663312_Draft report.docx,2022-02-01
1502000,0184,1502000.0184,\\ttgroup.local\corporate\Auckland\Projects\1502000\1502000.0184\IssuedDocuments\1502000.0184_15 Tiffany Close_T+T Inspection & Assessment Report.docx,2022-02-01
1502000,0185,1502000.0185,\\ttgroup.local\corporate\Auckland\Projects\1502000\1502000.0185\IssuedDocuments\Amendment\T+T_2022-IAG-C3902202_Final_Report_v2.docx,2022-04-13
1502000,0186,1502000.0186,\\ttgroup.local\corporate\Auckland\Projects\1502000\1502000.0186\IssuedDocuments\1502000.0186_144 Ridge Road_T+T Inspection & Assessment Report.docx,2022-02-03
1502000,0187,1502000.0187,\\ttgroup.local\corporate\Auckland\Projects\1502000\1502000.0187\IssuedDocuments\Final\T+T_2022_IAG_C0658479_Final Report.docx,2022-03-11
1502000,0188,1502000.0188,\\ttgroup.local\corporate\Auckland\Projects\1502000\1502000.0188\IssuedDocuments\T+T_2022_IAG_C3822916-Final Report.docx,2022-03-03
1502000,0189,1502000.0189,\\ttgroup.local\corporate\Auckland\Projects\1502000\1502000.0189\IssuedDocuments\Final\T+T_2022_IAG_7981795-Final Report.docx,2022-02-18
1502000,0190,1502000.0190,\\ttgroup.local\corporate\Auckland\Projects\1502000\1502000.0190\IssuedDocuments\FINAL\Final V2 updated claim no\T+T_2022-IAG-C3987737_Final ReportV2.docx,2022-05-12
1502000,0191,1502000.0191,\\ttgroup.local\corporate\Auckland\Projects\1502000\1502000.0191\IssuedDocuments\Final Report\T+T -2022-IAG-C0666768-Final Report.docx,2022-07-18
1502000,0193,1502000.0193,\\ttgroup.local\corporate\Auckland\Projects\1502000\1502000.0193\IssuedDocuments\Final\T+T_2022_IAG_8000364_Report.docx,2022-02-17
1502000,0194,1502000.0194,\\ttgroup.local\corporate\Auckland\Projects\1502000\1502000.0194\IssuedDocuments\Draft\T+T_2022-IAG-C3905923_Draft Report V2.docx,2022-03-08
1502000,0196,1502000.0196,\\ttgroup.local\corporate\Auckland\Projects\1502000\1502000.0196\IssuedDocuments\1502000.0196_7 Melissa Place_T+T Inspection & Assessment Report.docx,2022-02-08
1502000,0197,1502000.0197,\\ttgroup.local\corporate\Auckland\Projects\1502000\1502000.0197\IssuedDocuments\Final\T&T-IAG -C3882228L-Report.docx,2022-03-23
1502000,0198,1502000.0198,\\ttgroup.local\corporate\Auckland\Projects\1502000\1502000.0198\IssuedDocuments\T+T_2021-IAG-C0619894_Report.docx,2022-03-18
1502000,0199,1502000.0199,\\ttgroup.local\corporate\Auckland\Projects\1502000\1502000.0199\IssuedDocuments\T+T-2022-IAG-C3828495-Final Report.docx,2022-03-02
1502000,0201,1502000.0201,\\ttgroup.local\corporate\Auckland\Projects\1502000\1502000.0201\IssuedDocuments\Final\T+T_2022-IAG-C3912347_Report.docx,2022-02-08
1502000,0202,1502000.0202,\\ttgroup.local\corporate\Auckland\Projects\1502000\1502000.0202\IssuedDocuments\Final\T+T_2022_IAG_C3912086_Report.docx,2022-02-09
1502000,0203,1502000.0203,\\ttgroup.local\corporate\Auckland\Projects\1502000\1502000.0203\IssuedDocuments\Final Report\T+T_2022-IAG-C3904111_Final Report.docx,2022-02-07
1502000,0205,1502000.0205,\\ttgroup.local\corporate\Auckland\Projects\1502000\1502000.0205\IssuedDocuments\Final\T+T-2022 - IAG - C0670250 - Report.docx,2022-03-23
1502000,0208,1502000.0208,\\ttgroup.local\corporate\Auckland\Projects\1502000\1502000.0208\IssuedDocuments\Draft Report\T+T_2022_IAG_C3907839_Draft Report.docx,2022-03-09
1502000,0209,1502000.0209,\\ttgroup.local\corporate\Auckland\Projects\1502000\1502000.0209\IssuedDocuments\Final Report\T+T_2021-AndoIG-AL058641_Report.docx,2022-04-08
1502000,0210,1502000.0210,\\ttgroup.local\corporate\Auckland\Projects\1502000\1502000.0210\IssuedDocuments\Final Report\T+T_2021-IAG-C0662173_Report .docx,2022-04-06
1502000,0212,1502000.0212,\\ttgroup.local\corporate\Auckland\Projects\1502000\1502000.0212\IssuedDocuments\Final\T+T_2021-IAG-C0650648_Report.docx,2022-03-18
1502000,0214,1502000.0214,\\ttgroup.local\corporate\Auckland\Projects\1502000\1502000.0214\IssuedDocuments\T+T-2022-IAG-C3822555-Report.docx,2022-02-14
1502000,0215,1502000.0215,\\ttgroup.local\corporate\Auckland\Projects\1502000\1502000.0215\IssuedDocuments\Final Report\T+T_2022-IAG-C3931132_Report.docx,2022-02-10
1502000,0216,1502000.0216,\\ttgroup.local\corporate\Auckland\Projects\1502000\1502000.0216\IssuedDocuments\Final Report\T+T_2022-IAG-C0674400_Report.docx,2022-03-08
1502000,0217,1502000.0217,\\ttgroup.local\corporate\Auckland\Projects\1502000\1502000.0217\IssuedDocuments\Final report\T+T_2022_IAG-C3909037_Report.docx,2022-02-10
1502000,0218,1502000.0218,\\ttgroup.local\corporate\Auckland\Projects\1502000\1502000.0218\IssuedDocuments\T+T_2022-IAG-7989660_Report.docx,2022-05-23
1502000,0219,1502000.0219,\\ttgroup.local\corporate\Auckland\Projects\1502000\1502000.0219\IssuedDocuments\Final report\T+T_2022_IAG-C0680329_Report.docx,2022-02-22
1502000,0220,1502000.0220,\\ttgroup.local\corporate\Auckland\Projects\1502000\1502000.0220\IssuedDocuments\Final Report\T+T_2021_AMI_C3955827-Final Report.docx,2022-03-24
1502000,0221,1502000.0221,\\ttgroup.local\corporate\Auckland\Projects\1502000\1502000.0221\IssuedDocuments\Final Report\T+T_2021-IAG-C0638318_ Report.docx,2023-09-08
1502000,0223,1502000.0223,\\ttgroup.local\corporate\Auckland\Projects\1502000\1502000.0223\IssuedDocuments\T+T-2022-IAG-C3914161-Report.docx,2022-03-25
1502000,0224,1502000.0224,\\ttgroup.local\corporate\Auckland\Projects\1502000\1502000.0224\IssuedDocuments\Final Report\T+T-IAG-2021-C3966010_Report Rev 1.docx,2022-05-12
1502000,0226,1502000.0226,\\ttgroup.local\corporate\Auckland\Projects\1502000\1502000.0226\IssuedDocuments\Final\T+T_IAG_2022_C3969598_Report.docx,2022-04-20
1502000,0227,1502000.0227,\\ttgroup.local\corporate\Auckland\Projects\1502000\1502000.0227\IssuedDocuments\Final Report\T+T_2022-IAG-C3958422_Report.docx,2022-03-28
1502000,0229,1502000.0229,\\ttgroup.local\corporate\Auckland\Projects\1502000\1502000.0229\IssuedDocuments\T+T_2022-IAG-C3917043_Preliminary Report.docx,2022-02-24
1502000,0230,1502000.0230,\\ttgroup.local\corporate\Auckland\Projects\1502000\1502000.0230\IssuedDocuments\Final\FInal report (V3)\T+T_2022_IAG_C3967257_Final Report (V3).docx,2022-08-14
1502000,0231,1502000.0231,\\ttgroup.local\corporate\Auckland\Projects\1502000\1502000.0231\IssuedDocuments\Final Report\T+T_2022-IAG_C3966167_Report Rev 1.docx,2022-12-01
1502000,0232,1502000.0232,\\ttgroup.local\corporate\Auckland\Projects\1502000\1502000.0232\IssuedDocuments\T&T-2022-IAG-C3966558-Report.docx,2022-03-31
1502000,0235,1502000.0235,\\ttgroup.local\corporate\Auckland\Projects\1502000\1502000.0235\IssuedDocuments\Final Report\T+T_2022_IAG_C3976470_Report.docx,2022-05-06
1502000,0236,1502000.0236,\\ttgroup.local\corporate\Auckland\Projects\1502000\1502000.0236\IssuedDocuments\Final Report_V4\T+T_2022-IAG-C8014004_Report Rev4.docx,2023-06-08
1502000,0237,1502000.0237,\\ttgroup.local\corporate\Auckland\Projects\1502000\1502000.0237\IssuedDocuments\Draft Report\T+T_2022_IAG_C3965985_Draft Report.docx,2022-04-11
1502000,0238,1502000.0238,\\ttgroup.local\corporate\Auckland\Projects\1502000\1502000.0238\IssuedDocuments\Final\T+T_2021_IAG_C3854921_Report.docx,2022-07-27
1502000,0240,1502000.0240,\\ttgroup.local\corporate\Auckland\Projects\1502000\1502000.0240\IssuedDocuments\Draft\T+T_2022-IAG-C3966392_Draft Report Rev 2.docx,2022-05-17
1502000,0241,1502000.0241,\\ttgroup.local\corporate\Auckland\Projects\1502000\1502000.0241\IssuedDocuments\Final report\T+T_2022-C3965916_Report Rev 1.docx,2022-04-22
1502000,0242,1502000.0242,\\ttgroup.local\corporate\Auckland\Projects\1502000\1502000.0242\IssuedDocuments\Final\T+T-2022-IAG-C3967963-Report.docx,2022-03-24
1502000,0243,1502000.0243,\\ttgroup.local\corporate\Auckland\Projects\1502000\1502000.0243\IssuedDocuments\Final\T+T_2022-IAG_8014470_Final Report.docx,2022-04-22
1502000,0244,1502000.0244,\\ttgroup.local\corporate\Auckland\Projects\1502000\1502000.0244\IssuedDocuments\T+T_2022_IAG-C0692849_Final Report.docx,2022-03-22
1502000,0245,1502000.0245,\\ttgroup.local\corporate\Auckland\Projects\1502000\1502000.0245\IssuedDocuments\Final Report\T+T_2022_IAG-C3974311_Report.docx,2022-04-18
1502000,0246,1502000.0246,\\ttgroup.local\corporate\Auckland\Projects\1502000\1502000.0246\IssuedDocuments\Final Report\T+T_2022_IAG-C3972003_Report.docx,2022-03-30
1502000,0247,1502000.0247,\\ttgroup.local\corporate\Auckland\Projects\1502000\1502000.0247\IssuedDocuments\Final Report\T+T_2022_IAG-C0714600_Report.docx,2022-03-31
1502000,0249,1502000.0249,\\ttgroup.local\corporate\Auckland\Projects\1502000\1502000.0249\IssuedDocuments\Final Report\T+T_2022-C3966649_Final Report.docx,2022-04-01
1502000,0256,1502000.0256,\\ttgroup.local\corporate\Auckland\Projects\1502000\1502000.0256\IssuedDocuments\Final Report\T+T_2022_IAG-C3893520_Report.docx,2022-04-11
1502000,0257,1502000.0257,\\ttgroup.local\corporate\Auckland\Projects\1502000\1502000.0257\IssuedDocuments\6 Palliser Road - Geotechnical Assessment Final Report.docx,2022-04-20
1502000,0258,1502000.0258,\\ttgroup.local\corporate\Auckland\Projects\1502000\1502000.0258\IssuedDocuments\Final Report\T+T_2022-IAG-C3959861_Report.docx,2022-03-30
1502000,0259,1502000.0259,\\ttgroup.local\corporate\Auckland\Projects\1502000\1502000.0259\IssuedDocuments\Final Report\T+T_2022-IAG-C0700960_Report.docx,2022-04-13
1502000,0260,1502000.0260,\\ttgroup.local\corporate\Auckland\Projects\1502000\1502000.0260\IssuedDocuments\Final\T+T_2022-IAG_C3974368_Final Report_V1.docx,2022-07-04
1502000,0261,1502000.0261,\\ttgroup.local\corporate\Auckland\Projects\1502000\1502000.0261\IssuedDocuments\20220322 Prelim Report\20220322_PrelimReport.docx,2022-03-21
1502000,0265,1502000.0265,\\ttgroup.local\corporate\Auckland\Projects\1502000\1502000.0265\IssuedDocuments\Final Report\T+T_2022_IAG_C3968687_Report.docx,2022-05-05
1502000,0267,1502000.0267,\\ttgroup.local\corporate\Auckland\Projects\1502000\1502000.0267\IssuedDocuments\Final\T+T_2022-IAG-C3396743_Final Report V2.docx,2022-06-15
1502000,0268,1502000.0268,\\ttgroup.local\corporate\Auckland\Projects\1502000\1502000.0268\IssuedDocuments\Final Report V2\T+T_2022-IAG-C0692377_Final Report V2.docx,2022-12-12
1502000,0272,1502000.0272,\\ttgroup.local\corporate\Auckland\Projects\1502000\1502000.0272\IssuedDocuments\Final Report V2\T+T_2022_IAG-C3991544_ReportV2.docx,2022-05-16
1502000,0275,1502000.0275,\\ttgroup.local\corporate\Auckland\Projects\1502000\1502000.0275\IssuedDocuments\Draft Report\T+T_2022_MAS_728010_Report V2.docx,2022-05-20
1502000,0276,1502000.0276,\\ttgroup.local\corporate\Auckland\Projects\1502000\1502000.0276\IssuedDocuments\Final Report\T+T_2022-IAG-C3976303_Report Rev 1.docx,2022-06-27
1502000,0277,1502000.0277,\\ttgroup.local\corporate\Auckland\Projects\1502000\1502000.0277\IssuedDocuments\Final Report\T+T_2022-IAG-C0702317_Report.docx,2022-04-08
1502000,0278,1502000.0278,\\ttgroup.local\corporate\Auckland\Projects\1502000\1502000.0278\IssuedDocuments\Final Report\T+T_2022_IAG-C3995338_Final Report.docx,2022-03-25
1502000,0279,1502000.0279,\\ttgroup.local\corporate\Auckland\Projects\1502000\1502000.0279\IssuedDocuments\Final Report\T+T_2022_IAG-C0689637_Report.docx,2022-04-26
1502000,0280,1502000.0280,\\ttgroup.local\corporate\Auckland\Projects\1502000\1502000.0280\IssuedDocuments\Final Report V2\T+T_2022_IAG_C3967288_Final Report V2.docx,2022-11-08
1502000,0282,1502000.0282,\\ttgroup.local\corporate\Auckland\Projects\1502000\1502000.0282\IssuedDocuments\Final Report\T+T_2022-IAG-C0705180_Final Report.docx,2022-04-13
1502000,0284,1502000.0284,\\ttgroup.local\corporate\Auckland\Projects\1502000\1502000.0284\IssuedDocuments\T+T_2022_IAG-C3990194_Final Report V2.docx,2022-05-23
1502000,0285,1502000.0285,\\ttgroup.local\corporate\Auckland\Projects\1502000\1502000.0285\IssuedDocuments\Final Report\T+T_2022-IAG-8017963_Report.docx,2022-04-08
1502000,0286,1502000.0286,\\ttgroup.local\corporate\Auckland\Projects\1502000\1502000.0286\IssuedDocuments\Final\T+T_2022-IAG-C3969429_Final Report.docx,2022-05-03
1502000,0288,1502000.0288,\\ttgroup.local\corporate\Auckland\Projects\1502000\1502000.0288\IssuedDocuments\Final Report\T+T_2022_IAG-C3987489_Report.docx,2022-04-11
1502000,0289,1502000.0289,\\ttgroup.local\corporate\Auckland\Projects\1502000\1502000.0289\IssuedDocuments\Final\T+T_2022-IAG-C3965682_Final Report.docx,2022-05-11
1502000,0290,1502000.0290,\\ttgroup.local\corporate\Auckland\Projects\1502000\1502000.0290\IssuedDocuments\Final Report\T+T_2021-IAG-C0697372_Report.docx,2022-05-11
1502000,0292,1502000.0292,\\ttgroup.local\corporate\Auckland\Projects\1502000\1502000.0292\IssuedDocuments\Draft\T+T_2022-IAG-C4000882_Draft Report.docx,2022-04-29
1502000,0293,1502000.0293,\\ttgroup.local\corporate\Auckland\Projects\1502000\1502000.0293\IssuedDocuments\Final Report\T+T_2022-IAG-C3996243_Report.docx,2022-05-13
1502000,0296,1502000.0296,\\ttgroup.local\corporate\Auckland\Projects\1502000\1502000.0296\IssuedDocuments\Prelim Report\T+T_2022_IAG_C3995131_Prelim Report.docx,2022-04-11
1502000,0297,1502000.0297,\\ttgroup.local\corporate\Auckland\Projects\1502000\1502000.0297\IssuedDocuments\Final Report 23.5.2025\T+T_2022-IAG-C3992112_Report.docx,2025-05-23
1502000,0298,1502000.0298,\\ttgroup.local\corporate\Auckland\Projects\1502000\1502000.0298\IssuedDocuments\Final Report\T+T_2022_IAG-C4010189_Report.docx,2022-04-12
1502000,0299,1502000.0299,\\ttgroup.local\corporate\Auckland\Projects\1502000\1502000.0299\IssuedDocuments\Final Report\T+T_2022_IAG_8020324 EQC Land_Report.docx,2022-05-06
1502000,0300,1502000.0300,\\ttgroup.local\corporate\Auckland\Projects\1502000\1502000.0300\IssuedDocuments\Final\T+T_2022-IAG-8020321_Final Report.docx,2022-05-03
1502000,0301,1502000.0301,\\ttgroup.local\corporate\Auckland\Projects\1502000\1502000.0301\IssuedDocuments\Final Report V2\T+T_2022-IAG-C0710881-ReportV2.docx,2022-05-16
1502000,0303,1502000.0303,\\ttgroup.local\corporate\Auckland\Projects\1502000\1502000.0303\IssuedDocuments\Final Report V2\T+T_2022_IAG-C4009237_Final_Report_Rev2.docx,2022-08-03
1502000,0304,1502000.0304,\\ttgroup.local\corporate\Auckland\Projects\1502000\1502000.0304\IssuedDocuments\T+T-2022-IAG-C0700599-Final report.docx,2022-05-22
1502000,0305,1502000.0305,\\ttgroup.local\corporate\Auckland\Projects\1502000\1502000.0305\IssuedDocuments\Final Report\T+T_2022_IAG_8014590_Final Report.docx,2022-04-13
1502000,0307,1502000.0307,\\ttgroup.local\corporate\Auckland\Projects\1502000\1502000.0307\IssuedDocuments\1502000.0307_5 Tyldens Road_T+T Inspection & Assessment Report.docx,2022-05-18
1502000,0308,1502000.0308,\\ttgroup.local\corporate\Auckland\Projects\1502000\1502000.0308\IssuedDocuments\Commercial Claim Final report\t+t-2022-iag-C0716551-Commercial claim final report.docx,2022-11-17
1502000,0309,1502000.0309,\\ttgroup.local\corporate\Auckland\Projects\1502000\1502000.0309\IssuedDocuments\Final Report\T+T_2022_IAG-C0711600_Report.docx,2022-05-05
1502000,0310,1502000.0310,\\ttgroup.local\corporate\Auckland\Projects\1502000\1502000.0310\IssuedDocuments\20220617 1502000 Final Report.docx,2022-06-16
1502000,0313,1502000.0313,\\ttgroup.local\corporate\Auckland\Projects\1502000\1502000.0313\IssuedDocuments\Final Report\T+T 2022 IAG C3962698_Final Report.docx,2022-05-10
1502000,0314,1502000.0314,\\ttgroup.local\corporate\Auckland\Projects\1502000\1502000.0314\IssuedDocuments\T&T-IAG-C4009598-Report.docx,2022-05-08
1502000,0315,1502000.0315,\\ttgroup.local\corporate\Auckland\Projects\1502000\1502000.0315\IssuedDocuments\Final Report\T+T_2022_IAG-C4015478_Report.docx,2022-06-09
1502000,0316,1502000.0316,\\ttgroup.local\corporate\Auckland\Projects\1502000\1502000.0316\IssuedDocuments\Final Report\T+T_2022_IAG-C4012392_Report.docx,2022-06-09
1502000,0317,1502000.0317,\\ttgroup.local\corporate\Auckland\Projects\1502000\1502000.0317\IssuedDocuments\T+T-2022-IAG-C3959228-Final report.docx,2022-05-22
1502000,0318,1502000.0318,\\ttgroup.local\corporate\Auckland\Projects\1502000\1502000.0318\IssuedDocuments\Final Report\T+T_2022-IAG-C4011895_Final Report.docx,2022-06-07
1502000,0319,1502000.0319,\\ttgroup.local\corporate\Auckland\Projects\1502000\1502000.0319\IssuedDocuments\T+T-2022-IAG-C3979452-Final report.docx,2022-05-22
1502000,0320,1502000.0320,\\ttgroup.local\corporate\Auckland\Projects\1502000\1502000.0320\IssuedDocuments\Final Report\T+T_2022_IAG-C4027055_Final Report.docx,2022-06-08
1502000,0322,1502000.0322,\\ttgroup.local\corporate\Auckland\Projects\1502000\1502000.0322\IssuedDocuments\Final Report\T+T_2022-IAG-C4022164_Final Report.docx,2022-06-08
1502000,0323,1502000.0323,\\ttgroup.local\corporate\Auckland\Projects\1502000\1502000.0323\IssuedDocuments\Final Report\T+T_2022_Lumley-8023454_Final Report.docx,2022-06-27
1502000,0325,1502000.0325,\\ttgroup.local\corporate\Auckland\Projects\1502000\1502000.0325\IssuedDocuments\T+T-2022-IAG C4016145 - Final Report.docx,2022-05-19
1502000,0329,1502000.0329,\\ttgroup.local\corporate\Auckland\Projects\1502000\1502000.0329\IssuedDocuments\Final\T+T_2022-IAG-8018032_Report.docx,2022-05-15
1502000,0330,1502000.0330,\\ttgroup.local\corporate\Auckland\Projects\1502000\1502000.0330\IssuedDocuments\Final Report\T+T-2022-IAG-C4005761-Final report.docx,2022-05-23
1502000,0331,1502000.0331,\\ttgroup.local\corporate\Auckland\Projects\1502000\1502000.0331\IssuedDocuments\1502000.0331_49 Waitakere Road_T+T Inspection & Assessment Report.docx,2022-06-24
1502000,0333,1502000.0333,\\ttgroup.local\corporate\Auckland\Projects\1502000\1502000.0333\IssuedDocuments\Final Report\T+T_2022-IAG-C0720412_Final Report.docx,2022-06-30
1502000,0334,1502000.0334,\\ttgroup.local\corporate\Auckland\Projects\1502000\1502000.0334\IssuedDocuments\Draft report\T&T_2022_IAG_C3985466_Draft Report_V2.docx,2022-06-03
1502000,0337,1502000.0337,\\ttgroup.local\corporate\Auckland\Projects\1502000\1502000.0337\IssuedDocuments\Final\T+T_2022-IAG-C0715476_Report.docx,2022-05-18
1502000,0339,1502000.0339,\\ttgroup.local\corporate\Auckland\Projects\1502000\1502000.0339\IssuedDocuments\T+T_2022-IAG-C0715217_Final Report.docx,2022-07-06
1502000,0343,1502000.0343,\\ttgroup.local\corporate\Auckland\Projects\1502000\1502000.0343\IssuedDocuments\Final Report\T+T_2022-IAG-C0714585_Final Report.docx,2022-07-05
1502000,0346,1502000.0346,\\ttgroup.local\corporate\Auckland\Projects\1502000\1502000.0346\IssuedDocuments\Final Report\T+T_2022-IAG-C696266-Report.docx,2022-05-29
1502000,0347,1502000.0347,\\ttgroup.local\corporate\Auckland\Projects\1502000\1502000.0347\IssuedDocuments\T+T-2022-IAG-C4032785-Final report.docx,2022-05-31
1502000,0348,1502000.0348,\\ttgroup.local\corporate\Auckland\Projects\1502000\1502000.0348\IssuedDocuments\T+T_2022-IAG-C4034022-Final Report.docx,2022-07-06
1502000,0350,1502000.0350,\\ttgroup.local\corporate\Auckland\Projects\1502000\1502000.0350\IssuedDocuments\1502000.0350_116 Alfriston Road_T+T Inspection & Assessment Report.docx,2022-06-29
1502000,0351,1502000.0351,\\ttgroup.local\corporate\Auckland\Projects\1502000\1502000.0351\IssuedDocuments\Final Report V2\T+T_2022-Ando-PER-C0153277- Final Report V2.docx,2023-05-03
1502000,0352,1502000.0352,\\ttgroup.local\corporate\Auckland\Projects\1502000\1502000.0352\IssuedDocuments\Final report\T+T_2022_IAG-C0714568_Final Report.docx,2022-06-14
1502000,0353,1502000.0353,\\ttgroup.local\corporate\Auckland\Projects\1502000\1502000.0353\IssuedDocuments\Final Report\T+T_2022_IAG-C0716593_Final Report.docx,2022-08-04
1502000,0354,1502000.0354,\\ttgroup.local\corporate\Auckland\Projects\1502000\1502000.0354\IssuedDocuments\1502000.0354_76 Edmonton Road_T+T Inspection & Assessment Report_Rev1.docx,2022-08-03
1502000,0355,1502000.0355,\\ttgroup.local\corporate\Auckland\Projects\1502000\1502000.0355\IssuedDocuments\T+T-2022-IAG-C0726244-final report.docx,2022-07-17
1502000,0359,1502000.0359,\\ttgroup.local\corporate\Auckland\Projects\1502000\1502000.0359\IssuedDocuments\Final Report\ss\T+T-2022-IAG-C4008387-final_report.docx,2022-07-05
1502000,0360,1502000.0360,\\ttgroup.local\corporate\Auckland\Projects\1502000\1502000.0360\IssuedDocuments\No.194\Final Report Rev 2\T+T_2022_IAG-C8023226_Report_No.194.docx,2022-11-10
1502000,0362,1502000.0362,\\ttgroup.local\corporate\Auckland\Projects\1502000\1502000.0362\IssuedDocuments\Final Report\T+T_2022-IAG-C4009604_Final Report.docx,2022-06-16
1502000,0363,1502000.0363,\\ttgroup.local\corporate\Auckland\Projects\1502000\1502000.0363\IssuedDocuments\Final\T+T_2022-IAG-C4010708_Report.docx,2022-06-13
1502000,0365,1502000.0365,\\ttgroup.local\corporate\Auckland\Projects\1502000\1502000.0365\IssuedDocuments\Final Report\T+T_2022-IAG-C0729133_Report V2.docx,2022-07-01
1502000,0366,1502000.0366,\\ttgroup.local\corporate\Auckland\Projects\1502000\1502000.0366\IssuedDocuments\Final Report\T+T_2022_IAG_C0712591_Final Report.docx,2022-08-22
1502000,0367,1502000.0367,\\ttgroup.local\corporate\Auckland\Projects\1502000\1502000.0367\IssuedDocuments\Final Report\T+T-2022-IAG-C0738690_Final report.docx,2022-07-26
1502000,0368,1502000.0368,\\ttgroup.local\corporate\Auckland\Projects\1502000\1502000.0368\IssuedDocuments\Final Report\T+T_2022_IAG-C0734168_Final Report.docx,2022-07-20
1502000,0371,1502000.0371,\\ttgroup.local\corporate\Auckland\Projects\1502000\1502000.0371\IssuedDocuments\Final Report\T+T_2022-IAG-8034395_Report.docx,2022-06-13
1502000,0373,1502000.0373,\\ttgroup.local\corporate\Auckland\Projects\1502000\1502000.0373\IssuedDocuments\Final Report V3\T+T_2022-IAG-C4066997_Final Report V3.docx,2023-11-26
1502000,0374,1502000.0374,\\ttgroup.local\corporate\Auckland\Projects\1502000\1502000.0374\IssuedDocuments\Final Report V2\T&T-2022-IAG - C0733291-Final ReportV2.docx,2022-09-04
1502000,0376,1502000.0376,\\ttgroup.local\corporate\Auckland\Projects\1502000\1502000.0376\IssuedDocuments\T+T-2022-C0744924-Final report.docx,2022-07-17
1502000,0377,1502000.0377,\\ttgroup.local\corporate\Auckland\Projects\1502000\1502000.0377\IssuedDocuments\Prelim Report\T+T_2022-IAG-C4066609_Preliminary Report.docx,2022-06-13
1502000,0378,1502000.0378,\\ttgroup.local\corporate\Auckland\Projects\1502000\1502000.0378\IssuedDocuments\Final Report\T+T_2022_IAG-C4074081_Final Report.docx,2022-06-20
1502000,0379,1502000.0379,\\ttgroup.local\corporate\Auckland\Projects\1502000\1502000.0379\IssuedDocuments\1502000.0379_298 Mahurangi West Road_T+T Inspection & Assessment Report_Rev1.docx,2022-08-29
1502000,0380,1502000.0380,\\ttgroup.local\corporate\Auckland\Projects\1502000\1502000.0380\IssuedDocuments\Final Report\T+T_2022_IAG-C0733490_Final Report.docx,2022-07-14
1502000,0381,1502000.0381,\\ttgroup.local\corporate\Auckland\Projects\1502000\1502000.0381\IssuedDocuments\Final Report\T+T_2022_IAG-C4010028 BAU_Final Report.docx,2022-07-21
1502000,0383,1502000.0383,\\ttgroup.local\corporate\Auckland\Projects\1502000\1502000.0383\IssuedDocuments\Final Report\T+T_2022-IAG-C4080941_Report.docx,2022-07-17
1502000,0384,1502000.0384,\\ttgroup.local\corporate\Auckland\Projects\1502000\1502000.0384\IssuedDocuments\Final report\T+T_2022-IAG-C4080757-Final Report.docx,2022-08-10
1502000,0385,1502000.0385,\\ttgroup.local\corporate\Auckland\Projects\1502000\1502000.0385\IssuedDocuments\Final Report\T+T_2022-IAG-C4080688_ Final Report.docx,2022-08-04
1502000,0386,1502000.0386,\\ttgroup.local\corporate\Auckland\Projects\1502000\1502000.0386\IssuedDocuments\Final Report\T+T_2022-IAG-C4080813_Final Report.docx,2022-08-10
1502000,0387,1502000.0387,\\ttgroup.local\corporate\Auckland\Projects\1502000\1502000.0387\IssuedDocuments\Final Report\T+T_2022_IAG_C4091877_Final Report.docx,2022-07-13
1502000,0388,1502000.0388,\\ttgroup.local\corporate\Auckland\Projects\1502000\1502000.0388\IssuedDocuments\Draft Report\T+T_2022_IAG-C0740304_Draft Report.docx,2022-07-27
1502000,0389,1502000.0389,\\ttgroup.local\corporate\Auckland\Projects\1502000\1502000.0389\IssuedDocuments\Final Report\T+T_2022-IAG-C4085904_Final Report.docx,2022-08-15
1502000,0390,1502000.0390,\\ttgroup.local\corporate\Auckland\Projects\1502000\1502000.0390\IssuedDocuments\Final Report\T+T_2022-IAG-8039819_Final Report.docx,2022-09-01
1502000,0391,1502000.0391,\\ttgroup.local\corporate\Auckland\Projects\1502000\1502000.0391\IssuedDocuments\Final Report\T+T-2022-IAG-C0751012-Final Report.docx,2022-08-26
1502000,0392,1502000.0392,"\\ttgroup.local\corporate\Auckland\Projects\1502000\1502000.0392\IssuedDocuments\1502000.0392_55 Prince Regent Drive, Half Moon Bay_T+T Inspection & Assessment Report.docx",2022-08-17
1502000,0396,1502000.0396,\\ttgroup.local\corporate\Auckland\Projects\1502000\1502000.0396\IssuedDocuments\17F\Final report\T&T_2022_IAG_80055573_Final report(17F).docx,2022-08-16
1502000,0397,1502000.0397,\\ttgroup.local\corporate\Auckland\Projects\1502000\1502000.0397\IssuedDocuments\Final Report\T+T_2022_IAG-C0692348_Final Report.docx,2022-08-01
1502000,0398,1502000.0398,\\ttgroup.local\corporate\Auckland\Projects\1502000\1502000.0398\IssuedDocuments\Final Report\SS\T+T-2022-IAG-C4097441-Final ReportV2.docx,2022-10-11
1502000,0399,1502000.0399,\\ttgroup.local\corporate\Auckland\Projects\1502000\1502000.0399\IssuedDocuments\Final report\T+T-2022-IAG-C4089790-Final report.docx,2022-09-12
1502000,0400,1502000.0400,\\ttgroup.local\corporate\Auckland\Projects\1502000\1502000.0400\IssuedDocuments\Final Report\T+T_2022_IAG-C4098421_Final Report_V2.docx,2022-07-19
1502000,0401,1502000.0401,\\ttgroup.local\corporate\Auckland\Projects\1502000\1502000.0401\IssuedDocuments\T+T-2022-IAG-C4087803-Final report.docx,2022-08-29
1502000,0403,1502000.0403,\\ttgroup.local\corporate\Auckland\Projects\1502000\1502000.0403\IssuedDocuments\Final report\T+T-2022-IAG- C4089855-Final report V2.docx,2022-11-10
1502000,0406,1502000.0406,\\ttgroup.local\corporate\Auckland\Projects\1502000\1502000.0406\IssuedDocuments\1502000.0406_46 Staveley Avenue_T+T Inspection & Assessment Report_V2.docx,2022-08-25
1502000,0407,1502000.0407,\\ttgroup.local\corporate\Auckland\Projects\1502000\1502000.0407\IssuedDocuments\Final Report V4\T+T_2022-IAG-C4086749_Final Report V4.docx,2023-12-06
1502000,0409,1502000.0409,\\ttgroup.local\corporate\Auckland\Projects\1502000\1502000.0409\IssuedDocuments\final report\T+T_2002-IAG-C4089516_Final Report.docx,2022-08-07
1502000,0411,1502000.0411,\\ttgroup.local\corporate\Auckland\Projects\1502000\1502000.0411\IssuedDocuments\T+T-2022-IAG-C4112779-Final Report.docx,2022-09-22
1502000,0412,1502000.0412,\\ttgroup.local\corporate\Auckland\Projects\1502000\1502000.0412\IssuedDocuments\T+T_2022_IAG-C0655908-Final Report.docx,2022-08-31
1502000,0413,1502000.0413,\\ttgroup.local\corporate\Auckland\Projects\1502000\1502000.0413\IssuedDocuments\Final report\T+T_2022_IAG-C0658479-Final report.docx,2022-10-20
1502000,0414,1502000.0414,\\ttgroup.local\corporate\Auckland\Projects\1502000\1502000.0414\IssuedDocuments\Final report\T+T-2022-IAG-C4112839-Final report.docx,2022-12-08
1502000,0415,1502000.0415,\\ttgroup.local\corporate\Auckland\Projects\1502000\1502000.0415\IssuedDocuments\final report\T+T-2022-IAG-C4114521-Final report.docx,2022-12-08
1502000,0416,1502000.0416,\\ttgroup.local\corporate\Auckland\Projects\1502000\1502000.0416\IssuedDocuments\Final report\T+T-2022-IAG-C4103201-Final Report.docx,2022-08-30
1502000,0417,1502000.0417,\\ttgroup.local\corporate\Auckland\Projects\1502000\1502000.0417\IssuedDocuments\Final Report\T+T_2022_IAG-8043002_Final Report.docx,2023-02-07
1502000,0418,1502000.0418,\\ttgroup.local\corporate\Auckland\Projects\1502000\1502000.0418\IssuedDocuments\Final report V2\T+T-2022-IAG-C4112755-Final report V2.docx,2024-02-22
1502000,0419,1502000.0419,\\ttgroup.local\corporate\Auckland\Projects\1502000\1502000.0419\IssuedDocuments\FInal report_v3\T+T_2022-IAG-C4117675_Final report_v3.docx,2022-11-30
1502000,0423,1502000.0423,\\ttgroup.local\corporate\Auckland\Projects\1502000\1502000.0423\IssuedDocuments\Final Report\T+T_2022_IAG-C4118734_Final Report.docx,2022-10-31
1502000,0424,1502000.0424,\\ttgroup.local\corporate\Auckland\Projects\1502000\1502000.0424\IssuedDocuments\Draft Report\T+T_2022_IAG-C4122232_16 OntarioSt_Draft Report_V1.docx,2022-11-01
1502000,0426,1502000.0426,\\ttgroup.local\corporate\Auckland\Projects\1502000\1502000.0426\IssuedDocuments\Final report V3\T+T-2022-IAG-C0765061-final reportV3 .docx,2022-09-28
1502000,0427,1502000.0427,\\ttgroup.local\corporate\Auckland\Projects\1502000\1502000.0427\IssuedDocuments\T+T_2022-IAG-8048401_Preliminary Report.docx,2022-08-17
1502000,0428,1502000.0428,\\ttgroup.local\corporate\Auckland\Projects\1502000\1502000.0428\IssuedDocuments\T+T-IAG-C4123583_Final report.docx,2022-11-06
1502000,0429,1502000.0429,\\ttgroup.local\corporate\Auckland\Projects\1502000\1502000.0429\IssuedDocuments\Final Report\T+T_2022-IAG-C4123391_Final Report.docx,2022-09-30
1502000,0430,1502000.0430,\\ttgroup.local\corporate\Auckland\Projects\1502000\1502000.0430\IssuedDocuments\IAG_8048178_215 Rosetta Road_Report.docx,2022-08-04
1502000,0432,1502000.0432,\\ttgroup.local\corporate\Auckland\Projects\1502000\1502000.0432\IssuedDocuments\T+T-2022-IAG-C4111875-Final report.docx,2022-09-18
1502000,0434,1502000.0434,\\ttgroup.local\corporate\Auckland\Projects\1502000\1502000.0434\IssuedDocuments\Final Report\T+T_2022_IAG-C8048243_Final Report.docx,2022-09-07
1502000,0435,1502000.0435,\\ttgroup.local\corporate\Auckland\Projects\1502000\1502000.0435\IssuedDocuments\T+T_2022_IAG-C4125916_Final Report.docx,2022-09-06
1502000,0438,1502000.0438,\\ttgroup.local\corporate\Auckland\Projects\1502000\1502000.0438\IssuedDocuments\Final report\T+T-2022-IAG-C4127874-Final report.docx,2022-09-14
1502000,0439,1502000.0439,\\ttgroup.local\corporate\Auckland\Projects\1502000\1502000.0439\IssuedDocuments\T+T-2022-IAG-C4101238-Final report.docx,2022-08-17
1502000,0444,1502000.0444,\\ttgroup.local\corporate\Auckland\Projects\1502000\1502000.0444\IssuedDocuments\Final Report V6\T+T_2022_IAG-C4117811 EQL_Final Report V6.docx,2022-11-15
1502000,0446,1502000.0446,\\ttgroup.local\corporate\Auckland\Projects\1502000\1502000.0446\IssuedDocuments\Final report\T&T-IAG-2022-C4125676-Final Report.docx,2022-12-05
1502000,0448,1502000.0448,\\ttgroup.local\corporate\Auckland\Projects\1502000\1502000.0448\IssuedDocuments\Final report\T+T_2022_IAG_C4125594_Report.docx,2022-08-23
1502000,0449,1502000.0449,\\ttgroup.local\corporate\Auckland\Projects\1502000\1502000.0449\IssuedDocuments\Final Report\T+T_2022_IAG_C4122346_Report.docx,2022-08-23
1502000,0450,1502000.0450,\\ttgroup.local\corporate\Auckland\Projects\1502000\1502000.0450\IssuedDocuments\Final Report\T+T_2022_IAG-C4127257_Final Report.docx,2022-12-08
1502000,0452,1502000.0452,\\ttgroup.local\corporate\Auckland\Projects\1502000\1502000.0452\IssuedDocuments\Final\T+T_2022-IAG-C4103798_Final Report.docx,2022-09-06
1502000,0456,1502000.0456,\\ttgroup.local\corporate\Auckland\Projects\1502000\1502000.0456\IssuedDocuments\Final report\T+T-2022-IAG-8048028-Final report.docx,2022-09-04
1502000,0457,1502000.0457,\\ttgroup.local\corporate\Auckland\Projects\1502000\1502000.0457\IssuedDocuments\Final report\T+T-2022-IAG-8047893-Final report.docx,2022-09-04
1502000,0458,1502000.0458,\\ttgroup.local\corporate\Auckland\Projects\1502000\1502000.0458\IssuedDocuments\Extra Request August 2023\T+T-2022-IAG-C4127682-Final Report v2.docx,2023-11-09
1502000,0460,1502000.0460,\\ttgroup.local\corporate\Auckland\Projects\1502000\1502000.0460\IssuedDocuments\Final Report_V2\T+T-2022-IAG-C0762974-Final report.docx,2022-09-15
1502000,0461,1502000.0461,\\ttgroup.local\corporate\Auckland\Projects\1502000\1502000.0461\IssuedDocuments\Final Report V2\T+T_2022_IAG-8038875 EQC_Final Report V2.docx,2023-11-30
1502000,0462,1502000.0462,\\ttgroup.local\corporate\Auckland\Projects\1502000\1502000.0462\IssuedDocuments\Final report\TT-IAG-2022-C0770361-Final Report.docx,2022-11-14
1502000,0463,1502000.0463,\\ttgroup.local\corporate\Auckland\Projects\1502000\1502000.0463\IssuedDocuments\Report\T+T_2022-IAG-C0768473_Report.docx,2022-10-26
1502000,0464,1502000.0464,\\ttgroup.local\corporate\Auckland\Projects\1502000\1502000.0464\IssuedDocuments\Report\T+T_2022-IAG-C0762930_Report.docx,2022-10-27
1502000,0465,1502000.0465,\\ttgroup.local\corporate\Auckland\Projects\1502000\1502000.0465\IssuedDocuments\Final report\T+T-2022-IAG-C0770577-Final report.docx,2022-09-21
1502000,0469,1502000.0469,\\ttgroup.local\corporate\Auckland\Projects\1502000\1502000.0469\IssuedDocuments\Final Report\T+T_2022-IAG-C4127438_Report.docx,2022-09-15
1502000,0471,1502000.0471,\\ttgroup.local\corporate\Auckland\Projects\1502000\1502000.0471\IssuedDocuments\T+T-2022-IAG-C4129918-Final report.docx,2022-09-22
1502000,0472,1502000.0472,\\ttgroup.local\corporate\Auckland\Projects\1502000\1502000.0472\IssuedDocuments\T+T-2022-IAG-C4127667-Final report.docx,2022-10-19
1502000,0475,1502000.0475,\\ttgroup.local\corporate\Auckland\Projects\1502000\1502000.0475\IssuedDocuments\T+T-2022-IAG-C4143098-Final report V2.docx,2023-10-11
1502000,0476,1502000.0476,\\ttgroup.local\corporate\Auckland\Projects\1502000\1502000.0476\IssuedDocuments\Final Report\T+T_2022-IAG-C0772675_Report.docx,2022-09-15
1502000,0479,1502000.0479,\\ttgroup.local\corporate\Auckland\Projects\1502000\1502000.0479\IssuedDocuments\Final Report\T+T_2022-IAG-C4133454_Final Report.docx,2022-11-01
1502000,0483,1502000.0483,\\ttgroup.local\corporate\Auckland\Projects\1502000\1502000.0483\IssuedDocuments\T+T_2022-IAG-8049734_Report.V1.docx,2022-09-09
1502000,0485,1502000.0485,\\ttgroup.local\corporate\Auckland\Projects\1502000\1502000.0485\IssuedDocuments\Final Report\T+T_2022_IAG-C4135382_Report.docx,2022-09-18
1502000,0486,1502000.0486,\\ttgroup.local\corporate\Auckland\Projects\1502000\1502000.0486\IssuedDocuments\Final report\T&T-2022-IAG-C0762561-Final Report.docx,2022-11-29
1502000,0487,1502000.0487,\\ttgroup.local\corporate\Auckland\Projects\1502000\1502000.0487\IssuedDocuments\Final Report\T+T_2022_IAG-C4112771 EQC_Final Report.docx,2022-11-03
1502000,0489,1502000.0489,\\ttgroup.local\corporate\Auckland\Projects\1502000\1502000.0489\IssuedDocuments\Final report\T+T-2022-IAG-C0770278-Final Report.docx,2022-10-01
1502000,0490,1502000.0490,\\ttgroup.local\corporate\Auckland\Projects\1502000\1502000.0490\IssuedDocuments\Final Report\T+T-2022-IAG-C4162884-Final Report .docx,2022-10-26
1502000,0491,1502000.0491,\\ttgroup.local\corporate\Auckland\Projects\1502000\1502000.0491\IssuedDocuments\Final report\T+T-2022-IAG-C4161126-Final Report.docx,2022-11-27
1502000,0492,1502000.0492,\\ttgroup.local\corporate\Auckland\Projects\1502000\1502000.0492\IssuedDocuments\General claim final report\T+T_IAG_C0770723 AND 8055227_Final General Report.docx,2022-11-20
1502000,0493,1502000.0493,\\ttgroup.local\corporate\Auckland\Projects\1502000\1502000.0493\IssuedDocuments\Final Report\T+T-2023-IAG-C4139237-Final Report.docx,2023-06-22
1502000,0494,1502000.0494,\\ttgroup.local\corporate\Auckland\Projects\1502000\1502000.0494\IssuedDocuments\Final Report V2\T+T_2022_IAG-C4132119_Final Report V2.docx,2024-08-11
1502000,0495,1502000.0495,\\ttgroup.local\corporate\Auckland\Projects\1502000\1502000.0495\IssuedDocuments\T+T-2022-IAG-C4139855 EQC-Final report.docx,2022-09-20
1502000,0496,1502000.0496,\\ttgroup.local\corporate\Auckland\Projects\1502000\1502000.0496\IssuedDocuments\T+T-2022-IAG-C4139506 EQC-Final report.docx,2022-09-20
1502000,0497,1502000.0497,\\ttgroup.local\corporate\Auckland\Projects\1502000\1502000.0497\IssuedDocuments\T+T-2022-IAG-C4139720 EQC-Final report_RevA.docx,2023-01-20
1502000,0501,1502000.0501,\\ttgroup.local\corporate\Auckland\Projects\1502000\1502000.0501\IssuedDocuments\T&T-2022-IAG-8045716-Final Report_V3.docx,2023-01-23
1502000,0505,1502000.0505,\\ttgroup.local\corporate\Auckland\Projects\1502000\1502000.0505\IssuedDocuments\Final\T+T_2022-Sedgwick-C4131245 Report.docx,2022-11-16
1502000,0507,1502000.0507,\\ttgroup.local\corporate\Auckland\Projects\1502000\1502000.0507\IssuedDocuments\Final Report\T+T-2022-IAG-C4131071-FInal Report.docx,2022-12-19
1502000,0509,1502000.0509,\\ttgroup.local\corporate\Auckland\Projects\1502000\1502000.0509\IssuedDocuments\Final\T+T-2022-IAG-C4142223-Final report.docx,2022-09-29
1502000,0510,1502000.0510,\\ttgroup.local\corporate\Auckland\Projects\1502000\1502000.0510\IssuedDocuments\Final report\T+T-2022-IAG-C4141156-Final report.docx,2022-09-22
1502000,0511,1502000.0511,\\ttgroup.local\corporate\Auckland\Projects\1502000\1502000.0511\IssuedDocuments\Final Report\T+T_2022_IAG-C8048278_Report.docx,2023-01-16
1502000,0512,1502000.0512,\\ttgroup.local\corporate\Auckland\Projects\1502000\1502000.0512\IssuedDocuments\Final report\T+T-2022-IAG-C0776560-Final Report V2.docx,2023-05-21
1502000,0513,1502000.0513,\\ttgroup.local\corporate\Auckland\Projects\1502000\1502000.0513\IssuedDocuments\Final report\T+T-2022-IAG-C4131581-Final report..docx,2022-11-07
1502000,0515,1502000.0515,\\ttgroup.local\corporate\Auckland\Projects\1502000\1502000.0515\IssuedDocuments\Final Report_V4\T+T_2022-IAG-C8054846_Report Rev4.docx,2023-06-08
1502000,0517,1502000.0517,\\ttgroup.local\corporate\Auckland\Projects\1502000\1502000.0517\IssuedDocuments\T+T_2022_IAG_C4135282_Final Report.docx,2022-10-12
1502000,0518,1502000.0518,\\ttgroup.local\corporate\Auckland\Projects\1502000\1502000.0518\IssuedDocuments\Final Report V4\T+T_2022_IAG-C4154581_Final Report V4.docx,2024-03-19
1502000,0519,1502000.0519,\\ttgroup.local\corporate\Auckland\Projects\1502000\1502000.0519\IssuedDocuments\T+T_2022_IAG_C4130948_Report.docx,2022-10-06
1502000,0520,1502000.0520,\\ttgroup.local\corporate\Auckland\Projects\1502000\1502000.0520\IssuedDocuments\Final Report Rev 1\T+T_2022_IAG_ C4150664 EQC_Report v1.docx,2023-06-14
1502000,0521,1502000.0521,\\ttgroup.local\corporate\Auckland\Projects\1502000\1502000.0521\IssuedDocuments\Final Report Rev 1\T+T_2022-IAG-C4151198_Final Report_Rev 1.docx,2023-06-27
1502000,0522,1502000.0522,\\ttgroup.local\corporate\Auckland\Projects\1502000\1502000.0522\IssuedDocuments\Extra Request Jan 2024\Final Report\T+T_2022_IAG_C4151133_Final Report V4.docx,2024-02-13
1502000,0523,1502000.0523,\\ttgroup.local\corporate\Auckland\Projects\1502000\1502000.0523\IssuedDocuments\Final Report\T+T_2022_IAG-C4150741_Report_V2.docx,2023-01-17
1502000,0524,1502000.0524,\\ttgroup.local\corporate\Auckland\Projects\1502000\1502000.0524\IssuedDocuments\Final Report\T+T_2022-IAG-C4155858_Report.docx,2022-09-27
1502000,0527,1502000.0527,\\ttgroup.local\corporate\Auckland\Projects\1502000\1502000.0527\IssuedDocuments\Final Report\T+T_2022-IAG-C41511884_Final Report.docx,2022-10-25
1502000,0529,1502000.0529,\\ttgroup.local\corporate\Auckland\Projects\1502000\1502000.0529\IssuedDocuments\Final Report\T+T_2022-IAG-C4150929_Final Report.docx,2022-09-30
1502000,0530,1502000.0530,\\ttgroup.local\corporate\Auckland\Projects\1502000\1502000.0530\IssuedDocuments\Final report V3\T+T_2022_IAG-C4152329_Final Report V3_issued on 24 April 2025.docx,2025-04-23
1502000,0531,1502000.0531,\\ttgroup.local\corporate\Auckland\Projects\1502000\1502000.0531\IssuedDocuments\Final Report V3\T+T_2022_IAG-C4152339_Final Report V3.docx,2024-02-12
1502000,0532,1502000.0532,\\ttgroup.local\corporate\Auckland\Projects\1502000\1502000.0532\IssuedDocuments\Final report\T+T-2022-IAG-C4141244-Final Report.docx,2022-11-02
1502000,0535,1502000.0535,\\ttgroup.local\corporate\Auckland\Projects\1502000\1502000.0535\IssuedDocuments\Final report\T+T-2022-IAG-C4151690-Final Report V3.docx,2023-02-14
1502000,0536,1502000.0536,\\ttgroup.local\corporate\Auckland\Projects\1502000\1502000.0536\IssuedDocuments\Extra Request July 2023\Final Report\T+T_2022_IAG_C4153214-Extra request_Final Report.docx,2023-08-09
1502000,0537,1502000.0537,\\ttgroup.local\corporate\Auckland\Projects\1502000\1502000.0537\IssuedDocuments\T+T-2022-IAG-C0772814-Final report.docx,2022-09-23
1502000,0538,1502000.0538,\\ttgroup.local\corporate\Auckland\Projects\1502000\1502000.0538\IssuedDocuments\Final Report\T+T_2022_IAG_C0765052_Final Report.docx,2022-10-09
1502000,0539,1502000.0539,\\ttgroup.local\corporate\Auckland\Projects\1502000\1502000.0539\IssuedDocuments\Final Report\T+T_2022-IAG-C4152129_Final Report.docx,2022-11-20
1502000,0540,1502000.0540,\\ttgroup.local\corporate\Auckland\Projects\1502000\1502000.0540\IssuedDocuments\Final Report V2\T+T_2022-IAG-C4152926_Final Report V2.docx,2023-02-28
1502000,0542,1502000.0542,\\ttgroup.local\corporate\Auckland\Projects\1502000\1502000.0542\IssuedDocuments\Final Report\T+T_2022_IAG-C4154383_Final Report.docx,2022-11-03
1502000,0545,1502000.0545,\\ttgroup.local\corporate\Auckland\Projects\1502000\1502000.0545\IssuedDocuments\Final Report\T+T_2022_IAG-C0780116_Final Report.docx,2022-11-01
1502000,0548,1502000.0548,\\ttgroup.local\corporate\Auckland\Projects\1502000\1502000.0548\IssuedDocuments\Final Report V3\T+T_2022_IAG-C4151807_Final Report V3.docx,2023-06-27
1502000,0550,1502000.0550,\\ttgroup.local\corporate\Auckland\Projects\1502000\1502000.0550\IssuedDocuments\Draft\T+T_2022-IAG-C4154423_Draft Report.docx,2022-12-22
1502000,0552,1502000.0552,\\ttgroup.local\corporate\Auckland\Projects\1502000\1502000.0552\IssuedDocuments\Draft\T+T-2022-IAG-C4151374-Draft Report.docx,2022-12-07
1502000,0556,1502000.0556,\\ttgroup.local\corporate\Auckland\Projects\1502000\1502000.0556\IssuedDocuments\Final Report - updated\T+T_2022_IAG-C4254124_Report.docx,2023-01-10
1502000,0557,1502000.0557,\\ttgroup.local\corporate\Auckland\Projects\1502000\1502000.0557\IssuedDocuments\Extra Request October 2023\Dec 23\T+T_2022-IAG-C4155878_Report.docx,2023-12-14
1502000,0561,1502000.0561,\\ttgroup.local\corporate\Auckland\Projects\1502000\1502000.0561\IssuedDocuments\Final report\Final Report - Upper Dwelling\T+T-2022-IAG-C4151231- Final Report.docx,2023-02-07
1502000,0562,1502000.0562,\\ttgroup.local\corporate\Auckland\Projects\1502000\1502000.0562\IssuedDocuments\Final Report_V4\T+T_2022_IAG_C0769687_Final Report_V4.docx,2023-03-23
1502000,0563,1502000.0563,\\ttgroup.local\corporate\Auckland\Projects\1502000\1502000.0563\IssuedDocuments\T+T-2022-IAG-C0779553-Final report.docx,2022-09-30
1502000,0565,1502000.0565,\\ttgroup.local\corporate\Auckland\Projects\1502000\1502000.0565\IssuedDocuments\Final Report\T+T_2022_MAS-736506_Final Report.docx,2022-11-14
1502000,0568,1502000.0568,\\ttgroup.local\corporate\Auckland\Projects\1502000\1502000.0568\IssuedDocuments\T+T-2022-IAG-C0779431-Final Report.docx,2022-12-22
1502000,0571,1502000.0571,\\ttgroup.local\corporate\Auckland\Projects\1502000\1502000.0571\IssuedDocuments\Final Report\T+T_2022-IAG-C4151874_Report V2.docx,2022-10-11
1502000,0572,1502000.0572,\\ttgroup.local\corporate\Auckland\Projects\1502000\1502000.0572\IssuedDocuments\Final report\T+T-2022-IAG-C0780005-Final report.docx,2022-11-21
1502000,0573,1502000.0573,\\ttgroup.local\corporate\Auckland\Projects\1502000\1502000.0573\IssuedDocuments\Final report V2\T+T-2022-IAG-C4151714-Final report V2.docx,2023-04-10
1502000,0577,1502000.0577,\\ttgroup.local\corporate\Auckland\Projects\1502000\1502000.0577\IssuedDocuments\Final report\T+T-2022-IAG-C4152043-Final report.docx,2022-10-24
1502000,0580,1502000.0580,\\ttgroup.local\corporate\Auckland\Projects\1502000\1502000.0580\IssuedDocuments\Final report\T+T-2022-IAG-C4154666-Final report V2.docx,2023-03-10
1502000,0582,1502000.0582,\\ttgroup.local\corporate\Auckland\Projects\1502000\1502000.0582\IssuedDocuments\Final report V2\T+T-2022-IAG-C0781685-Final report V2.docx,2022-11-29
1502000,0584,1502000.0584,\\ttgroup.local\corporate\Auckland\Projects\1502000\1502000.0584\IssuedDocuments\Final report Extra Request 2\T+T-2022-IAG-C4151347-Final report V4.docx,2023-09-28
1502000,0585,1502000.0585,\\ttgroup.local\corporate\Auckland\Projects\1502000\1502000.0585\IssuedDocuments\Final report Extra Request 2\T+T-2022-IAG-C4160388-Final report V3.docx,2023-09-28
1502000,0586,1502000.0586,\\ttgroup.local\corporate\Auckland\Projects\1502000\1502000.0586\IssuedDocuments\Final report Extra Request 2\T+T-2022-IAG-C4155747-Final report V3.docx,2023-09-28
1502000,0587,1502000.0587,\\ttgroup.local\corporate\Auckland\Projects\1502000\1502000.0587\IssuedDocuments\Final report Extra Request 2\T+T-2023-IAG-C4151347-Final report V2.docx,2023-09-29
1502000,0588,1502000.0588,\\ttgroup.local\corporate\Auckland\Projects\1502000\1502000.0588\IssuedDocuments\Final report Extra Request 2\T+T-2023-IAG-P037029848-Final report V3.docx,2023-09-29
1502000,0589,1502000.0589,\\ttgroup.local\corporate\Auckland\Projects\1502000\1502000.0589\IssuedDocuments\Final report Extra Request 2\T+T-2022-IAG-C4151347-Final report V3.docx,2023-09-29
1502000,0591,1502000.0591,\\ttgroup.local\corporate\Auckland\Projects\1502000\1502000.0591\IssuedDocuments\Final report\T+T_2022_IAG_C4152178-Final Report.docx,2023-01-17
1502000,0593,1502000.0593,\\ttgroup.local\corporate\Auckland\Projects\1502000\1502000.0593\IssuedDocuments\Final report\T+T-2022-IAG-C0781621-Final Report V2.docx,2024-05-01
1502000,0595,1502000.0595,\\ttgroup.local\corporate\Auckland\Projects\1502000\1502000.0595\IssuedDocuments\Extra Request\Final report\T+T-2022-IAG-C4150747-Final Report V2.docx,2023-11-20
1502000,0597,1502000.0597,\\ttgroup.local\corporate\Auckland\Projects\1502000\1502000.0597\IssuedDocuments\Final Report\T+T_2022-AMI-C4156076_Final Report.docx,2022-10-24
1502000,0599,1502000.0599,\\ttgroup.local\corporate\Auckland\Projects\1502000\1502000.0599\IssuedDocuments\Final report\T+T-2022-IAG-C4158293-Final report V2.docx,2022-12-05
1502000,0601,1502000.0601,\\ttgroup.local\corporate\Auckland\Projects\1502000\1502000.0601\IssuedDocuments\Final report\T+T-2022-IAG-C4153620-Final report.docx,2023-01-24
1502000,0602,1502000.0602,\\ttgroup.local\corporate\Auckland\Projects\1502000\1502000.0602\IssuedDocuments\Final\T+T_2022-IAG-C4146173_Report.docx,2023-01-31
1502000,0603,1502000.0603,\\ttgroup.local\corporate\Auckland\Projects\1502000\1502000.0603\IssuedDocuments\Final Report\T+T_2022_IAG-C4154574_Final Report.docx,2022-11-03
1502000,0604,1502000.0604,\\ttgroup.local\corporate\Auckland\Projects\1502000\1502000.0604\IssuedDocuments\Final report\T+T-2022-IAG-C0780362-Final report V2.docx,2022-12-06
1502000,0605,1502000.0605,\\ttgroup.local\corporate\Auckland\Projects\1502000\1502000.0605\IssuedDocuments\T+T_2022-IAG-C4155687_Report_Rev 1.docx,2023-03-09
1502000,0606,1502000.0606,\\ttgroup.local\corporate\Auckland\Projects\1502000\1502000.0606\IssuedDocuments\Final report V3\T+T-2022-IAG-C4166854-Final report V3.docx,2023-10-09
1502000,0608,1502000.0608,\\ttgroup.local\corporate\Auckland\Projects\1502000\1502000.0608\IssuedDocuments\Final report\T+T-2022-IAG-C0781395-Final report.docx,2022-10-26
1502000,0609,1502000.0609,\\ttgroup.local\corporate\Auckland\Projects\1502000\1502000.0609\IssuedDocuments\Final Report_Rev2\T+T-2022_IAG-C0780080_Final Report.docx,2022-12-22
1502000,0612,1502000.0612,\\ttgroup.local\corporate\Auckland\Projects\1502000\1502000.0612\IssuedDocuments\Final Report\T+T_2022_IAG_Report Rev 1.docx,2022-10-18
1502000,0613,1502000.0613,\\ttgroup.local\corporate\Auckland\Projects\1502000\1502000.0613\IssuedDocuments\Final report\T+T-2022-IAG-8059475 EQC Land-Final report.docx,2023-01-31
1502000,0614,1502000.0614,\\ttgroup.local\corporate\Auckland\Projects\1502000\1502000.0614\IssuedDocuments\Final report\T+T-2022-IAG-C0779656-Final report V2.docx,2023-03-21
1502000,0615,1502000.0615,\\ttgroup.local\corporate\Auckland\Projects\1502000\1502000.0615\IssuedDocuments\Final report\T+T-2022-IAG-C0781169-Final_report.docx,2023-01-26
1502000,0618,1502000.0618,\\ttgroup.local\corporate\Auckland\Projects\1502000\1502000.0618\IssuedDocuments\Final Report\T+T_2022_IAG-C4134257_Final Report.docx,2023-02-01
1502000,0620,1502000.0620,\\ttgroup.local\corporate\Auckland\Projects\1502000\1502000.0620\IssuedDocuments\Final Report\T+T_2022_IAG-C4147306_Final Report.docx,2023-02-01
1502000,0621,1502000.0621,\\ttgroup.local\corporate\Auckland\Projects\1502000\1502000.0621\IssuedDocuments\Final\T+T 2022-IAG-80063986-Final Report.docx,2022-11-13
1502000,0623,1502000.0623,\\ttgroup.local\corporate\Auckland\Projects\1502000\1502000.0623\IssuedDocuments\Final report\T+T-2022-IAG-C0779964 EQC_Final report.docx,2022-12-14
1502000,0624,1502000.0624,\\ttgroup.local\corporate\Auckland\Projects\1502000\1502000.0624\IssuedDocuments\Final Report\T+T_2022_IAG_C4152596_Report.docx,2022-12-01
1502000,0625,1502000.0625,\\ttgroup.local\corporate\Auckland\Projects\1502000\1502000.0625\IssuedDocuments\Final report\T+T-2022-IAG-C0780326 EQC-Final Report.docx,2023-01-30
1502000,0626,1502000.0626,\\ttgroup.local\corporate\Auckland\Projects\1502000\1502000.0626\IssuedDocuments\Final Report\T+T_2022-IAG-C8051474_Final Report.docx,2023-03-19
1502000,0627,1502000.0627,\\ttgroup.local\corporate\Auckland\Projects\1502000\1502000.0627\IssuedDocuments\Final report\T+T_2022_IAG-C4147620_Final Report.docx,2023-02-03
1502000,0628,1502000.0628,\\ttgroup.local\corporate\Auckland\Projects\1502000\1502000.0628\IssuedDocuments\Final Report\T+T_2022_IAG-C8054436_Final Report.docx,2023-04-03
1502000,0629,1502000.0629,\\ttgroup.local\corporate\Auckland\Projects\1502000\1502000.0629\IssuedDocuments\Final report\T+T-2022-IAG-C0783101-Final report.docx,2023-01-30
1502000,0630,1502000.0630,\\ttgroup.local\corporate\Auckland\Projects\1502000\1502000.0630\IssuedDocuments\Final report V2\T+T-2022-IAG-C4199169-Final report.docx,2023-01-26
1502000,0631,1502000.0631,\\ttgroup.local\corporate\Auckland\Projects\1502000\1502000.0631\IssuedDocuments\Final report\T+T-2022-IAG-C4160151-Final report.docx,2023-01-26
1502000,0632,1502000.0632,\\ttgroup.local\corporate\Auckland\Projects\1502000\1502000.0632\IssuedDocuments\Final report\T+T-2022-IAG-C0782854-Final report.docx,2022-11-17
1502000,0633,1502000.0633,\\ttgroup.local\corporate\Auckland\Projects\1502000\1502000.0633\IssuedDocuments\Final report V2\T+T-2022-IAG-C4158255-Final report V2.docx,2023-02-09
1502000,0635,1502000.0635,\\ttgroup.local\corporate\Auckland\Projects\1502000\1502000.0635\IssuedDocuments\Final report\T+T-2022-IAG-C4154651-Final Report V2.docx,2023-04-12
1502000,0636,1502000.0636,\\ttgroup.local\corporate\Auckland\Projects\1502000\1502000.0636\IssuedDocuments\Final Report V2\T+T-2022-IAG-C4154069-Final report V2.docx,2022-12-12
1502000,0638,1502000.0638,\\ttgroup.local\corporate\Auckland\Projects\1502000\1502000.0638\IssuedDocuments\Final Report V2\T+T_2022_IAG_C4151000_Final Report V2.docx,2023-06-11
1502000,0639,1502000.0639,\\ttgroup.local\corporate\Auckland\Projects\1502000\1502000.0639\IssuedDocuments\Final\Extra Request May 2023\T+T_2022-IAG-C4150680_Report_Rev 1.docx,2023-09-07
1502000,0640,1502000.0640,\\ttgroup.local\corporate\Auckland\Projects\1502000\1502000.0640\IssuedDocuments\Final report\T+T-2022-IAG-C0779835 EQC-Final report.docx,2023-01-11
1502000,0641,1502000.0641,\\ttgroup.local\corporate\Auckland\Projects\1502000\1502000.0641\IssuedDocuments\Final\T+T_2022-IAG-8054969-Report.docx,2022-10-20
1502000,0642,1502000.0642,\\ttgroup.local\corporate\Auckland\Projects\1502000\1502000.0642\IssuedDocuments\Final report\T+T-2022-IAG-C4151888-Final report.docx,2022-11-09
1502000,0643,1502000.0643,\\ttgroup.local\corporate\Auckland\Projects\1502000\1502000.0643\IssuedDocuments\Final Report V4\T+T_2022-IAG-C4154855_Final Report V4.docx,2024-09-26
1502000,0644,1502000.0644,\\ttgroup.local\corporate\Auckland\Projects\1502000\1502000.0644\IssuedDocuments\Final Report\Final Report V3\T+T-2022-IAG-C4156266-Final report V3.docx,2022-12-06
1502000,0645,1502000.0645,\\ttgroup.local\corporate\Auckland\Projects\1502000\1502000.0645\IssuedDocuments\General Claim Final report\T+T_IAG_C0770723 AND 8055227_Final General ReportV2.docx,2023-02-20
1502000,0646,1502000.0646,\\ttgroup.local\corporate\Auckland\Projects\1502000\1502000.0646\IssuedDocuments\Final Report\T+T_2022_IAG-C4152281_Report.docx,2022-10-27
1502000,0648,1502000.0648,\\ttgroup.local\corporate\Auckland\Projects\1502000\1502000.0648\IssuedDocuments\Final report V2\T+T-2022-IAG-C4153397-Final report V2.docx,2023-02-01
1502000,0650,1502000.0650,\\ttgroup.local\corporate\Auckland\Projects\1502000\1502000.0650\IssuedDocuments\Extra Request May 2024\T+T-2022-IAG-C0782824-ExtraRequest_Final Report.docx,2024-07-17
1502000,0652,1502000.0652,\\ttgroup.local\corporate\Auckland\Projects\1502000\1502000.0652\IssuedDocuments\Final report\T+T-2022-FMG-C4152734-Final report.docx,2023-04-11
1502000,0653,1502000.0653,\\ttgroup.local\corporate\Auckland\Projects\1502000\1502000.0653\IssuedDocuments\Extra request\T+T_2022-IAG-C0782923_Report V2.docx,2023-10-25
1502000,0654,1502000.0654,\\ttgroup.local\corporate\Auckland\Projects\1502000\1502000.0654\IssuedDocuments\Final Report\T+T_2022_IAG_C4160440_Report.docx,2022-12-16
1502000,0656,1502000.0656,\\ttgroup.local\corporate\Auckland\Projects\1502000\1502000.0656\IssuedDocuments\T+T_2022-IAG-C4161688_Report.docx,2023-03-06
1502000,0662,1502000.0662,\\ttgroup.local\corporate\Auckland\Projects\1502000\1502000.0662\IssuedDocuments\Final Report\T+T-2022-IAG-C4153345-Report V2.docx,2023-03-29
1502000,0663,1502000.0663,\\ttgroup.local\corporate\Auckland\Projects\1502000\1502000.0663\IssuedDocuments\Final report\T+T-2022-IAG-C0780091-Final report.docx,2022-12-15
1502000,0666,1502000.0666,\\ttgroup.local\corporate\Auckland\Projects\1502000\1502000.0666\IssuedDocuments\Revised final report\T+T-2022-IAG-C4155960-Final report V3.docx,2023-01-22
1502000,0668,1502000.0668,\\ttgroup.local\corporate\Auckland\Projects\1502000\1502000.0668\IssuedDocuments\Final report\T+T-2022-IAG-C0782635-Final report.docx,2022-11-24
1502000,0669,1502000.0669,\\ttgroup.local\corporate\Auckland\Projects\1502000\1502000.0669\IssuedDocuments\Extra request Jan 2025\T+T_2022-IAG-C0780089_ Report Rev 1.docx,2025-01-16
1502000,0670,1502000.0670,\\ttgroup.local\corporate\Auckland\Projects\1502000\1502000.0670\IssuedDocuments\Respnses to the queries\T+T_2022-IAG-C0781600_Report.docx,2024-03-10
1502000,0671,1502000.0671,\\ttgroup.local\corporate\Auckland\Projects\1502000\1502000.0671\IssuedDocuments\Final\T+T_2022-IAG-C4156008_Report.docx,2023-01-22
1502000,0672,1502000.0672,\\ttgroup.local\corporate\Auckland\Projects\1502000\1502000.0672\IssuedDocuments\Final Report\T+T_C0780960_IAG_ Report.docx,2022-10-16
1502000,0674,1502000.0674,\\ttgroup.local\corporate\Auckland\Projects\1502000\1502000.0674\IssuedDocuments\Extra Request\T+T_2022-IAG-C4158628 Final Report Rev 1.docx,2024-06-14
1502000,0675,1502000.0675,\\ttgroup.local\corporate\Auckland\Projects\1502000\1502000.0675\IssuedDocuments\Final report\T+T-2022-IAG-C4151111 EQ-Final report.docx,2022-11-07
1502000,0677,1502000.0677,\\ttgroup.local\corporate\Auckland\Projects\1502000\1502000.0677\IssuedDocuments\Final Report\T+T_2022_IAG_C4157225_Report.docx,2022-11-22
1502000,0679,1502000.0679,\\ttgroup.local\corporate\Auckland\Projects\1502000\1502000.0679\IssuedDocuments\Final report\T+T-2022-IAG-C4158422-Final report.docx,2023-03-05
1502000,0681,1502000.0681,\\ttgroup.local\corporate\Auckland\Projects\1502000\1502000.0681\IssuedDocuments\Final Report\T+T_2022_IAG_8055821 EQ_Report V1.docx,2023-03-19
1502000,0682,1502000.0682,\\ttgroup.local\corporate\Auckland\Projects\1502000\1502000.0682\IssuedDocuments\Final Report\T+T_2022_IAG-C0779663_Report.docx,2022-10-17
1502000,0683,1502000.0683,\\ttgroup.local\corporate\Auckland\Projects\1502000\1502000.0683\IssuedDocuments\T+T_2022-IAG-C0780234_Report_Rev 1.docx,2022-12-22
1502000,0684,1502000.0684,\\ttgroup.local\corporate\Auckland\Projects\1502000\1502000.0684\IssuedDocuments\Final Report\T+T_2022_IAG-C0778017_Report.docx,2022-11-07
1502000,0685,1502000.0685,\\ttgroup.local\corporate\Auckland\Projects\1502000\1502000.0685\IssuedDocuments\Final\T+T_2022-IAG-80064724-Report.docx,2022-10-18
1502000,0686,1502000.0686,\\ttgroup.local\corporate\Auckland\Projects\1502000\1502000.0686\IssuedDocuments\Extra Request October 2023\Final report V4\T+T-2022-IAG-C0779718 EQ-Final report V4.docx,2023-10-24
1502000,0687,1502000.0687,\\ttgroup.local\corporate\Auckland\Projects\1502000\1502000.0687\IssuedDocuments\Final report\T+T-2022-IAG-C4154667-Final report.docx,2022-11-09
1502000,0688,1502000.0688,\\ttgroup.local\corporate\Auckland\Projects\1502000\1502000.0688\IssuedDocuments\Final\T+T_2022_IAG-C0780397_Report.docx,2023-02-01
1502000,0689,1502000.0689,\\ttgroup.local\corporate\Auckland\Projects\1502000\1502000.0689\IssuedDocuments\Final Report\T+T_2022-IAG-C4168176_Final Report.docx,2022-10-13
1502000,0690,1502000.0690,\\ttgroup.local\corporate\Auckland\Projects\1502000\1502000.0690\IssuedDocuments\Final Report\T+T_2022-IAG-C4167768_Final Report.docx,2022-11-09
1502000,0692,1502000.0692,\\ttgroup.local\corporate\Auckland\Projects\1502000\1502000.0692\IssuedDocuments\Final report\T+T-2022-IAG-8055155-Final report.docx,2023-01-24
1502000,0693,1502000.0693,\\ttgroup.local\corporate\Auckland\Projects\1502000\1502000.0693\IssuedDocuments\Final Report\T+T_2022_IAG-C0780244_Report.docx,2022-11-17
1502000,0694,1502000.0694,\\ttgroup.local\corporate\Auckland\Projects\1502000\1502000.0694\IssuedDocuments\Final report\T+T-2022-IAG-C0782604-Final report.docx,2023-05-16
1502000,0695,1502000.0695,\\ttgroup.local\corporate\Auckland\Projects\1502000\1502000.0695\IssuedDocuments\Final report\T+T-2022-IAG-C0781692-Final report.docx,2022-12-06
1502000,0696,1502000.0696,\\ttgroup.local\corporate\Auckland\Projects\1502000\1502000.0696\IssuedDocuments\T+T_2022_IAG_C0781672-Final Report.docx,2022-12-21
1502000,0697,1502000.0697,\\ttgroup.local\corporate\Auckland\Projects\1502000\1502000.0697\IssuedDocuments\T+T-2022-IAG-C4155983_Report.docx,2022-12-21
1502000,0698,1502000.0698,\\ttgroup.local\corporate\Auckland\Projects\1502000\1502000.0698\IssuedDocuments\Final Report V6\T+T_2022_IAG-C4154609_Report V6.docx,2024-09-17
1502000,0699,1502000.0699,\\ttgroup.local\corporate\Auckland\Projects\1502000\1502000.0699\IssuedDocuments\Final report\T+T-2022-IAG-C4152353-Final report.docx,2022-12-12
1502000,0700,1502000.0700,\\ttgroup.local\corporate\Auckland\Projects\1502000\1502000.0700\IssuedDocuments\Final report\T+T-2022-IAG-C4156111-Final report.docx,2022-11-15
1502000,0701,1502000.0701,\\ttgroup.local\corporate\Auckland\Projects\1502000\1502000.0701\IssuedDocuments\Shared Land Report\Final report\T+T-2022-IAG-Shared land-Final report.docx,2023-06-08
1502000,0702,1502000.0702,\\ttgroup.local\corporate\Auckland\Projects\1502000\1502000.0702\IssuedDocuments\Final Report V2\T+T_2022-IAG-C0078264_Final Report V2.docx,2023-07-07
1502000,0703,1502000.0703,\\ttgroup.local\corporate\Auckland\Projects\1502000\1502000.0703\IssuedDocuments\Final report\T+T-2022-IAG-C0781887-Final Report.docx,2023-01-23
1502000,0705,1502000.0705,\\ttgroup.local\corporate\Auckland\Projects\1502000\1502000.0705\IssuedDocuments\Final Report\T+T_2022-IAG-C0786019_Report.docx,2022-12-21
1502000,0707,1502000.0707,\\ttgroup.local\corporate\Auckland\Projects\1502000\1502000.0707\IssuedDocuments\Final Report\T+T_2022-IAG-C0780307_Final Report.docx,2023-05-25
1502000,0708,1502000.0708,\\ttgroup.local\corporate\Auckland\Projects\1502000\1502000.0708\IssuedDocuments\Final Report Rev 1\T+T_2022-IAG-8055038_Final Report_Rev 1.docx,2022-12-18
1502000,0709,1502000.0709,\\ttgroup.local\corporate\Auckland\Projects\1502000\1502000.0709\IssuedDocuments\Seperate reports\Lot 2\Final Report\T+T_2023-AA-C4155452 EQL_Lot 2_Final Report.docx,2023-08-08
1502000,0710,1502000.0710,\\ttgroup.local\corporate\Auckland\Projects\1502000\1502000.0710\IssuedDocuments\Final report\T+T-2022-IAG-C0781993-Final report.docx,2023-02-24
1502000,0711,1502000.0711,\\ttgroup.local\corporate\Auckland\Projects\1502000\1502000.0711\IssuedDocuments\Final report\T+T-2022-IAG-C0781133-Final report V2.docx,2023-07-19
1502000,0712,1502000.0712,\\ttgroup.local\corporate\Auckland\Projects\1502000\1502000.0712\IssuedDocuments\Final Report\T+T_2022_IAG_C0780083_Report V1.docx,2022-11-24
1502000,0713,1502000.0713,\\ttgroup.local\corporate\Auckland\Projects\1502000\1502000.0713\IssuedDocuments\Final report\T+T-2022-IAG-C4150827-Final report.docx,2022-12-12
1502000,0714,1502000.0714,\\ttgroup.local\corporate\Auckland\Projects\1502000\1502000.0714\IssuedDocuments\Draft v2\T+T_2022-IAG-C0783661_Draft Report V2.docx,2023-02-09
1502000,0715,1502000.0715,\\ttgroup.local\corporate\Auckland\Projects\1502000\1502000.0715\IssuedDocuments\T+T_2022-IAG-C0782542_Report.docx,2023-03-21
1502000,0717,1502000.0717,\\ttgroup.local\corporate\Auckland\Projects\1502000\1502000.0717\IssuedDocuments\Final report\T+T-2022-IAG-C4135634-Final report V2.docx,2022-11-02
1502000,0719,1502000.0719,\\ttgroup.local\corporate\Auckland\Projects\1502000\1502000.0719\IssuedDocuments\Final report\T+T-2022-IAG-C4151540-Final report.docx,2022-11-08
1502000,0720,1502000.0720,\\ttgroup.local\corporate\Auckland\Projects\1502000\1502000.0720\IssuedDocuments\Final Report_V2\T+T_2022-IAG-C4161074_Final Report_V2.docx,2022-12-15
1502000,0723,1502000.0723,\\ttgroup.local\corporate\Auckland\Projects\1502000\1502000.0723\IssuedDocuments\Extra Request\T+T-2022-IAG-C0785088-Final report V4.docx,2023-06-13
1502000,0725,1502000.0725,\\ttgroup.local\corporate\Auckland\Projects\1502000\1502000.0725\IssuedDocuments\Final report\T+T-2022-IAG-C0779991-Final report.docx,2023-01-16
1502000,0726,1502000.0726,\\ttgroup.local\corporate\Auckland\Projects\1502000\1502000.0726\IssuedDocuments\T+T-2022-IAG-C0781282-Final report.docx,2022-11-06
1502000,0729,1502000.0729,\\ttgroup.local\corporate\Auckland\Projects\1502000\1502000.0729\IssuedDocuments\Final Rev 1\T+T_2022-IAG-C4161459_Report_Rev 1.docx,2022-12-08
1502000,0731,1502000.0731,\\ttgroup.local\corporate\Auckland\Projects\1502000\1502000.0731\IssuedDocuments\Report\T+T_2022-IAG-C0780069_Report.docx,2022-10-26
1502000,0734,1502000.0734,\\ttgroup.local\corporate\Auckland\Projects\1502000\1502000.0734\IssuedDocuments\Final report V2\T+T-2022-IAG-C4162837-Final report V2.docx,2022-11-22
1502000,0735,1502000.0735,\\ttgroup.local\corporate\Auckland\Projects\1502000\1502000.0735\IssuedDocuments\Final Report\T+T_2022-IAG-C4153656_Final Report.docx,2022-12-05
1502000,0736,1502000.0736,\\ttgroup.local\corporate\Auckland\Projects\1502000\1502000.0736\IssuedDocuments\Final Report\T+T_2022_IAG_C0780107_Report.docx,2023-01-23
1502000,0737,1502000.0737,\\ttgroup.local\corporate\Auckland\Projects\1502000\1502000.0737\IssuedDocuments\T+T_2022-IAG-C0782327_Final Report.docx,2023-05-08
1502000,0738,1502000.0738,\\ttgroup.local\corporate\Auckland\Projects\1502000\1502000.0738\IssuedDocuments\Final\T+T_2022_IAG_C4153511_Report.docx,2022-11-25
1502000,0740,1502000.0740,\\ttgroup.local\corporate\Auckland\Projects\1502000\1502000.0740\IssuedDocuments\Final Report V2\T+T_2022_IAG-C4148164_Final Report V2.docx,2023-07-20
1502000,0741,1502000.0741,\\ttgroup.local\corporate\Auckland\Projects\1502000\1502000.0741\IssuedDocuments\Extra Request April 2024\Final Report V2\T+T-2022-IAG-C4152881 EQL-Final Report_V2.docx,2024-07-09
1502000,0742,1502000.0742,\\ttgroup.local\corporate\Auckland\Projects\1502000\1502000.0742\IssuedDocuments\Final Report V2\T+T_2022_IAG-C4156219_Final Report V2.docx,2023-07-21
1502000,0743,1502000.0743,\\ttgroup.local\corporate\Auckland\Projects\1502000\1502000.0743\IssuedDocuments\Final Report Rev 4\T+T_2022-IAG-C0794233_Final Report REV4.docx,2025-11-20
1502000,0744,1502000.0744,\\ttgroup.local\corporate\Auckland\Projects\1502000\1502000.0744\IssuedDocuments\Final report\T+T-2022-IAG-C04150655-Final report.docx,2022-12-04
1502000,0745,1502000.0745,\\ttgroup.local\corporate\Auckland\Projects\1502000\1502000.0745\IssuedDocuments\Final Report\T+T_2022_IAG-8056343 EQL_Final Report.docx,2023-02-13
1502000,0746,1502000.0746,\\ttgroup.local\corporate\Auckland\Projects\1502000\1502000.0746\IssuedDocuments\Final Report\T+T_2022_IAG_C0781316_Report.docx,2022-10-19
1502000,0747,1502000.0747,\\ttgroup.local\corporate\Auckland\Projects\1502000\1502000.0747\IssuedDocuments\Final Report\T+T_2022_IAG_C4154317_Report.docx,2023-02-27
1502000,0748,1502000.0748,\\ttgroup.local\corporate\Auckland\Projects\1502000\1502000.0748\IssuedDocuments\Final Report V2\T+T_2022_IAG-C4154770_Final Report V2.docx,2022-11-30
1502000,0749,1502000.0749,\\ttgroup.local\corporate\Auckland\Projects\1502000\1502000.0749\IssuedDocuments\Final Report\T+T_2022_IAG-C4170707_Final Report.docx,2023-01-19
1502000,0750,1502000.0750,\\ttgroup.local\corporate\Auckland\Projects\1502000\1502000.0750\IssuedDocuments\Final\T+T_2022 - IAG - C4162584_Final Report.docx,2022-10-26
1502000,0751,1502000.0751,\\ttgroup.local\corporate\Auckland\Projects\1502000\1502000.0751\IssuedDocuments\T+T_2022-IAG-C0787970_Report.docx,2023-02-06
1502000,0752,1502000.0752,\\ttgroup.local\corporate\Auckland\Projects\1502000\1502000.0752\IssuedDocuments\T+T-2022-IAG-C0784208-Final Report V4.docx,2023-10-09
1502000,0753,1502000.0753,\\ttgroup.local\corporate\Auckland\Projects\1502000\1502000.0753\IssuedDocuments\Final report\T+T-2022-IAG-C0780170-Final report.docx,2023-02-08
1502000,0754,1502000.0754,\\ttgroup.local\corporate\Auckland\Projects\1502000\1502000.0754\IssuedDocuments\T+T_2022-IAG-C0785976_Report.docx,2022-11-29
1502000,0755,1502000.0755,\\ttgroup.local\corporate\Auckland\Projects\1502000\1502000.0755\IssuedDocuments\Final\T+T_2022-IAG-C4153419_Report.docx,2022-11-23
1502000,0759,1502000.0759,\\ttgroup.local\corporate\Auckland\Projects\1502000\1502000.0759\IssuedDocuments\Final report\T+T-2022-IAG-8060098-Final report V2.docx,2022-11-23
1502000,0760,1502000.0760,\\ttgroup.local\corporate\Auckland\Projects\1502000\1502000.0760\IssuedDocuments\6. Extra request January 2024\Final Report\T+T_2022_IAG-C0785212_Report_V4.docx,2024-03-25
1502000,0761,1502000.0761,\\ttgroup.local\corporate\Auckland\Projects\1502000\1502000.0761\IssuedDocuments\Final report\T+T-2022-IAG-C0783281-Final report.docx,2023-01-18
1502000,0762,1502000.0762,\\ttgroup.local\corporate\Auckland\Projects\1502000\1502000.0762\IssuedDocuments\Final Report_V2\T+T_2022-IAG-C0787951-Final Report V2.docx,2023-05-19
1502000,0763,1502000.0763,\\ttgroup.local\corporate\Auckland\Projects\1502000\1502000.0763\IssuedDocuments\Extra request July 2023\T+T-2022-IAG-C0784120-Final report V3.docx,2023-07-25
1502000,0766,1502000.0766,\\ttgroup.local\corporate\Auckland\Projects\1502000\1502000.0766\IssuedDocuments\Final Report\T+T-2023-IAG-C0780049-Final Report.docx,2023-06-07
1502000,0769,1502000.0769,\\ttgroup.local\corporate\Auckland\Projects\1502000\1502000.0769\IssuedDocuments\Final report\T+T-2022-IAG-C0776642-Final report.docx,2022-10-27
1502000,0770,1502000.0770,\\ttgroup.local\corporate\Auckland\Projects\1502000\1502000.0770\IssuedDocuments\Final Report\T+T_2022_IAG_C4159316_Report.docx,2022-11-29
1502000,0771,1502000.0771,\\ttgroup.local\corporate\Auckland\Projects\1502000\1502000.0771\IssuedDocuments\Final Report V7\T+T_2022-IAG-C0779384-Final Report V7.docx,2024-01-30
1502000,0772,1502000.0772,\\ttgroup.local\corporate\Auckland\Projects\1502000\1502000.0772\IssuedDocuments\T+T_2022_IAG_C0786094_Report.docx,2023-02-22
1502000,0773,1502000.0773,\\ttgroup.local\corporate\Auckland\Projects\1502000\1502000.0773\IssuedDocuments\Final report\T+T-2022-IAG-C0915817-Final report.docx,2023-05-18
1502000,0774,1502000.0774,\\ttgroup.local\corporate\Auckland\Projects\1502000\1502000.0774\IssuedDocuments\Final Report\T+T_2022-IAG-8058277_Final Report.docx,2022-10-25
1502000,0775,1502000.0775,\\ttgroup.local\corporate\Auckland\Projects\1502000\1502000.0775\IssuedDocuments\Final report\T+T-2022-IAG-C4157054-Final report.docx,2023-03-30
1502000,0776,1502000.0776,\\ttgroup.local\corporate\Auckland\Projects\1502000\1502000.0776\IssuedDocuments\T+T_2022-IAG-C0786736_Report.docx,2023-01-17
1502000,0777,1502000.0777,\\ttgroup.local\corporate\Auckland\Projects\1502000\1502000.0777\IssuedDocuments\Final Report\T+T_2022_IAG_C0783611_Report.docx,2022-12-20
1502000,0778,1502000.0778,\\ttgroup.local\corporate\Auckland\Projects\1502000\1502000.0778\IssuedDocuments\Final Report\T+T_2022_IAG_C0780374_Report.docx,2023-01-24
1502000,0779,1502000.0779,\\ttgroup.local\corporate\Auckland\Projects\1502000\1502000.0779\IssuedDocuments\Final report\T+T-2022-IAG-C0786124-Final Report.docx,2023-04-30
1502000,0780,1502000.0780,\\ttgroup.local\corporate\Auckland\Projects\1502000\1502000.0780\IssuedDocuments\Extra Request October 2023\T+T_2022-IAG-C4161055_Final Report.docx,2023-12-14
1502000,0781,1502000.0781,\\ttgroup.local\corporate\Auckland\Projects\1502000\1502000.0781\IssuedDocuments\T+T_2022-IAG-C0787676_Report.docx,2023-04-04
1502000,0782,1502000.0782,\\ttgroup.local\corporate\Auckland\Projects\1502000\1502000.0782\IssuedDocuments\Final Report\T+T_2022_IAG-C4154710_Report.docx,2023-01-24
1502000,0783,1502000.0783,\\ttgroup.local\corporate\Auckland\Projects\1502000\1502000.0783\IssuedDocuments\Final Report\T+T_2022_IAG-C4182200_Report_V2.docx,2023-02-28
1502000,0784,1502000.0784,\\ttgroup.local\corporate\Auckland\Projects\1502000\1502000.0784\IssuedDocuments\Final Report\T+T_2022-IAG-C4171172_Final Report.docx,2023-05-01
1502000,0786,1502000.0786,\\ttgroup.local\corporate\Auckland\Projects\1502000\1502000.0786\IssuedDocuments\Final\T+T_2022-IAG-C4152915_Report.docx,2023-01-23
1502000,0787,1502000.0787,\\ttgroup.local\corporate\Auckland\Projects\1502000\1502000.0787\IssuedDocuments\Final report\T+T-2022-IAG-C4170427-Final report.docx,2022-11-16
1502000,0790,1502000.0790,\\ttgroup.local\corporate\Auckland\Projects\1502000\1502000.0790\IssuedDocuments\Final report\T+T-2022-IAG-C0775195-Final report.docx,2022-11-13
1502000,0791,1502000.0791,\\ttgroup.local\corporate\Auckland\Projects\1502000\1502000.0791\IssuedDocuments\Final report\T+T-2022-IAG-C4148120-Final report V2.docx,2023-01-09
1502000,0792,1502000.0792,\\ttgroup.local\corporate\Auckland\Projects\1502000\1502000.0792\IssuedDocuments\Final Report\T+T_2022_IAG_C0782836_Report.docx,2023-02-08
1502000,0793,1502000.0793,\\ttgroup.local\corporate\Auckland\Projects\1502000\1502000.0793\IssuedDocuments\Final report\T+T-2022-IAG-C0798439-Final report.docx,2023-04-19
1502000,0794,1502000.0794,\\ttgroup.local\corporate\Auckland\Projects\1502000\1502000.0794\IssuedDocuments\Final Report\T+T_C0780261_IAG_ Report V1.docx,2022-11-11
1502000,0795,1502000.0795,\\ttgroup.local\corporate\Auckland\Projects\1502000\1502000.0795\IssuedDocuments\Final report\T+T-2022-FMG-C0783665-Final report.docx,2023-04-11
1502000,0796,1502000.0796,\\ttgroup.local\corporate\Auckland\Projects\1502000\1502000.0796\IssuedDocuments\Final report\T+T-2022-FMG-8057038-Final report.docx,2023-04-11
1502000,0797,1502000.0797,\\ttgroup.local\corporate\Auckland\Projects\1502000\1502000.0797\IssuedDocuments\Final report\T+T-2022-FMG-C4158780-Final report.docx,2023-04-11
1502000,0798,1502000.0798,\\ttgroup.local\corporate\Auckland\Projects\1502000\1502000.0798\IssuedDocuments\Final report\T+T-2022-FMG-C4160247-Final report.docx,2023-04-11
1502000,0799,1502000.0799,\\ttgroup.local\corporate\Auckland\Projects\1502000\1502000.0799\IssuedDocuments\Final report\T+T-2022-FMG-C0783575-Final report.docx,2023-04-13
1502000,0800,1502000.0800,\\ttgroup.local\corporate\Auckland\Projects\1502000\1502000.0800\IssuedDocuments\Final Report\T+T-2023-IAG-C4165099-Final Report.docx,2023-02-07
1502000,0801,1502000.0801,\\ttgroup.local\corporate\Auckland\Projects\1502000\1502000.0801\IssuedDocuments\Final Report\T+T_2022_IAG_C4158488_Final Report.docx,2023-01-18
1502000,0802,1502000.0802,\\ttgroup.local\corporate\Auckland\Projects\1502000\1502000.0802\IssuedDocuments\T+T-2022-IAG-C4141482-Final report.docx,2022-11-13
1502000,0803,1502000.0803,\\ttgroup.local\corporate\Auckland\Projects\1502000\1502000.0803\IssuedDocuments\T+T_2022-IAG-C4160543_Report.docx,2022-12-06
1502000,0804,1502000.0804,\\ttgroup.local\corporate\Auckland\Projects\1502000\1502000.0804\IssuedDocuments\Final\T+T 2022_IAG_C4177155_Final Report Rev2.docx,2022-12-08
1502000,0805,1502000.0805,\\ttgroup.local\corporate\Auckland\Projects\1502000\1502000.0805\IssuedDocuments\Final Report V2\T+T_2023-IAG-C0788829_Final Report v2.docx,2025-07-27
1502000,0806,1502000.0806,\\ttgroup.local\corporate\Auckland\Projects\1502000\1502000.0806\IssuedDocuments\Final\T+T 2022_IAG_C4154579_Final report REV2.docx,2022-12-08
1502000,0808,1502000.0808,\\ttgroup.local\corporate\Auckland\Projects\1502000\1502000.0808\IssuedDocuments\Final Report\T+T-2022-IAG-8055120-Final Report.docx,2023-01-30
1502000,0812,1502000.0812,\\ttgroup.local\corporate\Auckland\Projects\1502000\1502000.0812\IssuedDocuments\Final\T+T_2022_IAG_C4173898_Final Report.docx,2022-12-22
1502000,0813,1502000.0813,\\ttgroup.local\corporate\Auckland\Projects\1502000\1502000.0813\IssuedDocuments\Final report\T+T-2022-IAG-C4143610-Final report.docx,2023-01-11
1502000,0815,1502000.0815,\\ttgroup.local\corporate\Auckland\Projects\1502000\1502000.0815\IssuedDocuments\Final Report\T+T_2022-IAG-C0779940_Final Report.docx,2023-05-09
1502000,0817,1502000.0817,\\ttgroup.local\corporate\Auckland\Projects\1502000\1502000.0817\IssuedDocuments\Final report\T+T-2022-IAG-C4155586-Final report.docx,2023-02-20
1502000,0818,1502000.0818,\\ttgroup.local\corporate\Auckland\Projects\1502000\1502000.0818\IssuedDocuments\T+T_2022-IAG-8057925_Report.docx,2023-03-21
1502000,0819,1502000.0819,\\ttgroup.local\corporate\Auckland\Projects\1502000\1502000.0819\IssuedDocuments\Final report\T+T-2022-IAG-C4158244-Final report.docx,2022-11-29
1502000,0821,1502000.0821,\\ttgroup.local\corporate\Auckland\Projects\1502000\1502000.0821\IssuedDocuments\Final report\T+T-2022-IAG-C0799703-Final report.docx,2022-11-29
1502000,0822,1502000.0822,\\ttgroup.local\corporate\Auckland\Projects\1502000\1502000.0822\IssuedDocuments\T+T_2022-IAG-8055106_Report.docx,2023-02-27
1502000,0823,1502000.0823,\\ttgroup.local\corporate\Auckland\Projects\1502000\1502000.0823\IssuedDocuments\Final Report\T+T_2022_IAG-C0784771_Final Report.docx,2023-01-23
1502000,0824,1502000.0824,\\ttgroup.local\corporate\Auckland\Projects\1502000\1502000.0824\IssuedDocuments\Revision 2\T+T-2022-IAG-C4167718_Report_Rev 2.docx,2023-01-22
1502000,0825,1502000.0825,\\ttgroup.local\corporate\Auckland\Projects\1502000\1502000.0825\IssuedDocuments\Final report\T+T-2022-IAG-8055533-Final report V3.docx,2022-12-22
1502000,0826,1502000.0826,\\ttgroup.local\corporate\Auckland\Projects\1502000\1502000.0826\IssuedDocuments\Final Report_V2\T+T_2022_IAG-C0799712_Final_Report_V2.docx,2022-10-30
1502000,0827,1502000.0827,\\ttgroup.local\corporate\Auckland\Projects\1502000\1502000.0827\IssuedDocuments\Final report\T+T-2022-IAG-C4178538-Final report V2.docx,2022-11-07
1502000,0828,1502000.0828,\\ttgroup.local\corporate\Auckland\Projects\1502000\1502000.0828\IssuedDocuments\Final report\T+T-2022-IAG-C4174814-Final report.docx,2023-01-22
1502000,0833,1502000.0833,\\ttgroup.local\corporate\Auckland\Projects\1502000\1502000.0833\IssuedDocuments\T+T_2022-IAG-C4158575_Report.docx,2023-02-28
1502000,0834,1502000.0834,\\ttgroup.local\corporate\Auckland\Projects\1502000\1502000.0834\IssuedDocuments\Final Report\T+T_2022-IAG_C4153895_Report.docx,2022-11-30
1502000,0835,1502000.0835,\\ttgroup.local\corporate\Auckland\Projects\1502000\1502000.0835\IssuedDocuments\Draft Revision 2\T+T_2023-IAG-C0781648_Final Report - Rev 2.docx,2023-07-21
1502000,0837,1502000.0837,\\ttgroup.local\corporate\Auckland\Projects\1502000\1502000.0837\IssuedDocuments\Final report\T+T-2022-IAG-C0785087-Final report.docx,2023-01-10
1502000,0838,1502000.0838,\\ttgroup.local\corporate\Auckland\Projects\1502000\1502000.0838\IssuedDocuments\Final Report\T+T_2022_IAG-C0781581_Final Report.docx,2023-06-25
1502000,0839,1502000.0839,\\ttgroup.local\corporate\Auckland\Projects\1502000\1502000.0839\IssuedDocuments\Extra request\Final report V4\T+T-2022-IAG-8055274-Final Report V4.docx,2024-05-22
1502000,0841,1502000.0841,\\ttgroup.local\corporate\Auckland\Projects\1502000\1502000.0841\IssuedDocuments\Final Report\T+T_2022_C4157641_IAG_Report.docx,2022-11-17
1502000,0842,1502000.0842,\\ttgroup.local\corporate\Auckland\Projects\1502000\1502000.0842\IssuedDocuments\Draft Report\T+T-2023-IAG-C0788199-Draft report.docx,2023-03-14
1502000,0845,1502000.0845,\\ttgroup.local\corporate\Auckland\Projects\1502000\1502000.0845\IssuedDocuments\Final Report\T+T_2022-IAG-C8055000.EQC LAND-Final Report.docx,2022-12-21
1502000,0846,1502000.0846,\\ttgroup.local\corporate\Auckland\Projects\1502000\1502000.0846\IssuedDocuments\Final report V2\T+T-2022-IAG-8059386-Final report V2.docx,2023-08-11
1502000,0847,1502000.0847,\\ttgroup.local\corporate\Auckland\Projects\1502000\1502000.0847\IssuedDocuments\T+T_2022-IAG-C4153462_Report.docx,2022-12-11
1502000,0848,1502000.0848,\\ttgroup.local\corporate\Auckland\Projects\1502000\1502000.0848\IssuedDocuments\Final\T+T_2022_IAG_8055074_Final Report.docx,2022-11-29
1502000,0849,1502000.0849,\\ttgroup.local\corporate\Auckland\Projects\1502000\1502000.0849\IssuedDocuments\Final\T+T-2022-IAG-C4153714_Report.docx,2022-11-23
1502000,0851,1502000.0851,\\ttgroup.local\corporate\Auckland\Projects\1502000\1502000.0851\IssuedDocuments\Final Supplementary Report\T+T_2022_IAG-C4187561_Final Supplementary Report.docx,2024-04-19
1502000,0852,1502000.0852,\\ttgroup.local\corporate\Auckland\Projects\1502000\1502000.0852\IssuedDocuments\T+T_2022-IAG-C4157622_Final Report_V2.docx,2023-06-01
1502000,0855,1502000.0855,\\ttgroup.local\corporate\Auckland\Projects\1502000\1502000.0855\IssuedDocuments\Final report\T+T-2022-IAG-C4208094-Final report Rev1.docx,2022-11-21
1502000,0856,1502000.0856,\\ttgroup.local\corporate\Auckland\Projects\1502000\1502000.0856\IssuedDocuments\T+T_2022-IAG-C0780953_Report.docx,2022-12-21
1502000,0859,1502000.0859,\\ttgroup.local\corporate\Auckland\Projects\1502000\1502000.0859\IssuedDocuments\Final report\T+T-2022-IAG-C4153483-Final report.docx,2022-11-09
1502000,0861,1502000.0861,\\ttgroup.local\corporate\Auckland\Projects\1502000\1502000.0861\IssuedDocuments\Final report\T+T-2022-IAG-C4155721-Final report.docx,2023-01-18
1502000,0864,1502000.0864,\\ttgroup.local\corporate\Auckland\Projects\1502000\1502000.0864\IssuedDocuments\Final report V2\T+T-2022-IAG-C0799753-Final report V2.docx,2022-11-22
1502000,0866,1502000.0866,\\ttgroup.local\corporate\Auckland\Projects\1502000\1502000.0866\IssuedDocuments\Final\T+T_2022-IAG-C4179084_Report.docx,2022-11-07
1502000,0867,1502000.0867,\\ttgroup.local\corporate\Auckland\Projects\1502000\1502000.0867\IssuedDocuments\T+T_2022-IAG-C0790738_Report_Rev 1.docx,2023-03-06
1502000,0870,1502000.0870,\\ttgroup.local\corporate\Auckland\Projects\1502000\1502000.0870\IssuedDocuments\Final\T+T-2022-IAG-C0783733_Report.docx,2022-11-22
1502000,0871,1502000.0871,\\ttgroup.local\corporate\Auckland\Projects\1502000\1502000.0871\IssuedDocuments\Final\T+T_2022-IAG-C4152730_Report.docx,2023-04-18
1502000,0872,1502000.0872,\\ttgroup.local\corporate\Auckland\Projects\1502000\1502000.0872\IssuedDocuments\Final\T+T_2022-IAG-C4155354_Report.docx,2022-11-14
1502000,0873,1502000.0873,\\ttgroup.local\corporate\Auckland\Projects\1502000\1502000.0873\IssuedDocuments\Final report\T+T-2022-IAG-C0790452-Final report.docx,2023-01-11
1502000,0876,1502000.0876,\\ttgroup.local\corporate\Auckland\Projects\1502000\1502000.0876\IssuedDocuments\Final Report V3 (March 2023)\T+T_2022_IAG-C4191459_Final Report V3.docx,2023-03-02
1502000,0877,1502000.0877,\\ttgroup.local\corporate\Auckland\Projects\1502000\1502000.0877\IssuedDocuments\Final Report\T+T_2022-IAG-Shared Claim_Final Report.docx,2023-01-11
1502000,0878,1502000.0878,\\ttgroup.local\corporate\Auckland\Projects\1502000\1502000.0878\IssuedDocuments\Final Report\T+T_2022_IAG-C4142763_Final Report_7 Holborn Road.docx,2023-01-11
1502000,0879,1502000.0879,\\ttgroup.local\corporate\Auckland\Projects\1502000\1502000.0879\IssuedDocuments\Final Report V2\T+T_2022-IAG-C4151805EQC_Final Report V2.docx,2023-04-13
1502000,0880,1502000.0880,\\ttgroup.local\corporate\Auckland\Projects\1502000\1502000.0880\IssuedDocuments\Draft V2\T+T_2022-IAG-C4159808_Report.docx,2023-03-02
1502000,0881,1502000.0881,\\ttgroup.local\corporate\Auckland\Projects\1502000\1502000.0881\IssuedDocuments\Extra Request\T+T-2022-IAG-C4152071-Report V3.docx,2023-12-19
1502000,0882,1502000.0882,\\ttgroup.local\corporate\Auckland\Projects\1502000\1502000.0882\IssuedDocuments\Final\T+T 2022_IAG_C4196647_Final report_Rev1.docx,2023-02-06
1502000,0883,1502000.0883,\\ttgroup.local\corporate\Auckland\Projects\1502000\1502000.0883\IssuedDocuments\Extra request May 2023\Final Report_V2\T+T_2022-IAG-C4175319_Final Report_V2.docx,2023-08-21
1502000,0884,1502000.0884,\\ttgroup.local\corporate\Auckland\Projects\1502000\1502000.0884\IssuedDocuments\T+T_2022-IAG-C4173212_Report.docx,2023-03-02
1502000,0885,1502000.0885,\\ttgroup.local\corporate\Auckland\Projects\1502000\1502000.0885\IssuedDocuments\Final Report\T+T_2022_IAG-C4187050_Report.docx,2022-12-16
1502000,0886,1502000.0886,\\ttgroup.local\corporate\Auckland\Projects\1502000\1502000.0886\IssuedDocuments\Final report\T+T-2022-IAG-C4192365-Final Report.docx,2022-11-02
1502000,0887,1502000.0887,\\ttgroup.local\corporate\Auckland\Projects\1502000\1502000.0887\IssuedDocuments\Final report\T+T-2022-IAG-8058391-Final report.docx,2022-11-21
1502000,0888,1502000.0888,\\ttgroup.local\corporate\Auckland\Projects\1502000\1502000.0888\IssuedDocuments\Final Report V2\T+T_2022_IAG-C4154577_Final Report V2.docx,2023-01-17
1502000,0889,1502000.0889,\\ttgroup.local\corporate\Auckland\Projects\1502000\1502000.0889\IssuedDocuments\Final Report\T+T_2022-IAG-80068142_Report.docx,2023-02-12
1502000,0890,1502000.0890,\\ttgroup.local\corporate\Auckland\Projects\1502000\1502000.0890\IssuedDocuments\Final Report V2\T+T_2022_IAG-C4162243_Final Report V2.docx,2024-08-04
1502000,0891,1502000.0891,\\ttgroup.local\corporate\Auckland\Projects\1502000\1502000.0891\IssuedDocuments\Final report\T+T-2022-IAG-C4168284-Final report.docx,2022-11-06
1502000,0892,1502000.0892,\\ttgroup.local\corporate\Auckland\Projects\1502000\1502000.0892\IssuedDocuments\Final report\T+T_2022_IAG-C4159386_Final Report.docx,2023-04-12
1502000,0893,1502000.0893,\\ttgroup.local\corporate\Auckland\Projects\1502000\1502000.0893\IssuedDocuments\Additional Request\Supplementary letter Final\T+T_2022-IAG-C0802230_Supplementary_letter_report.docx,2024-05-27
1502000,0895,1502000.0895,\\ttgroup.local\corporate\Auckland\Projects\1502000\1502000.0895\IssuedDocuments\T+T-2022-IAG_C0777648-Final Report Rev1.docx,2023-04-17
1502000,0897,1502000.0897,\\ttgroup.local\corporate\Auckland\Projects\1502000\1502000.0897\IssuedDocuments\T+T_2022-IAG-C4161052_Report_Rev 1.docx,2023-01-22
1502000,0898,1502000.0898,\\ttgroup.local\corporate\Auckland\Projects\1502000\1502000.0898\IssuedDocuments\Final Report\KE_T+T_2022_IAG-C4178671_Final Report.docx,2023-01-11
1502000,0899,1502000.0899,\\ttgroup.local\corporate\Auckland\Projects\1502000\1502000.0899\IssuedDocuments\T+T_2022-IAG-C4195412_Report.docx,2023-02-06
1502000,0901,1502000.0901,\\ttgroup.local\corporate\Auckland\Projects\1502000\1502000.0901\IssuedDocuments\T+T_2022-IAG-C0786603_Report.docx,2023-02-19
1502000,0902,1502000.0902,\\ttgroup.local\corporate\Auckland\Projects\1502000\1502000.0902\IssuedDocuments\Final Report-combined\T+T-2022-C4157735-Final Report combined visits.docx,2023-08-03
1502000,0903,1502000.0903,\\ttgroup.local\corporate\Auckland\Projects\1502000\1502000.0903\IssuedDocuments\T+T_2022-IAG-C4160857_Final Report.docx,2023-11-08
1502000,0904,1502000.0904,\\ttgroup.local\corporate\Auckland\Projects\1502000\1502000.0904\IssuedDocuments\T+T_2022-IAG-C0786034_Report.docx,2022-12-08
1502000,0905,1502000.0905,\\ttgroup.local\corporate\Auckland\Projects\1502000\1502000.0905\IssuedDocuments\Final Report\T+T_2022_IAG-C0800170_Final Report.docx,2022-12-13
1502000,0906,1502000.0906,\\ttgroup.local\corporate\Auckland\Projects\1502000\1502000.0906\IssuedDocuments\Final Report\T+T_2022_IAG-C4194405_Final Report.docx,2023-01-20
1502000,0907,1502000.0907,\\ttgroup.local\corporate\Auckland\Projects\1502000\1502000.0907\IssuedDocuments\Final report\T+T-2022-IAG-C4193016-Final Report.docx,2023-02-01
1502000,0908,1502000.0908,\\ttgroup.local\corporate\Auckland\Projects\1502000\1502000.0908\IssuedDocuments\Draft Report\T+T_2022_IAG-C4194544_Draft Report.docx,2022-11-10
1502000,0909,1502000.0909,\\ttgroup.local\corporate\Auckland\Projects\1502000\1502000.0909\IssuedDocuments\Final Report\T+T_2022_IAG-8065122_Final Report.docx,2022-10-26
1502000,0910,1502000.0910,\\ttgroup.local\corporate\Auckland\Projects\1502000\1502000.0910\IssuedDocuments\Final report\T+T-2022-IAG-C4152676-Final report.docx,2022-11-21
1502000,0912,1502000.0912,\\ttgroup.local\corporate\Auckland\Projects\1502000\1502000.0912\IssuedDocuments\Draft Report\T+T_2022_IAG_C4196426_Report.docx,2023-03-26
1502000,0913,1502000.0913,\\ttgroup.local\corporate\Auckland\Projects\1502000\1502000.0913\IssuedDocuments\2025 update\T+T_2022-IAG-C4174041_Final Report.docx,2025-08-19
1502000,0914,1502000.0914,\\ttgroup.local\corporate\Auckland\Projects\1502000\1502000.0914\IssuedDocuments\Final Report_V1\T+T-2023-IAG-C0787938-Final Report_V1.docx,2023-04-19
1502000,0915,1502000.0915,\\ttgroup.local\corporate\Auckland\Projects\1502000\1502000.0915\IssuedDocuments\Final Report\T+T_2022-IAG-C4195773_Report.docx,2022-11-21
1502000,0916,1502000.0916,\\ttgroup.local\corporate\Auckland\Projects\1502000\1502000.0916\IssuedDocuments\T+T_2022-IAG-C0794003_Report.docx,2022-12-22
1502000,0917,1502000.0917,\\ttgroup.local\corporate\Auckland\Projects\1502000\1502000.0917\IssuedDocuments\Final report\T+T-2022-IAG-C0794636-Final report.docx,2022-12-12
1502000,0918,1502000.0918,\\ttgroup.local\corporate\Auckland\Projects\1502000\1502000.0918\IssuedDocuments\Final Report\T+T_2022-IAG-C0792477_Final Report.docx,2023-01-24
1502000,0919,1502000.0919,\\ttgroup.local\corporate\Auckland\Projects\1502000\1502000.0919\IssuedDocuments\Final report\T+T-2022-IAG-C0779745-Final report.docx,2022-12-04
1502000,0920,1502000.0920,\\ttgroup.local\corporate\Auckland\Projects\1502000\1502000.0920\IssuedDocuments\T+T_2022-IAG-C4157690_Report.docx,2023-01-24
1502000,0921,1502000.0921,\\ttgroup.local\corporate\Auckland\Projects\1502000\1502000.0921\IssuedDocuments\Final Report\T+T_2022-IAG-C4158439_Final Report.docx,2023-03-24
1502000,0923,1502000.0923,\\ttgroup.local\corporate\Auckland\Projects\1502000\1502000.0923\IssuedDocuments\Final Report\T+T_2022-IAG-C4173204_Final Report.docx,2023-04-11
1502000,0924,1502000.0924,\\ttgroup.local\corporate\Auckland\Projects\1502000\1502000.0924\IssuedDocuments\Final report\T+T-2022-IAG-C4167631-Final report.docx,2022-12-01
1502000,0925,1502000.0925,\\ttgroup.local\corporate\Auckland\Projects\1502000\1502000.0925\IssuedDocuments\T+T_2022-IAG-C4158107_Report_Rev 1.docx,2023-01-25
1502000,0926,1502000.0926,\\ttgroup.local\corporate\Auckland\Projects\1502000\1502000.0926\IssuedDocuments\Final report V2\T+T-2022-IAG-C0789090-Final report_V2.docx,2023-05-19
1502000,0929,1502000.0929,\\ttgroup.local\corporate\Auckland\Projects\1502000\1502000.0929\IssuedDocuments\Final report\T+T-2022-IAG-C0794113- Final report.docx,2023-03-09
1502000,0930,1502000.0930,\\ttgroup.local\corporate\Auckland\Projects\1502000\1502000.0930\IssuedDocuments\Final Report\T+T_2022_IAG-C4196379_Report_V2.docx,2022-11-24
1502000,0932,1502000.0932,\\ttgroup.local\corporate\Auckland\Projects\1502000\1502000.0932\IssuedDocuments\T+T_2022-IAG-C4160209_Report.docx,2023-03-06
1502000,0933,1502000.0933,\\ttgroup.local\corporate\Auckland\Projects\1502000\1502000.0933\IssuedDocuments\Final Report\T+T_2022_IAG-C0801221_Final Report.docx,2023-01-10
1502000,0934,1502000.0934,\\ttgroup.local\corporate\Auckland\Projects\1502000\1502000.0934\IssuedDocuments\Extra request\T+T-2022-IAG-C0789285-Final report v2.docx,2023-05-24
1502000,0935,1502000.0935,\\ttgroup.local\corporate\Auckland\Projects\1502000\1502000.0935\IssuedDocuments\Final report\T+T-2022-IAG-C0784641-Final report.docx,2022-12-01
1502000,0937,1502000.0937,\\ttgroup.local\corporate\Auckland\Projects\1502000\1502000.0937\IssuedDocuments\Final\T+T_2022-IAG-C4169099_Report.docx,2023-01-23
1502000,0938,1502000.0938,\\ttgroup.local\corporate\Auckland\Projects\1502000\1502000.0938\IssuedDocuments\Final Report\T+T_2022_IAG_C4154478_Report.docx,2022-11-23
1502000,0940,1502000.0940,\\ttgroup.local\corporate\Auckland\Projects\1502000\1502000.0940\IssuedDocuments\Final\T+T_2022_IAG_C4151275_Final Report.docx,2023-01-17
1502000,0941,1502000.0941,\\ttgroup.local\corporate\Auckland\Projects\1502000\1502000.0941\IssuedDocuments\Extra request\T+T-2022-IAG-C4154441-Final report V2.docx,2023-07-31
1502000,0942,1502000.0942,\\ttgroup.local\corporate\Auckland\Projects\1502000\1502000.0942\IssuedDocuments\Draft\T+T_2022-IAG-C0781300_Report.docx,2023-03-29
1502000,0943,1502000.0943,\\ttgroup.local\corporate\Auckland\Projects\1502000\1502000.0943\IssuedDocuments\Extra request\T+T-2022-IAG-C4186589-Final Report_V2.docx,2023-08-15
1502000,0944,1502000.0944,\\ttgroup.local\corporate\Auckland\Projects\1502000\1502000.0944\IssuedDocuments\Final report\T+T-2022-IAG-C0780158- Final report.docx,2023-01-24
1502000,0945,1502000.0945,\\ttgroup.local\corporate\Auckland\Projects\1502000\1502000.0945\IssuedDocuments\Final report\T+T-2022-IAG-C4152351-Final report.docx,2022-11-22
1502000,0946,1502000.0946,\\ttgroup.local\corporate\Auckland\Projects\1502000\1502000.0946\IssuedDocuments\Final Report - Structural\T+T_2022-IAG-C0782620 BLD_Structural Assessment Report.docx,2025-03-04
1502000,0948,1502000.0948,\\ttgroup.local\corporate\Auckland\Projects\1502000\1502000.0948\IssuedDocuments\T+T_2022-IAG-C0787990_Report.docx,2022-12-21
1502000,0949,1502000.0949,\\ttgroup.local\corporate\Auckland\Projects\1502000\1502000.0949\IssuedDocuments\Final Report\T+T_2022_IAG_C0806885_Report.docx,2022-11-13
1502000,0950,1502000.0950,\\ttgroup.local\corporate\Auckland\Projects\1502000\1502000.0950\IssuedDocuments\Final report\T+T-2022-IAG-C4169314-Final report.docx,2022-11-20
1502000,0951,1502000.0951,\\ttgroup.local\corporate\Auckland\Projects\1502000\1502000.0951\IssuedDocuments\Driveway Report\T+T_2022_IAG_C0784987_Final Driveway Report REV1.docx,2023-12-18
1502000,0952,1502000.0952,\\ttgroup.local\corporate\Auckland\Projects\1502000\1502000.0952\IssuedDocuments\Final Report\T+T_2022_IAG-C0784195_Final Report V2.docx,2023-02-06
1502000,0953,1502000.0953,\\ttgroup.local\corporate\Auckland\Projects\1502000\1502000.0953\IssuedDocuments\Final report\T+T-2022-IAG-C0779500-Final report.docx,2023-02-22
1502000,0954,1502000.0954,\\ttgroup.local\corporate\Auckland\Projects\1502000\1502000.0954\IssuedDocuments\Final report\T+T-2022-IAG-C4157566-Final report.docx,2022-11-30
1502000,0955,1502000.0955,\\ttgroup.local\corporate\Auckland\Projects\1502000\1502000.0955\IssuedDocuments\Final Report\T+T_2022-IAG-8055555_Final Report.docx,2023-01-11
1502000,0956,1502000.0956,\\ttgroup.local\corporate\Auckland\Projects\1502000\1502000.0956\IssuedDocuments\T+T_2022-IAG-C0772220_Report.docx,2023-02-16
1502000,0957,1502000.0957,\\ttgroup.local\corporate\Auckland\Projects\1502000\1502000.0957\IssuedDocuments\Final Report Rev 5\T+T_2022-IAG-C4152018_Final Report rev 5.docx,2024-11-05
1502000,0958,1502000.0958,\\ttgroup.local\corporate\Auckland\Projects\1502000\1502000.0958\IssuedDocuments\Final report\T+T-2022-IAG-8046623-Final report.docx,2023-02-14
1502000,0959,1502000.0959,\\ttgroup.local\corporate\Auckland\Projects\1502000\1502000.0959\IssuedDocuments\T+T_2022-IAG-C4201850_Report.docx,2022-12-11
1502000,0960,1502000.0960,\\ttgroup.local\corporate\Auckland\Projects\1502000\1502000.0960\IssuedDocuments\1502000.0960_78 Old Mill Road_T+T Inspection & Assessment Report.docx,2023-04-03
1502000,0961,1502000.0961,\\ttgroup.local\corporate\Auckland\Projects\1502000\1502000.0961\IssuedDocuments\Final report\T+T-2022-IAG-C0779683-Final Report.docx,2023-04-19
1502000,0963,1502000.0963,\\ttgroup.local\corporate\Auckland\Projects\1502000\1502000.0963\IssuedDocuments\Final Report V3\T+T_2022_IAG-C4142180_Report V3.docx,2023-04-13
1502000,0964,1502000.0964,\\ttgroup.local\corporate\Auckland\Projects\1502000\1502000.0964\IssuedDocuments\Final Report V2\T+T_2022_IAG-C4187376_Report V2.docx,2023-03-12
1502000,0966,1502000.0966,\\ttgroup.local\corporate\Auckland\Projects\1502000\1502000.0966\IssuedDocuments\Final Report\T+T_2022-IAG-C4212294_Final Report.docx,2023-01-10
1502000,0967,1502000.0967,\\ttgroup.local\corporate\Auckland\Projects\1502000\1502000.0967\IssuedDocuments\Final Report V3\T+T_2022_IAG-C0777789_FInal Report V3.docx,2023-05-03
1502000,0968,1502000.0968,\\ttgroup.local\corporate\Auckland\Projects\1502000\1502000.0968\IssuedDocuments\Final report\T+T-2022-IAG-C0795977-Final report.docx,2023-04-17
1502000,0970,1502000.0970,\\ttgroup.local\corporate\Auckland\Projects\1502000\1502000.0970\IssuedDocuments\Final report\T+T-2022-IAG-C4136366-Final report V3.docx,2023-05-10
1502000,0971,1502000.0971,\\ttgroup.local\corporate\Auckland\Projects\1502000\1502000.0971\IssuedDocuments\Final Report v2\T+T_2022_IAG-C0781383_Final Report V2.docx,2023-01-31
1502000,0973,1502000.0973,\\ttgroup.local\corporate\Auckland\Projects\1502000\1502000.0973\IssuedDocuments\Final report\T+T-2022-IAG-C0785986-Final report.docx,2023-01-26
1502000,0974,1502000.0974,\\ttgroup.local\corporate\Auckland\Projects\1502000\1502000.0974\IssuedDocuments\T+T_2022-IAG-C0787995_Report.docx,2023-02-01
1502000,0975,1502000.0975,\\ttgroup.local\corporate\Auckland\Projects\1502000\1502000.0975\IssuedDocuments\Final Report\T+T_2022_IAG-C0807904_Final Report.docx,2023-01-09
1502000,0976,1502000.0976,\\ttgroup.local\corporate\Auckland\Projects\1502000\1502000.0976\IssuedDocuments\T+T_2022-IAG-C4217573_Report.docx,2023-01-22
1502000,0977,1502000.0977,\\ttgroup.local\corporate\Auckland\Projects\1502000\1502000.0977\IssuedDocuments\T+T_2022_IAG-C0800971_Final Report_Rev1.docx,2023-07-02
1502000,0978,1502000.0978,\\ttgroup.local\corporate\Auckland\Projects\1502000\1502000.0978\IssuedDocuments\Final Report 29.5.2025\T+T_2022-IAG-C4152724_Final Report.docx,2025-05-29
1502000,0979,1502000.0979,\\ttgroup.local\corporate\Auckland\Projects\1502000\1502000.0979\IssuedDocuments\Final report\T+T_2022-IAG-C0799337-Final Report.docx,2023-04-19
1502000,0980,1502000.0980,\\ttgroup.local\corporate\Auckland\Projects\1502000\1502000.0980\IssuedDocuments\Final\T+T_2022_IAG_C4157337 - Report.docx,2023-01-27
1502000,0981,1502000.0981,\\ttgroup.local\corporate\Auckland\Projects\1502000\1502000.0981\IssuedDocuments\Final Report\T+T_2022_C4191318_Report.docx,2023-03-24
1502000,0982,1502000.0982,\\ttgroup.local\corporate\Auckland\Projects\1502000\1502000.0982\IssuedDocuments\T+T_2022-IAG-C4217968_Report.docx,2022-12-15
1502000,0983,1502000.0983,\\ttgroup.local\corporate\Auckland\Projects\1502000\1502000.0983\IssuedDocuments\T+T_2022-IAG-C4187051_Draft Report_Rev 1.docx,2022-12-20
1502000,0984,1502000.0984,\\ttgroup.local\corporate\Auckland\Projects\1502000\1502000.0984\IssuedDocuments\Extra request\T+T-2022-IAG-C4157254-ExtraRequest_Final Report.docx,2024-07-17
1502000,0985,1502000.0985,\\ttgroup.local\corporate\Auckland\Projects\1502000\1502000.0985\IssuedDocuments\Final report V2\T+T-2022-IAG-C4216930 & C4152756-Final report V2.docx,2022-12-19
1502000,0986,1502000.0986,\\ttgroup.local\corporate\Auckland\Projects\1502000\1502000.0986\IssuedDocuments\Final report\T+T-2022-IAG-C4209392-Final report.docx,2022-12-19
1502000,0987,1502000.0987,\\ttgroup.local\corporate\Auckland\Projects\1502000\1502000.0987\IssuedDocuments\Final report\T+T-2022-IAG-C0781792-Final report.docx,2023-03-21
1502000,0988,1502000.0988,\\ttgroup.local\corporate\Auckland\Projects\1502000\1502000.0988\IssuedDocuments\Final Report\T+T_2022_IAG-C4218231_Final Report.docx,2023-03-13
1502000,0989,1502000.0989,\\ttgroup.local\corporate\Auckland\Projects\1502000\1502000.0989\IssuedDocuments\Final\T+T_2022-IAG-8057438_Report.docx,2023-01-22
1502000,0990,1502000.0990,\\ttgroup.local\corporate\Auckland\Projects\1502000\1502000.0990\IssuedDocuments\Final report\T+T-2022-IAG-C4199092-Final report.docx,2023-01-24
1502000,0991,1502000.0991,\\ttgroup.local\corporate\Auckland\Projects\1502000\1502000.0991\IssuedDocuments\Final report\T+T-2022-IAG-C4154875-Final report V2.docx,2023-01-17
1502000,0992,1502000.0992,\\ttgroup.local\corporate\Auckland\Projects\1502000\1502000.0992\IssuedDocuments\Final Report\T+T_2022-IAG-C4225310_Final Report.docx,2023-01-13
1502000,0993,1502000.0993,\\ttgroup.local\corporate\Auckland\Projects\1502000\1502000.0993\IssuedDocuments\Final Report\T+T_2022-IAG-C4186633-FinalReport.docx,2023-06-06
1502000,0994,1502000.0994,\\ttgroup.local\corporate\Auckland\Projects\1502000\1502000.0994\IssuedDocuments\T+T_2022-IAG-C0803310_Report.docx,2023-02-08
1502000,0995,1502000.0995,\\ttgroup.local\corporate\Auckland\Projects\1502000\1502000.0995\IssuedDocuments\Final report\T+T-2022-IAG-C4194016-Final report.docx,2023-01-16
1502000,0996,1502000.0996,\\ttgroup.local\corporate\Auckland\Projects\1502000\1502000.0996\IssuedDocuments\T+T_2022-IAG-C4155405_Report.docx,2023-03-29
1502000,0997,1502000.0997,\\ttgroup.local\corporate\Auckland\Projects\1502000\1502000.0997\IssuedDocuments\Final report\T+T-2022-IAG-8057875-Final report.docx,2023-03-29
1502000,0998,1502000.0998,\\ttgroup.local\corporate\Auckland\Projects\1502000\1502000.0998\IssuedDocuments\Final Report\T+T_2022-IAG-C0784366_Final Report..docx,2023-05-12
1502000,0999,1502000.0999,\\ttgroup.local\corporate\Auckland\Projects\1502000\1502000.0999\IssuedDocuments\Final report\T+T-2022-IAG-C0787973-Final report.docx,2023-04-12
1502000,1000,1502000.1000,\\ttgroup.local\corporate\Auckland\Projects\1502000\1502000.1000\IssuedDocuments\Final Report\T+T_2022_IAG-C0784599_Final Report.docx,2023-04-06
1502000,1001,1502000.1001,\\ttgroup.local\corporate\Auckland\Projects\1502000\1502000.1001\IssuedDocuments\Extra Request July 2023\T+T_2022-IAG-C4195573_Report_Rev 1.docx,2023-09-06
1502000,1002,1502000.1002,\\ttgroup.local\corporate\Auckland\Projects\1502000\1502000.1002\IssuedDocuments\Final Report\T+T_2022_IAG_C4222992_Report_Rev1.docx,2022-12-11
1502000,1003,1502000.1003,\\ttgroup.local\corporate\Auckland\Projects\1502000\1502000.1003\IssuedDocuments\Final Report\T+T_2022_IAG-C4225241_Final Report.docx,2023-02-13
1502000,1004,1502000.1004,\\ttgroup.local\corporate\Auckland\Projects\1502000\1502000.1004\IssuedDocuments\Final\T+T_2022-IAG-C4224595_Report.docx,2022-12-13
1502000,1005,1502000.1005,\\ttgroup.local\corporate\Auckland\Projects\1502000\1502000.1005\IssuedDocuments\Final Report\T+T+2022_C0814318_ final report.docx,2022-12-07
1502000,1007,1502000.1007,\\ttgroup.local\corporate\Auckland\Projects\1502000\1502000.1007\IssuedDocuments\Final Report\T+T_2022_IAG-C4217051_Report.docx,2023-01-27
1502000,1008,1502000.1008,\\ttgroup.local\corporate\Auckland\Projects\1502000\1502000.1008\IssuedDocuments\Final_v4\T+T_2022_IAG-7 Oriental_Final Report V4.docx,2023-03-05
1502000,1009,1502000.1009,\\ttgroup.local\corporate\Auckland\Projects\1502000\1502000.1009\IssuedDocuments\Final Report v2\T+T_2022-IAG-192 Oriental_Final Report V2.docx,2023-01-31
1502000,1011,1502000.1011,\\ttgroup.local\corporate\Auckland\Projects\1502000\1502000.1011\IssuedDocuments\Final Report V2\T+T-2022-IAG-C4192454-Final Report V2.docx,2023-08-04
1502000,1012,1502000.1012,\\ttgroup.local\corporate\Auckland\Projects\1502000\1502000.1012\IssuedDocuments\Final report\T+T-2022-IAG-C0787849-Final report.docx,2023-05-09
1502000,1013,1502000.1013,\\ttgroup.local\corporate\Auckland\Projects\1502000\1502000.1013\IssuedDocuments\Final report\T+T-2023-IAG-C4169660- Final Report.docx,2023-06-21
1502000,1014,1502000.1014,\\ttgroup.local\corporate\Auckland\Projects\1502000\1502000.1014\IssuedDocuments\Final report\T+T-2022-IAG-C4177383-Final report.docx,2023-03-01
1502000,1015,1502000.1015,\\ttgroup.local\corporate\Auckland\Projects\1502000\1502000.1015\IssuedDocuments\Final report\T+T-2022-IAG-C0795089-Final report.docx,2023-01-17
1502000,1016,1502000.1016,\\ttgroup.local\corporate\Auckland\Projects\1502000\1502000.1016\IssuedDocuments\Final Report\T+T_2022-IAG-C0802133_Final Report.docx,2023-03-08
1502000,1017,1502000.1017,\\ttgroup.local\corporate\Auckland\Projects\1502000\1502000.1017\IssuedDocuments\Final report\T+T-2022-IAG-C0806819-Final report.docx,2023-06-19
1502000,1019,1502000.1019,\\ttgroup.local\corporate\Auckland\Projects\1502000\1502000.1019\IssuedDocuments\Final Report V2\T+T_2022_IAG-C0813034_Report_V2.docx,2023-09-03
1502000,1020,1502000.1020,\\ttgroup.local\corporate\Auckland\Projects\1502000\1502000.1020\IssuedDocuments\Final report\T+T-2022-IAG-C4213844-Final report.docx,2023-03-26
1502000,1021,1502000.1021,\\ttgroup.local\corporate\Auckland\Projects\1502000\1502000.1021\IssuedDocuments\Final report\T+T-2022-IAG-C0792131-Final Report.docx,2023-06-13
1502000,1022,1502000.1022,\\ttgroup.local\corporate\Auckland\Projects\1502000\1502000.1022\IssuedDocuments\Final Report\T+T-2022-IAG-C4193603-Final report.docx,2023-03-29
1502000,1025,1502000.1025,\\ttgroup.local\corporate\Auckland\Projects\1502000\1502000.1025\IssuedDocuments\T+T_2022-IAG-8073968_Report.docx,2023-02-22
1502000,1027,1502000.1027,\\ttgroup.local\corporate\Auckland\Projects\1502000\1502000.1027\IssuedDocuments\T+T_2022-IAG-C4153074_Report.docx,2023-04-12
1502000,1028,1502000.1028,\\ttgroup.local\corporate\Auckland\Projects\1502000\1502000.1028\IssuedDocuments\Final Report Rev2\T+T_2022_IAG-C4236637_Final Report_Rev2.docx,2023-06-06
1502000,1029,1502000.1029,\\ttgroup.local\corporate\Auckland\Projects\1502000\1502000.1029\IssuedDocuments\Final Report V3\T+T_2022_IAG-C0815350_Final Report V3.docx,2023-02-23
1502000,1030,1502000.1030,\\ttgroup.local\corporate\Auckland\Projects\1502000\1502000.1030\IssuedDocuments\Final Report\T+T_2022_IAG-C4200173_Final Report.docx,2023-02-01
1502000,1031,1502000.1031,\\ttgroup.local\corporate\Auckland\Projects\1502000\1502000.1031\IssuedDocuments\Final report\T+T_2022_IAG-C4219734_Final Report.docx,2023-04-12
1502000,1032,1502000.1032,\\ttgroup.local\corporate\Auckland\Projects\1502000\1502000.1032\IssuedDocuments\Extra Request\Final Report\T+T_2022-IAG-C0804458_Final Report.V1.docx,2023-12-12
1502000,1033,1502000.1033,\\ttgroup.local\corporate\Auckland\Projects\1502000\1502000.1033\IssuedDocuments\Final Report\T+T-2022-IAG-C4205218-Final Report.docx,2023-04-30
1502000,1034,1502000.1034,\\ttgroup.local\corporate\Auckland\Projects\1502000\1502000.1034\IssuedDocuments\Final report\T+T-2023-IAG-C0794180-Final Report.docx,2023-05-22
1502000,1035,1502000.1035,\\ttgroup.local\corporate\Auckland\Projects\1502000\1502000.1035\IssuedDocuments\T+T_2022-IAG-C4224948_Final Report.docx,2023-03-22
1502000,1036,1502000.1036,\\ttgroup.local\corporate\Auckland\Projects\1502000\1502000.1036\IssuedDocuments\Final report\T+T-2022-IAG-C4220402 EQL-Final report.docx,2023-02-13
1502000,1037,1502000.1037,\\ttgroup.local\corporate\Auckland\Projects\1502000\1502000.1037\IssuedDocuments\Final Report\T+T_2022_IAG_C0791920_Report.docx,2023-03-28
1502000,1038,1502000.1038,\\ttgroup.local\corporate\Auckland\Projects\1502000\1502000.1038\IssuedDocuments\Final\T+T_2022-IAG-8078739_Final Report (114).docx,2023-01-19
1502000,1039,1502000.1039,\\ttgroup.local\corporate\Auckland\Projects\1502000\1502000.1039\IssuedDocuments\Final report\T+T-2022-IAG-C0783012-Final report.docx,2023-01-12
1502000,1040,1502000.1040,\\ttgroup.local\corporate\Auckland\Projects\1502000\1502000.1040\IssuedDocuments\Final report\T+T-2022-IAG-C4211306-Final report.docx,2023-04-19
1502000,1041,1502000.1041,\\ttgroup.local\corporate\Auckland\Projects\1502000\1502000.1041\IssuedDocuments\Additional Request\T+T_2022-IAG-C4219551_Final Report_Rev2.docx,2024-05-27
1502000,1043,1502000.1043,\\ttgroup.local\corporate\Auckland\Projects\1502000\1502000.1043\IssuedDocuments\Final\T+T_2022-IAG-C0814341_Report V3.docx,2024-05-20
1502000,1044,1502000.1044,\\ttgroup.local\corporate\Auckland\Projects\1502000\1502000.1044\IssuedDocuments\Final report\T+T-2022-IAG-C0818746-Final report.docx,2023-01-12
1502000,1045,1502000.1045,\\ttgroup.local\corporate\Auckland\Projects\1502000\1502000.1045\IssuedDocuments\Final Report_V2\T+T_2023 Nov_IAG-C4211410_Final Report_v2.docx,2023-11-15
1502000,1046,1502000.1046,\\ttgroup.local\corporate\Auckland\Projects\1502000\1502000.1046\IssuedDocuments\Final Report\T+T-2022-IAG-C0802117-Final Report.docx,2023-04-17
1502000,1047,1502000.1047,\\ttgroup.local\corporate\Auckland\Projects\1502000\1502000.1047\IssuedDocuments\Final report\T+T-2022-IAG-C0813249-Final report.docx,2023-01-11
1502000,1048,1502000.1048,\\ttgroup.local\corporate\Auckland\Projects\1502000\1502000.1048\IssuedDocuments\T+T_2022-IAG-C0822779_Report.docx,2023-02-02
1502000,1049,1502000.1049,\\ttgroup.local\corporate\Auckland\Projects\1502000\1502000.1049\IssuedDocuments\Extra Request Oct 2023\Final report V4\T+T-2022-IAG-C0790299-Final report V4.docx,2024-02-13
1502000,1052,1502000.1052,\\ttgroup.local\corporate\Auckland\Projects\1502000\1502000.1052\IssuedDocuments\Final Report Rev1\T+T-2022-IAG-C0818735-Final Report Rev1.docx,2023-02-02
1502000,1053,1502000.1053,\\ttgroup.local\corporate\Auckland\Projects\1502000\1502000.1053\IssuedDocuments\Final report\T+T-2022-IAG-C4242760-Final report.docx,2023-02-28
1502000,1054,1502000.1054,\\ttgroup.local\corporate\Auckland\Projects\1502000\1502000.1054\IssuedDocuments\Supplementary Report\T+T-2022-C0795294-Supplementary Report - Final.docx,2023-07-23
1502000,1055,1502000.1055,\\ttgroup.local\corporate\Auckland\Projects\1502000\1502000.1055\IssuedDocuments\Final report\T+T-2022-IAG-C4249827-Final report.docx,2023-04-27
1502000,1056,1502000.1056,\\ttgroup.local\corporate\Auckland\Projects\1502000\1502000.1056\IssuedDocuments\Final report\T+T-2022-IAG-C4219064-Final report.docx,2023-02-23
1502000,1057,1502000.1057,\\ttgroup.local\corporate\Auckland\Projects\1502000\1502000.1057\IssuedDocuments\Extra Request\T+T-2023-IAG-C4222874-Final Report-Extra request.docx,2023-07-24
1502000,1058,1502000.1058,\\ttgroup.local\corporate\Auckland\Projects\1502000\1502000.1058\IssuedDocuments\Final Report\T+T-2022-IAG-C0811723-Final Report.docx,2023-03-09
1502000,1059,1502000.1059,\\ttgroup.local\corporate\Auckland\Projects\1502000\1502000.1059\IssuedDocuments\T+T_2022-IAG-C4206379_Report.docx,2023-03-09
1502000,1060,1502000.1060,\\ttgroup.local\corporate\Auckland\Projects\1502000\1502000.1060\IssuedDocuments\Final Report V2\T+T_2022-IAG-C4240745_Final Report V2.docx,2023-04-25
1502000,1061,1502000.1061,\\ttgroup.local\corporate\Auckland\Projects\1502000\1502000.1061\IssuedDocuments\Final Report V2\T+T_2022-IAG-C0821969_Final Report V2.docx,2023-04-25
1502000,1062,1502000.1062,\\ttgroup.local\corporate\Auckland\Projects\1502000\1502000.1062\IssuedDocuments\Final report\T+T-2022-IAG-C0798539-Final report.docx,2023-01-16
1502000,1063,1502000.1063,\\ttgroup.local\corporate\Auckland\Projects\1502000\1502000.1063\IssuedDocuments\Final report\T+T-2022-IAG-C8073193-Final Report.docx,2023-05-24
1502000,1064,1502000.1064,\\ttgroup.local\corporate\Auckland\Projects\1502000\1502000.1064\IssuedDocuments\T+T_2022-IAG-C0782313_Report.docx,2022-12-21
1502000,1065,1502000.1065,\\ttgroup.local\corporate\Auckland\Projects\1502000\1502000.1065\IssuedDocuments\T+T_2022-IAG-C4233036_Report.docx,2023-02-08
1502000,1066,1502000.1066,\\ttgroup.local\corporate\Auckland\Projects\1502000\1502000.1066\IssuedDocuments\T+T_2022-IAG-C4255357_Report.docx,2023-02-21
1502000,1067,1502000.1067,\\ttgroup.local\corporate\Auckland\Projects\1502000\1502000.1067\IssuedDocuments\T+T_2022-IAG-8069613_Report.docx,2023-04-04
1502000,1068,1502000.1068,\\ttgroup.local\corporate\Auckland\Projects\1502000\1502000.1068\IssuedDocuments\Final Report Sept 2024\T+T_2022-IAG-C4216962_Report_Rev 2.docx,2024-09-17
1502000,1069,1502000.1069,\\ttgroup.local\corporate\Auckland\Projects\1502000\1502000.1069\IssuedDocuments\Final Report\T+T_2022-IAG-C4158882_Report.docx,2023-04-25
1502000,1070,1502000.1070,\\ttgroup.local\corporate\Auckland\Projects\1502000\1502000.1070\IssuedDocuments\Final Report\T+T_2022_IAG-C4255452_Final Report.docx,2023-01-29
1502000,1071,1502000.1071,\\ttgroup.local\corporate\Auckland\Projects\1502000\1502000.1071\IssuedDocuments\T+T_2022-IAG-C0811195_Report Rev2.docx,2023-03-22
1502000,1075,1502000.1075,\\ttgroup.local\corporate\Auckland\Projects\1502000\1502000.1075\IssuedDocuments\Final report\43a Saltburn Ave - Assessment of Boat Ramp-Final report.docx,2023-05-23
1502000,1076,1502000.1076,\\ttgroup.local\corporate\Auckland\Projects\1502000\1502000.1076\IssuedDocuments\T+T_2022-IAG-C0822925_Report.docx,2023-03-29
1502000,1077,1502000.1077,\\ttgroup.local\corporate\Auckland\Projects\1502000\1502000.1077\IssuedDocuments\Final Report\T+T-2023-IAG-C0779982_Final Report.docx,2023-05-25
1502000,1078,1502000.1078,\\ttgroup.local\corporate\Auckland\Projects\1502000\1502000.1078\IssuedDocuments\Final report\T+T-2022-IAG-C0817782-Final report.docx,2023-05-09
1502000,1079,1502000.1079,\\ttgroup.local\corporate\Auckland\Projects\1502000\1502000.1079\IssuedDocuments\Final report\T+T-2022-IAG-C0834355-Final report.docx,2023-01-19
1502000,1080,1502000.1080,\\ttgroup.local\corporate\Auckland\Projects\1502000\1502000.1080\IssuedDocuments\4. Final Report\T+T-2022-IAG-C4219669_Final Report.docx,2024-05-31
1502000,1081,1502000.1081,\\ttgroup.local\corporate\Auckland\Projects\1502000\1502000.1081\IssuedDocuments\T+T_2022_IAG_C0817878_Report.docx,2023-03-13
1502000,1082,1502000.1082,\\ttgroup.local\corporate\Auckland\Projects\1502000\1502000.1082\IssuedDocuments\Final Report\T+T_2022_IAG-C4247167_Final Report.docx,2023-02-06
1502000,1083,1502000.1083,\\ttgroup.local\corporate\Auckland\Projects\1502000\1502000.1083\IssuedDocuments\June 2023\Final report August 2023\T+T-2023-IAG-C0943436-Final report.docx,2023-08-16
1502000,1084,1502000.1084,\\ttgroup.local\corporate\Auckland\Projects\1502000\1502000.1084\IssuedDocuments\Final Report\T+T_2022_IAG-C0814007_Final Report.docx,2023-03-13
1502000,1085,1502000.1085,\\ttgroup.local\corporate\Auckland\Projects\1502000\1502000.1085\IssuedDocuments\Final report\T+T-2022-IAG-C4239659-Final report.docx,2023-02-08
1502000,1086,1502000.1086,\\ttgroup.local\corporate\Auckland\Projects\1502000\1502000.1086\IssuedDocuments\Final report\T+T-2023-C4224593-Final Report.docx,2023-04-03
1502000,1088,1502000.1088,\\ttgroup.local\corporate\Auckland\Projects\1502000\1502000.1088\IssuedDocuments\Final report\T+T-2022-IAG-C0816535-Final report.docx,2023-03-01
1502000,1089,1502000.1089,\\ttgroup.local\corporate\Auckland\Projects\1502000\1502000.1089\IssuedDocuments\Final Report V2\T+T-2023-IAG-C0832886-Final Report V2.docx,2023-06-16
1502000,1090,1502000.1090,\\ttgroup.local\corporate\Auckland\Projects\1502000\1502000.1090\IssuedDocuments\T+T-2022-IAG-C4268921-Report Rev 1.docx,2023-05-07
1502000,1091,1502000.1091,\\ttgroup.local\corporate\Auckland\Projects\1502000\1502000.1091\IssuedDocuments\Final report\T+T-2022-IAG-C0825142-Final report.docx,2023-04-30
1502000,1092,1502000.1092,\\ttgroup.local\corporate\Auckland\Projects\1502000\1502000.1092\IssuedDocuments\Final Report\T+T_2023_IAG-C4285807_Report.docx,2023-03-26
1502000,1093,1502000.1093,\\ttgroup.local\corporate\Auckland\Projects\1502000\1502000.1093\IssuedDocuments\103MtPleasant_report_v4.docx,2023-02-28
1502000,1094,1502000.1094,\\ttgroup.local\corporate\Auckland\Projects\1502000\1502000.1094\IssuedDocuments\Final Report\T+T_2022_IAG-C4267981_Final Report.docx,2023-02-27
1502000,1095,1502000.1095,\\ttgroup.local\corporate\Auckland\Projects\1502000\1502000.1095\IssuedDocuments\Final report\T+T-2022-IAG-C4263559-Final report.docx,2023-02-20
1502000,1096,1502000.1096,\\ttgroup.local\corporate\Auckland\Projects\1502000\1502000.1096\IssuedDocuments\T+T_2022-IAG-C0832793_Report.docx,2023-02-26
1502000,1097,1502000.1097,\\ttgroup.local\corporate\Auckland\Projects\1502000\1502000.1097\IssuedDocuments\Final report\T+T-2023-IAG-C08358865-Final report.docx,2023-02-20
1502000,1098,1502000.1098,\\ttgroup.local\corporate\Auckland\Projects\1502000\1502000.1098\IssuedDocuments\Final Report\T+T-2022-IAG-C0827297-Final Report.docx,2023-05-11
1502000,1099,1502000.1099,\\ttgroup.local\corporate\Auckland\Projects\1502000\1502000.1099\IssuedDocuments\Draft\T+T_2022-IAG-C0827684_Draft Report.docx,2023-03-01
1502000,1100,1502000.1100,\\ttgroup.local\corporate\Auckland\Projects\1502000\1502000.1100\IssuedDocuments\Final\T+T_2022-IAG-C4267071_Report.docx,2023-02-22
1502000,1101,1502000.1101,\\ttgroup.local\corporate\Auckland\Projects\1502000\1502000.1101\IssuedDocuments\Final Report Rev1\T+T_2023_IAG-C4286103_Report_Rev1.docx,2023-05-16
1502000,1102,1502000.1102,\\ttgroup.local\corporate\Auckland\Projects\1502000\1502000.1102\IssuedDocuments\Final report\T+T-2022-IAG-C4239186-Final report.docx,2023-03-02
1502000,1104,1502000.1104,\\ttgroup.local\corporate\Auckland\Projects\1502000\1502000.1104\IssuedDocuments\Final Report\T+T_2023-IAG-C0825854_Final Report.docx,2023-03-17
1502000,1105,1502000.1105,\\ttgroup.local\corporate\Auckland\Projects\1502000\1502000.1105\IssuedDocuments\Final Report\T+T_2023_IAG-C4263802_Final Report.docx,2023-04-16
1502000,1106,1502000.1106,\\ttgroup.local\corporate\Auckland\Projects\1502000\1502000.1106\IssuedDocuments\Final report\T+T-2022-IAG-C4269642-Final report.docx,2023-03-29
1502000,1107,1502000.1107,\\ttgroup.local\corporate\Auckland\Projects\1502000\1502000.1107\IssuedDocuments\Final report\T+T-2022-IAG-8084971-Final Report.docx,2023-03-26
1502000,1108,1502000.1108,\\ttgroup.local\corporate\Auckland\Projects\1502000\1502000.1108\IssuedDocuments\Draft Report\T+T_2023_IAG-8085211 EQL_Draft Report.docx,2023-02-14
1502000,1109,1502000.1109,\\ttgroup.local\corporate\Auckland\Projects\1502000\1502000.1109\IssuedDocuments\Final Report\T+T_2022_IAG-C4249447_Final Report.docx,2023-03-30
1502000,1110,1502000.1110,\\ttgroup.local\corporate\Auckland\Projects\1502000\1502000.1110\IssuedDocuments\Final Report V2\T+T_2023_IAG-C0838696-Final Report V2.docx,2023-04-11
1502000,1111,1502000.1111,\\ttgroup.local\corporate\Auckland\Projects\1502000\1502000.1111\IssuedDocuments\Final Report V2\T+T_2023_Sedgwick-C4269217-Final Report V2.docx,2023-05-22
1502000,1112,1502000.1112,\\ttgroup.local\corporate\Auckland\Projects\1502000\1502000.1112\IssuedDocuments\Final Report\T+T_2022_IAG_C4282687_Report V3.docx,2023-08-11
1502000,1113,1502000.1113,\\ttgroup.local\corporate\Auckland\Projects\1502000\1502000.1113\IssuedDocuments\Final Report\T+T_2022-IAG-C4241477_Final Report.docx,2023-03-08
1502000,1114,1502000.1114,\\ttgroup.local\corporate\Auckland\Projects\1502000\1502000.1114\IssuedDocuments\T+T_2022-IAG-C4236118_Report.docx,2023-03-09
1502000,1116,1502000.1116,\\ttgroup.local\corporate\Auckland\Projects\1502000\1502000.1116\IssuedDocuments\Final Report\T+T_2022-IAG-C90141322_Report.docx,2023-07-19
1502000,1117,1502000.1117,\\ttgroup.local\corporate\Auckland\Projects\1502000\1502000.1117\IssuedDocuments\Final Report\T+T_2022_IAG_C4265741_Final Report.docx,2023-07-19
1502000,1118,1502000.1118,\\ttgroup.local\corporate\Auckland\Projects\1502000\1502000.1118\IssuedDocuments\Final report\T+T-2022-IAG-C4261913-Final Report.docx,2023-03-30
1502000,1120,1502000.1120,\\ttgroup.local\corporate\Auckland\Projects\1502000\1502000.1120\IssuedDocuments\Final report\T+T-2022-IAG-C0816821-Final report.docx,2023-04-11
1502000,1121,1502000.1121,\\ttgroup.local\corporate\Auckland\Projects\1502000\1502000.1121\IssuedDocuments\Final\T+T_2022-IAG-C4282774_Report.docx,2023-05-05
1502000,1122,1502000.1122,\\ttgroup.local\corporate\Auckland\Projects\1502000\1502000.1122\IssuedDocuments\Final report\T+T-2023-IAG-C4443401-Final Report.docx,2023-05-29
1502000,1123,1502000.1123,\\ttgroup.local\corporate\Auckland\Projects\1502000\1502000.1123\IssuedDocuments\Final Report\T+T_2022_IAG-C4260216 EQL_Report.docx,2023-05-23
1502000,1125,1502000.1125,\\ttgroup.local\corporate\Auckland\Projects\1502000\1502000.1125\IssuedDocuments\Final report\T+T-2023-IAG-C0849393-Final report.docx,2023-02-24
1502000,1126,1502000.1126,\\ttgroup.local\corporate\Auckland\Projects\1502000\1502000.1126\IssuedDocuments\Final report\T+T-2022-IAG-8084821-Final Report.docx,2023-09-05
1502000,1128,1502000.1128,\\ttgroup.local\corporate\Auckland\Projects\1502000\1502000.1128\IssuedDocuments\Final Report_V2\T+T_2023_IAG-C4281064_Final Report_V2.docx,2023-06-14
1502000,1132,1502000.1132,\\ttgroup.local\corporate\Auckland\Projects\1502000\1502000.1132\IssuedDocuments\Final report\T+T-2022-IAG-C4279872-Final report.docx,2023-05-10
1502000,1133,1502000.1133,\\ttgroup.local\corporate\Auckland\Projects\1502000\1502000.1133\IssuedDocuments\Final report\T+T-2023-IAG-C0849051-Final report.docx,2023-02-26
1502000,1134,1502000.1134,\\ttgroup.local\corporate\Auckland\Projects\1502000\1502000.1134\IssuedDocuments\Final report\T+T-2023-IAG-C0849186-Final report.docx,2023-05-14
1502000,1136,1502000.1136,\\ttgroup.local\corporate\Auckland\Projects\1502000\1502000.1136\IssuedDocuments\Final report\T+T-2022-IAG-C0819097-Final report.docx,2023-05-07
1502000,1137,1502000.1137,\\ttgroup.local\corporate\Auckland\Projects\1502000\1502000.1137\IssuedDocuments\Final Report\T+T_2022_IAG-C0828091_Final Report.docx,2024-05-10
1502000,1138,1502000.1138,\\ttgroup.local\corporate\Auckland\Projects\1502000\1502000.1138\IssuedDocuments\2. Report Update\Final report\T+T-2022-IAG-C0814320-Final Report V2.docx,2024-08-06
1502000,1142,1502000.1142,\\ttgroup.local\corporate\Auckland\Projects\1502000\1502000.1142\IssuedDocuments\Final report V2\T+T_2023_IAG_C4305642-Final Report V2.docx,2023-03-31
1502000,1143,1502000.1143,\\ttgroup.local\corporate\Auckland\Projects\1502000\1502000.1143\IssuedDocuments\Final report\T+T-2023-IAG-C4309965-Final report.docx,2023-04-10
1502000,1144,1502000.1144,\\ttgroup.local\corporate\Auckland\Projects\1502000\1502000.1144\IssuedDocuments\Final report\T+T-2023-IAG-C4305941-Final report.docx,2023-04-20
1502000,1145,1502000.1145,\\ttgroup.local\corporate\Auckland\Projects\1502000\1502000.1145\IssuedDocuments\Final Report\T+T_2023_IAG_C4306083_Final report.docx,2023-07-13
1502000,1146,1502000.1146,\\ttgroup.local\corporate\Auckland\Projects\1502000\1502000.1146\IssuedDocuments\T+T_2023-IAG-C4325531_Report.docx,2023-04-12
1502000,1147,1502000.1147,\\ttgroup.local\corporate\Auckland\Projects\1502000\1502000.1147\IssuedDocuments\Final Report\T+T-2023_IAG-C4306426_Final Report.docx,2023-03-17
1502000,1148,1502000.1148,\\ttgroup.local\corporate\Auckland\Projects\1502000\1502000.1148\IssuedDocuments\Final report\T+T-2023-IAG-C4311693-Final report.docx,2023-03-06
1502000,1150,1502000.1150,\\ttgroup.local\corporate\Auckland\Projects\1502000\1502000.1150\IssuedDocuments\Final Report\T+T_2023_IAG_C0848848_Report.docx,2023-02-21
1502000,1151,1502000.1151,\\ttgroup.local\corporate\Auckland\Projects\1502000\1502000.1151\IssuedDocuments\Final Report\T+T_2023-IAG-C4317266_Final Report.docx,2023-05-03
1502000,1152,1502000.1152,\\ttgroup.local\corporate\Auckland\Projects\1502000\1502000.1152\IssuedDocuments\Final report\T&T-2023-IAG-C4325736-Final Report.docx,2023-07-20
1502000,1154,1502000.1154,\\ttgroup.local\corporate\Auckland\Projects\1502000\1502000.1154\IssuedDocuments\Final report V2\T+T-2023-IAG-C4367971 EQL-Final report V2.docx,2023-09-11
1502000,1156,1502000.1156,\\ttgroup.local\corporate\Auckland\Projects\1502000\1502000.1156\IssuedDocuments\Final report\T+T-2023-IAG-C4307622-Final report.docx,2023-07-19
1502000,1157,1502000.1157,\\ttgroup.local\corporate\Auckland\Projects\1502000\1502000.1157\IssuedDocuments\Final Report\T+T_2022_IAG-C0834445_Final Report.docx,2023-04-16
1502000,1158,1502000.1158,\\ttgroup.local\corporate\Auckland\Projects\1502000\1502000.1158\IssuedDocuments\Final Report V2\T+T_2023-IAG-C4309413_Final Report_V2.docx,2024-07-25
1502000,1160,1502000.1160,\\ttgroup.local\corporate\Auckland\Projects\1502000\1502000.1160\IssuedDocuments\Final Report\T+T-2022-IAG-C8087797-Final Report.docx,2023-11-16
1502000,1161,1502000.1161,\\ttgroup.local\corporate\Auckland\Projects\1502000\1502000.1161\IssuedDocuments\T+T-2023_IAG_C0849271-Final ReportV2.docx,2023-10-16
1502000,1162,1502000.1162,\\ttgroup.local\corporate\Auckland\Projects\1502000\1502000.1162\IssuedDocuments\T+T-2023-IAG-C4309790-Final Report.docx,2023-04-05
1502000,1167,1502000.1167,\\ttgroup.local\corporate\Auckland\Projects\1502000\1502000.1167\IssuedDocuments\Final Report\T+T_2023-IAG-C4316579_Final Report.docx,2023-05-01
1502000,1168,1502000.1168,\\ttgroup.local\corporate\Auckland\Projects\1502000\1502000.1168\IssuedDocuments\Final report\T+T-2023-IAG-C0852097-Final Report.docx,2023-04-19
1502000,1170,1502000.1170,\\ttgroup.local\corporate\Auckland\Projects\1502000\1502000.1170\IssuedDocuments\Final report\T+T_2023-IAG-C0850095_Final Report.docx,2023-04-17
1502000,1171,1502000.1171,\\ttgroup.local\corporate\Auckland\Projects\1502000\1502000.1171\IssuedDocuments\Final report\T+T-2023-IAG-4312182-Final Report V2.docx,2023-08-22
1502000,1172,1502000.1172,\\ttgroup.local\corporate\Auckland\Projects\1502000\1502000.1172\IssuedDocuments\Final report\T+T-2022-IAG-C0841466-Final report.docx,2023-05-03
1502000,1173,1502000.1173,\\ttgroup.local\corporate\Auckland\Projects\1502000\1502000.1173\IssuedDocuments\Final Report\Final Report_V2\T+T_2023_IAG-C4424329_Final Report_V2.docx,2023-07-20
1502000,1174,1502000.1174,\\ttgroup.local\corporate\Auckland\Projects\1502000\1502000.1174\IssuedDocuments\Final Report\T+T_2023_IAG-C4308226_Report.docx,2023-03-06
1502000,1175,1502000.1175,\\ttgroup.local\corporate\Auckland\Projects\1502000\1502000.1175\IssuedDocuments\T+T_2023-IAG-C4424340_Report Rev 1.docx,2023-05-24
1502000,1176,1502000.1176,\\ttgroup.local\corporate\Auckland\Projects\1502000\1502000.1176\IssuedDocuments\Final Report\T+T_2023-IAG-C4309727_Final Report.docx,2023-04-20
1502000,1180,1502000.1180,\\ttgroup.local\corporate\Auckland\Projects\1502000\1502000.1180\IssuedDocuments\Final report\T+T-2023-IAG-C0852857-Final report.docx,2023-03-30
1502000,1181,1502000.1181,\\ttgroup.local\corporate\Auckland\Projects\1502000\1502000.1181\IssuedDocuments\Additional Request\T+T-2023-IAG-C0852218-Site Reinspection Report.docx,2024-08-11
1502000,1182,1502000.1182,\\ttgroup.local\corporate\Auckland\Projects\1502000\1502000.1182\IssuedDocuments\Final report\T+T-2023-IAG-C0849231-Final report.docx,2023-03-28
1502000,1183,1502000.1183,\\ttgroup.local\corporate\Auckland\Projects\1502000\1502000.1183\IssuedDocuments\Final Report\T+T-2023-IAG-C4318228_Final Report.docx,2023-04-03
1502000,1184,1502000.1184,\\ttgroup.local\corporate\Auckland\Projects\1502000\1502000.1184\IssuedDocuments\Final report\T+T-2023-IAG-C4404680-Final report V2.docx,2023-09-19
1502000,1185,1502000.1185,\\ttgroup.local\corporate\Auckland\Projects\1502000\1502000.1185\IssuedDocuments\Final report\T+T-2023-IAG-C4318204-Final report.docx,2023-04-25
1502000,1187,1502000.1187,\\ttgroup.local\corporate\Auckland\Projects\1502000\1502000.1187\IssuedDocuments\Additional request 17.07.2024\T+T-IAG-C4316375-Final Report V4.docx,2024-10-01
1502000,1189,1502000.1189,\\ttgroup.local\corporate\Auckland\Projects\1502000\1502000.1189\IssuedDocuments\Final report\T+T-LDE-2023-IAG-C0852217-Final report.docx,2023-06-27
1502000,1190,1502000.1190,\\ttgroup.local\corporate\Auckland\Projects\1502000\1502000.1190\IssuedDocuments\Final report\T+T-2023-IAG-C4312711-Final report.docx,2023-04-27
1502000,1191,1502000.1191,\\ttgroup.local\corporate\Auckland\Projects\1502000\1502000.1191\IssuedDocuments\Final Report\T+T-2023-IAG-C4316014-Final Report.docx,2023-07-25
1502000,1192,1502000.1192,\\ttgroup.local\corporate\Auckland\Projects\1502000\1502000.1192\IssuedDocuments\Final report V2\T+T-2023-IAG-C4311237-Final report.docx,2023-05-04
1502000,1193,1502000.1193,\\ttgroup.local\corporate\Auckland\Projects\1502000\1502000.1193\IssuedDocuments\Final Report\T+T_2023_IAG-C0909938_Final Report.docx,2023-06-19
1502000,1194,1502000.1194,\\ttgroup.local\corporate\Auckland\Projects\1502000\1502000.1194\IssuedDocuments\Final Report\T+T_2023_IAG-C4309964_Final Report.docx,2023-05-03
1502000,1195,1502000.1195,\\ttgroup.local\corporate\Auckland\Projects\1502000\1502000.1195\IssuedDocuments\Final Report\T+T_2023_IAG-C8090985_Final Report.docx,2023-05-17
1502000,1196,1502000.1196,\\ttgroup.local\corporate\Auckland\Projects\1502000\1502000.1196\IssuedDocuments\Final report\T+T-2023-IAG-C0851764-Final report.docx,2023-05-01
1502000,1197,1502000.1197,\\ttgroup.local\corporate\Auckland\Projects\1502000\1502000.1197\IssuedDocuments\Final report\T+T-2023-IAG-C4313405-Final report.docx,2023-03-27
1502000,1198,1502000.1198,\\ttgroup.local\corporate\Auckland\Projects\1502000\1502000.1198\IssuedDocuments\Final Report V2 Extra Request\T+T-2023-IAG-C4307063-Final Report v2.docx,2023-06-29
1502000,1199,1502000.1199,\\ttgroup.local\corporate\Auckland\Projects\1502000\1502000.1199\IssuedDocuments\Final Report\T+T-2023-IAG-C4316308_Final Report.docx,2023-04-03
1502000,1202,1502000.1202,\\ttgroup.local\corporate\Auckland\Projects\1502000\1502000.1202\IssuedDocuments\Final report v3\T+T-2023-IAG-C4310779-Final Report V3.docx,2023-09-12
1502000,1203,1502000.1203,\\ttgroup.local\corporate\Auckland\Projects\1502000\1502000.1203\IssuedDocuments\Final Report_V2\T+T-2023-IAG-8089578-Final Report - updated KF 20231115.docx,2023-11-14
1502000,1204,1502000.1204,\\ttgroup.local\corporate\Auckland\Projects\1502000\1502000.1204\IssuedDocuments\Final Report\T+T_2023-IAG-C0857828_Final Report.docx,2023-03-26
1502000,1205,1502000.1205,\\ttgroup.local\corporate\Auckland\Projects\1502000\1502000.1205\IssuedDocuments\Final report\T+T-2023-IAG-C4318633-Final report.docx,2023-05-01
1502000,1206,1502000.1206,\\ttgroup.local\corporate\Auckland\Projects\1502000\1502000.1206\IssuedDocuments\Final Report\T+T_2022_IAG-C0780299_Final Report.docx,2023-03-31
1502000,1207,1502000.1207,\\ttgroup.local\corporate\Auckland\Projects\1502000\1502000.1207\IssuedDocuments\Final Report\T+T_2022_IAG-C0844271_Final Report.docx,2023-03-31
1502000,1208,1502000.1208,\\ttgroup.local\corporate\Auckland\Projects\1502000\1502000.1208\IssuedDocuments\Final report\T+T-2022-IAG-C0857048-Final Report.docx,2026-05-11
1502000,1209,1502000.1209,\\ttgroup.local\corporate\Auckland\Projects\1502000\1502000.1209\IssuedDocuments\Final report V2\T+T-2023-IAG-C4325442-Final report.docx,2023-09-14
1502000,1210,1502000.1210,\\ttgroup.local\corporate\Auckland\Projects\1502000\1502000.1210\IssuedDocuments\Extra Request June 2023\T+T-2023-IAG-C0849628-Final report - Extra request.docx,2023-06-28
1502000,1215,1502000.1215,\\ttgroup.local\corporate\Auckland\Projects\1502000\1502000.1215\IssuedDocuments\Final report\T+T-2023-IAG-C0851789-Final report.docx,2023-04-10
1502000,1216,1502000.1216,\\ttgroup.local\corporate\Auckland\Projects\1502000\1502000.1216\IssuedDocuments\Final report\T+T-2023-IAG-8094125-Final report.docx,2023-04-17
1502000,1217,1502000.1217,\\ttgroup.local\corporate\Auckland\Projects\1502000\1502000.1217\IssuedDocuments\Final Report V2\T+T_2022_IAG-C0872183_Final Report V2.docx,2024-11-20
1502000,1218,1502000.1218,\\ttgroup.local\corporate\Auckland\Projects\1502000\1502000.1218\IssuedDocuments\Final report\T+T-2023-IAG-C4315267-Final report.docx,2023-03-29
1502000,1220,1502000.1220,\\ttgroup.local\corporate\Auckland\Projects\1502000\1502000.1220\IssuedDocuments\Additional Request\T+T-2023-IAG-C0850642-Final Report V3.docx,2025-07-24
1502000,1221,1502000.1221,\\ttgroup.local\corporate\Auckland\Projects\1502000\1502000.1221\IssuedDocuments\Final report\T+T-2023-IAG-C0849708-Final Report.docx,2023-05-28
1502000,1224,1502000.1224,\\ttgroup.local\corporate\Auckland\Projects\1502000\1502000.1224\IssuedDocuments\T+T_2023-IAG-C0849594_Report.docx,2023-05-25
1502000,1225,1502000.1225,\\ttgroup.local\corporate\Auckland\Projects\1502000\1502000.1225\IssuedDocuments\Extra request - final report\T+T-2023-IAG-C0848880-Final report V3.docx,2023-09-04
1502000,1226,1502000.1226,\\ttgroup.local\corporate\Auckland\Projects\1502000\1502000.1226\IssuedDocuments\Final report\T+T-2023-IAG-C4309323-Final report.docx,2023-05-09
1502000,1227,1502000.1227,\\ttgroup.local\corporate\Auckland\Projects\1502000\1502000.1227\IssuedDocuments\Final report\T+T-2023-IAG-C4422420-Final report.docx,2023-05-09
1502000,1228,1502000.1228,\\ttgroup.local\corporate\Auckland\Projects\1502000\1502000.1228\IssuedDocuments\Final report\T+T-2023-IAG-C4424347-Final report.docx,2023-05-09
1502000,1229,1502000.1229,\\ttgroup.local\corporate\Auckland\Projects\1502000\1502000.1229\IssuedDocuments\Final report\T+T-2023-IAG-C0852047-Final report.docx,2023-10-25
1502000,1230,1502000.1230,\\ttgroup.local\corporate\Auckland\Projects\1502000\1502000.1230\IssuedDocuments\Final report\T+T-2023-IAG-C4307574-Final report.docx,2023-06-12
1502000,1231,1502000.1231,\\ttgroup.local\corporate\Auckland\Projects\1502000\1502000.1231\IssuedDocuments\Final report\T+T-2023-IAG-C4305771-Final report.docx,2023-09-05
1502000,1232,1502000.1232,\\ttgroup.local\corporate\Auckland\Projects\1502000\1502000.1232\IssuedDocuments\Final report\T+T-2023-IAG-C0849528-Final report.docx,2023-05-15
1502000,1233,1502000.1233,\\ttgroup.local\corporate\Auckland\Projects\1502000\1502000.1233\IssuedDocuments\Final report\T+T-2023-IAG-C4426617-Final report.docx,2023-05-09
1502000,1234,1502000.1234,\\ttgroup.local\corporate\Auckland\Projects\1502000\1502000.1234\IssuedDocuments\Final report\T+T_2023-IAG-C4310290-Final Report.docx,2023-06-23
1502000,1235,1502000.1235,\\ttgroup.local\corporate\Auckland\Projects\1502000\1502000.1235\IssuedDocuments\Final report\T+T-2023-IAG-C0861200-Final report.docx,2023-05-10
1502000,1237,1502000.1237,\\ttgroup.local\corporate\Auckland\Projects\1502000\1502000.1237\IssuedDocuments\Original Request\T+T_2023-IAG-PER-C0851510_Report_Rev 1.docx,2023-08-08
1502000,1238,1502000.1238,\\ttgroup.local\corporate\Auckland\Projects\1502000\1502000.1238\IssuedDocuments\Final Report\T+T_2023-IAG-C4316533_Final Report.docx,2023-06-28
1502000,1240,1502000.1240,\\ttgroup.local\corporate\Auckland\Projects\1502000\1502000.1240\IssuedDocuments\Final report\T+T-2023-IAG-C0852591-Final report.docx,2023-04-30
1502000,1241,1502000.1241,\\ttgroup.local\corporate\Auckland\Projects\1502000\1502000.1241\IssuedDocuments\Final report - extra request\T+T-2023_IAG_C0854736-Final Report V2.docx,2023-06-13
1502000,1242,1502000.1242,\\ttgroup.local\corporate\Auckland\Projects\1502000\1502000.1242\IssuedDocuments\Final Report\T+T_2023-IAG-C4317838_Final Report.docx,2023-03-29
1502000,1243,1502000.1243,\\ttgroup.local\corporate\Auckland\Projects\1502000\1502000.1243\IssuedDocuments\T+T-2023-McLarens_Group-C4312077-Final Report.docx,2023-04-18
1502000,1244,1502000.1244,\\ttgroup.local\corporate\Auckland\Projects\1502000\1502000.1244\IssuedDocuments\Final report V2\T+T-2023-IAG-C0854103-Final report V2.docx,2023-07-26
1502000,1245,1502000.1245,\\ttgroup.local\corporate\Auckland\Projects\1502000\1502000.1245\IssuedDocuments\Final report\T+T-2023-IAG-C0855166-Final report.docx,2023-04-17
1502000,1246,1502000.1246,\\ttgroup.local\corporate\Auckland\Projects\1502000\1502000.1246\IssuedDocuments\Final\T+T_2022-IAG-C4324570_Report.docx,2023-03-01
1502000,1247,1502000.1247,\\ttgroup.local\corporate\Auckland\Projects\1502000\1502000.1247\IssuedDocuments\Final Report\T+T_2023-IAG-C4313060_Final Report.docx,2023-03-15
1502000,1249,1502000.1249,\\ttgroup.local\corporate\Auckland\Projects\1502000\1502000.1249\IssuedDocuments\Final Report\T+T_2023-IAG_C4320846_Report.docx,2023-03-14
1502000,1250,1502000.1250,\\ttgroup.local\corporate\Auckland\Projects\1502000\1502000.1250\IssuedDocuments\Final report\T+T_2023_IAG_C4252354_Final Report.docx,2023-07-24
1502000,1251,1502000.1251,\\ttgroup.local\corporate\Auckland\Projects\1502000\1502000.1251\IssuedDocuments\Final report\T+T-2022-IAG-C0861179-Final report.docx,2023-03-28
1502000,1252,1502000.1252,\\ttgroup.local\corporate\Auckland\Projects\1502000\1502000.1252\IssuedDocuments\Final Report\T+T_2023-IAG-C0845783-Final Report.docx,2023-05-17
1502000,1253,1502000.1253,\\ttgroup.local\corporate\Auckland\Projects\1502000\1502000.1253\IssuedDocuments\Final Report\T+T-2023-IAG-C0856558_Final Report.docx,2023-03-29
1502000,1254,1502000.1254,\\ttgroup.local\corporate\Auckland\Projects\1502000\1502000.1254\IssuedDocuments\Final Report\T+T_2023-IAG-C0850195_Final Report.docx,2023-08-01
1502000,1255,1502000.1255,\\ttgroup.local\corporate\Auckland\Projects\1502000\1502000.1255\IssuedDocuments\Final Report\T+T_2023-IAG-C0851781-Final Report.docx,2023-09-25
1502000,1256,1502000.1256,\\ttgroup.local\corporate\Auckland\Projects\1502000\1502000.1256\IssuedDocuments\T+T_2023-IAG-C0849235_Report.docx,2023-07-03
1502000,1257,1502000.1257,\\ttgroup.local\corporate\Auckland\Projects\1502000\1502000.1257\IssuedDocuments\Extra Request 14.06.2024\T+T-2023-IAG-C423843-Draft Report V3.docx,2024-09-02
1502000,1261,1502000.1261,\\ttgroup.local\corporate\Auckland\Projects\1502000\1502000.1261\IssuedDocuments\Final Report\T+T_2023-IAG-C4309218_Final Report.docx,2023-05-25
1502000,1263,1502000.1263,\\ttgroup.local\corporate\Auckland\Projects\1502000\1502000.1263\IssuedDocuments\T+T_2023-IAG-C0850709_Report.docx,2023-04-12
1502000,1264,1502000.1264,\\ttgroup.local\corporate\Auckland\Projects\1502000\1502000.1264\IssuedDocuments\Final report\T+T-2022-IAG-C4226176-Final Report.docx,2023-04-30
1502000,1265,1502000.1265,\\ttgroup.local\corporate\Auckland\Projects\1502000\1502000.1265\IssuedDocuments\Final report\T+T-2022-IAG-C0806438-Final report.Rev1.docx,2023-04-05
1502000,1266,1502000.1266,\\ttgroup.local\corporate\Auckland\Projects\1502000\1502000.1266\IssuedDocuments\Final report\T+T_2022_IAG-C4283706-Final Report.docx,2023-04-18
1502000,1267,1502000.1267,\\ttgroup.local\corporate\Auckland\Projects\1502000\1502000.1267\IssuedDocuments\Final report V2\T+T-2023-IAG- C0857631-Final Report V2.docx,2023-05-19
1502000,1268,1502000.1268,\\ttgroup.local\corporate\Auckland\Projects\1502000\1502000.1268\IssuedDocuments\Extra Request 2024\Final Report V2\T+T-2023-IAG-C0850637-Final report V2.docx,2024-03-04
1502000,1269,1502000.1269,\\ttgroup.local\corporate\Auckland\Projects\1502000\1502000.1269\IssuedDocuments\APR 2024 additional Request\REV 3 - T+T-2023-IAG-C4306610-Final report.docx,2024-05-27
1502000,1272,1502000.1272,\\ttgroup.local\corporate\Auckland\Projects\1502000\1502000.1272\IssuedDocuments\Final report\T+T-2023-IAG-C4312678-Final report.docx,2023-11-21
1502000,1273,1502000.1273,\\ttgroup.local\corporate\Auckland\Projects\1502000\1502000.1273\IssuedDocuments\Final report V2\T+T-2023-IAG-C0849771 EQL-Final Report V2.docx,2023-10-23
1502000,1274,1502000.1274,\\ttgroup.local\corporate\Auckland\Projects\1502000\1502000.1274\IssuedDocuments\Final report\T+T-2023-IAG- C4318158-Final Report.docx,2023-04-04
1502000,1276,1502000.1276,\\ttgroup.local\corporate\Auckland\Projects\1502000\1502000.1276\IssuedDocuments\Final report\T+T-2023-IAG-C4314614-Final report.docx,2023-06-19
1502000,1277,1502000.1277,\\ttgroup.local\corporate\Auckland\Projects\1502000\1502000.1277\IssuedDocuments\Additional Request\T+T-2023-IAG-C4307535-Final Report V4.docx,2024-06-24
1502000,1279,1502000.1279,\\ttgroup.local\corporate\Auckland\Projects\1502000\1502000.1279\IssuedDocuments\T+T-2023-IAG-C4307630-Final report v3.docx,2023-08-02
1502000,1280,1502000.1280,\\ttgroup.local\corporate\Auckland\Projects\1502000\1502000.1280\IssuedDocuments\Extra Request Final Report\T+T-2023-IAG-8089609-Final Report v1.docx,2024-05-27
1502000,1286,1502000.1286,\\ttgroup.local\corporate\Auckland\Projects\1502000\1502000.1286\IssuedDocuments\4. Additional Request 10.07.24\24207-GEO-Letter Report-EQC report-316136-ISSUED-2024.07.12_09.17.00.docx,2024-07-11
1502000,1287,1502000.1287,\\ttgroup.local\corporate\Auckland\Projects\1502000\1502000.1287\IssuedDocuments\Final Report\T+T_2023-IAG-C4310964_Final report.docx,2023-05-11
1502000,1288,1502000.1288,\\ttgroup.local\corporate\Auckland\Projects\1502000\1502000.1288\IssuedDocuments\T+T_2023-IAG-8091611_Report.docx,2023-06-06
1502000,1289,1502000.1289,\\ttgroup.local\corporate\Auckland\Projects\1502000\1502000.1289\IssuedDocuments\Draft\T+T_2023-IAG-C4311746_Draft Report.docx,2023-06-29
1502000,1290,1502000.1290,\\ttgroup.local\corporate\Auckland\Projects\1502000\1502000.1290\IssuedDocuments\Final Report_V3\T+T_2023-IAG-C4309995_Final Report_V3.docx,2023-10-24
1502000,1291,1502000.1291,\\ttgroup.local\corporate\Auckland\Projects\1502000\1502000.1291\IssuedDocuments\Final Report\T+t_2023-IAG-C0856196_Final Report.docx,2023-05-23
1502000,1292,1502000.1292,\\ttgroup.local\corporate\Auckland\Projects\1502000\1502000.1292\IssuedDocuments\T+T_2023_IAG_C4317698_Report.docx,2023-05-01
1502000,1296,1502000.1296,\\ttgroup.local\corporate\Auckland\Projects\1502000\1502000.1296\IssuedDocuments\Final V3\T+T-2023-Ando-PER-C0212688-Final Report.docx,2024-03-27
1502000,1304,1502000.1304,\\ttgroup.local\corporate\Auckland\Projects\1502000\1502000.1304\IssuedDocuments\Additional Request Nov 2024\T+T-2023-IAG-C0850921-Final Report V3.docx,2024-12-11
1502000,1305,1502000.1305,\\ttgroup.local\corporate\Auckland\Projects\1502000\1502000.1305\IssuedDocuments\Final Report\T+T _2023-IAG-C4306713_Final Report.docx,2023-05-04
1502000,1306,1502000.1306,\\ttgroup.local\corporate\Auckland\Projects\1502000\1502000.1306\IssuedDocuments\Final report\T+T-2023-IAG-C4316416-Final Report.docx,2023-10-25
1502000,1307,1502000.1307,\\ttgroup.local\corporate\Auckland\Projects\1502000\1502000.1307\IssuedDocuments\T+T_2023-IAG-C4306341_Report.docx,2023-05-08
1502000,1308,1502000.1308,\\ttgroup.local\corporate\Auckland\Projects\1502000\1502000.1308\IssuedDocuments\IAG_8048178_215 Rosetta Road_Report.docx,2022-08-04
1502000,1309,1502000.1309,\\ttgroup.local\corporate\Auckland\Projects\1502000\1502000.1309\IssuedDocuments\Final report\T+T-2023-IAG-C4306852-Final report.docx,2023-03-29
1502000,1310,1502000.1310,\\ttgroup.local\corporate\Auckland\Projects\1502000\1502000.1310\IssuedDocuments\Final report Rev2\T+T-2023-IAG-C4311928-Final Report_Rev.2.docx,2023-12-04
1502000,1311,1502000.1311,\\ttgroup.local\corporate\Auckland\Projects\1502000\1502000.1311\IssuedDocuments\Final Report\T+T_2023-IAG-C0865284_Report.docx,2023-05-01
1502000,1312,1502000.1312,\\ttgroup.local\corporate\Auckland\Projects\1502000\1502000.1312\IssuedDocuments\Final Report\T+T_2023-IAG-C4289094_Final Report V2.docx,2023-06-28
1502000,1313,1502000.1313,\\ttgroup.local\corporate\Auckland\Projects\1502000\1502000.1313\IssuedDocuments\Final Report V2\T+T_2023_IAG-C4339141_Report_V2.docx,2023-08-21
1502000,1314,1502000.1314,\\ttgroup.local\corporate\Auckland\Projects\1502000\1502000.1314\IssuedDocuments\Final Report\T+T_2023_IAG-C0856930_Final Report.docx,2023-05-01
1502000,1315,1502000.1315,\\ttgroup.local\corporate\Auckland\Projects\1502000\1502000.1315\IssuedDocuments\Final report\T+T-2023-IAG-C0865102-Final report.docx,2023-06-19
1502000,1316,1502000.1316,\\ttgroup.local\corporate\Auckland\Projects\1502000\1502000.1316\IssuedDocuments\Final report\T+T-2023-IAG-8092716-Final Report.docx,2023-06-06
1502000,1317,1502000.1317,\\ttgroup.local\corporate\Auckland\Projects\1502000\1502000.1317\IssuedDocuments\Final Report\T+T_2023_IAG-P037744398_Final Report.docx,2023-06-20
1502000,1318,1502000.1318,\\ttgroup.local\corporate\Auckland\Projects\1502000\1502000.1318\IssuedDocuments\Final Report 2\T+T_2023_IAG-C0842022_Final report.docx,2023-07-06
1502000,1319,1502000.1319,\\ttgroup.local\corporate\Auckland\Projects\1502000\1502000.1319\IssuedDocuments\Final report\T+T-2023-IAG-C4322979-Final Report.docx,2023-04-17
1502000,1320,1502000.1320,\\ttgroup.local\corporate\Auckland\Projects\1502000\1502000.1320\IssuedDocuments\T+T_2023-IAG-C0849457_Report.docx,2023-04-16
1502000,1321,1502000.1321,\\ttgroup.local\corporate\Auckland\Projects\1502000\1502000.1321\IssuedDocuments\Final Report\T+T_2023-IAG-C4308745_Final Report.docx,2023-07-30
1502000,1323,1502000.1323,\\ttgroup.local\corporate\Auckland\Projects\1502000\1502000.1323\IssuedDocuments\Final report\T+T-2023-IAG-C0853938-Final report.docx,2023-05-28
1502000,1324,1502000.1324,\\ttgroup.local\corporate\Auckland\Projects\1502000\1502000.1324\IssuedDocuments\Additional Request Dec 2024\20250121_T+T-2023-IAG-C0853388-Final Report Revision 2.docx,2025-01-28
1502000,1325,1502000.1325,\\ttgroup.local\corporate\Auckland\Projects\1502000\1502000.1325\IssuedDocuments\Final report\T+T-2023-IAG-C4416122-Final Report.docx,2023-10-25
1502000,1327,1502000.1327,\\ttgroup.local\corporate\Auckland\Projects\1502000\1502000.1327\IssuedDocuments\Draft Report\T+T_2023-IAG-C4349697_Draft Report.docx,2023-07-10
1502000,1328,1502000.1328,\\ttgroup.local\corporate\Auckland\Projects\1502000\1502000.1328\IssuedDocuments\Final Report\T+T_2023-IAG-C4310753_Final Report.docx,2023-04-18
1502000,1330,1502000.1330,\\ttgroup.local\corporate\Auckland\Projects\1502000\1502000.1330\IssuedDocuments\Final Report\T+T_2023-IAG-C0909942_Final Report.docx,2023-08-27
1502000,1331,1502000.1331,\\ttgroup.local\corporate\Auckland\Projects\1502000\1502000.1331\IssuedDocuments\Final report\T+T-2023-IAG-C0854072-Final report.docx,2023-04-27
1502000,1332,1502000.1332,\\ttgroup.local\corporate\Auckland\Projects\1502000\1502000.1332\IssuedDocuments\Final report\T+T-2023-IAG-C0856597-Final report.docx,2023-04-27
1502000,1333,1502000.1333,\\ttgroup.local\corporate\Auckland\Projects\1502000\1502000.1333\IssuedDocuments\Final report\T+T-2023-IAG-C0882141-Final report.docx,2023-08-28
1502000,1334,1502000.1334,\\ttgroup.local\corporate\Auckland\Projects\1502000\1502000.1334\IssuedDocuments\Final report\T+T-2023-IAG-C430070-Final Report.docx,2023-06-06
1502000,1335,1502000.1335,\\ttgroup.local\corporate\Auckland\Projects\1502000\1502000.1335\IssuedDocuments\T+T_2023-IAG-C4324038_Report.docx,2023-06-13
1502000,1336,1502000.1336,\\ttgroup.local\corporate\Auckland\Projects\1502000\1502000.1336\IssuedDocuments\Final Report\T+T_2023-IAG-8091431_Final Report.docx,2023-05-25
1502000,1337,1502000.1337,\\ttgroup.local\corporate\Auckland\Projects\1502000\1502000.1337\IssuedDocuments\Final report\T+T-2023-IAG-C4313573-Final report.docx,2023-09-25
1502000,1338,1502000.1338,\\ttgroup.local\corporate\Auckland\Projects\1502000\1502000.1338\IssuedDocuments\Extra Request September 2024\SS\IAG incorrect request\T+T-IAG-0851309-Final Report V6.docx,2025-02-23
1502000,1339,1502000.1339,\\ttgroup.local\corporate\Auckland\Projects\1502000\1502000.1339\IssuedDocuments\Final Report\T+T_2023-IAG-C0853681_Final Report.docx,2023-09-10
1502000,1340,1502000.1340,\\ttgroup.local\corporate\Auckland\Projects\1502000\1502000.1340\IssuedDocuments\T+T-2023-IAG-C4317305 Final Report V4.docx,2024-08-16
1502000,1341,1502000.1341,\\ttgroup.local\corporate\Auckland\Projects\1502000\1502000.1341\IssuedDocuments\Final report\T+T-2023-IAG-C4318512-Final report.docx,2023-06-19
1502000,1342,1502000.1342,\\ttgroup.local\corporate\Auckland\Projects\1502000\1502000.1342\IssuedDocuments\Final report\T+T-2023-IAG-C4328284-Final report.docx,2023-06-19
1502000,1343,1502000.1343,\\ttgroup.local\corporate\Auckland\Projects\1502000\1502000.1343\IssuedDocuments\Final report\T+T-2023-IAG-C4318524-Final Report V2.docx,2023-08-15
1502000,1344,1502000.1344,\\ttgroup.local\corporate\Auckland\Projects\1502000\1502000.1344\IssuedDocuments\Additional request 2024\T+T-2023-IAG-C4323385-Final report V3.docx,2024-09-08
1502000,1345,1502000.1345,\\ttgroup.local\corporate\Auckland\Projects\1502000\1502000.1345\IssuedDocuments\Final Report_V1\T+T_2023-IAG-C0878569_Final Report_V1.docx,2023-07-30
1502000,1346,1502000.1346,\\ttgroup.local\corporate\Auckland\Projects\1502000\1502000.1346\IssuedDocuments\Final report\T+T-2023-IAG-8091397-Final report.docx,2023-04-25
1502000,1347,1502000.1347,\\ttgroup.local\corporate\Auckland\Projects\1502000\1502000.1347\IssuedDocuments\Extra request May 2023\T+T-2023-IAG-C4317042-Final report V2.docx,2023-08-08
1502000,1348,1502000.1348,\\ttgroup.local\corporate\Auckland\Projects\1502000\1502000.1348\IssuedDocuments\Final report\T+T-2023-IAG-C0861603-Final report.docx,2023-06-19
1502000,1349,1502000.1349,\\ttgroup.local\corporate\Auckland\Projects\1502000\1502000.1349\IssuedDocuments\Extra Request 2024\T+T-2023-IAG-C4422439-Final report.docx,2024-02-14
1502000,1350,1502000.1350,\\ttgroup.local\corporate\Auckland\Projects\1502000\1502000.1350\IssuedDocuments\Final report\T+T-2023-IAG-C4321925-Final report.docx,2023-05-21
1502000,1351,1502000.1351,\\ttgroup.local\corporate\Auckland\Projects\1502000\1502000.1351\IssuedDocuments\Final Report\T+T-2023-IAG-C4422781-Final Report.docx,2023-08-09
1502000,1352,1502000.1352,\\ttgroup.local\corporate\Auckland\Projects\1502000\1502000.1352\IssuedDocuments\Final report\T+T-2023-IAG-C0858034-Final report .docx,2023-05-30
1502000,1353,1502000.1353,\\ttgroup.local\corporate\Auckland\Projects\1502000\1502000.1353\IssuedDocuments\Final report\T+T-2023-IAG-C4311506-Final Report V2.docx,2023-11-08
1502000,1354,1502000.1354,\\ttgroup.local\corporate\Auckland\Projects\1502000\1502000.1354\IssuedDocuments\Final report\T+T-2023-IAG-8090002-Final Report.docx,2023-05-11
1502000,1355,1502000.1355,\\ttgroup.local\corporate\Auckland\Projects\1502000\1502000.1355\IssuedDocuments\Final Report\24049-GEO-Letter Report-EQC-308300-ISSUED-2023.07.28_14.03.00.docx,2023-07-28
1502000,1357,1502000.1357,\\ttgroup.local\corporate\Auckland\Projects\1502000\1502000.1357\IssuedDocuments\Final Report\T+T_2023-IAG-C4339099_Final Report.docx,2023-08-29
1502000,1358,1502000.1358,\\ttgroup.local\corporate\Auckland\Projects\1502000\1502000.1358\IssuedDocuments\Final Report V2\T+T_2023-IAG-C4323916_Final Report V2.docx,2024-01-15
1502000,1359,1502000.1359,\\ttgroup.local\corporate\Auckland\Projects\1502000\1502000.1359\IssuedDocuments\Final Report\T+T_2023-IAG-C4338572-Final Report.docx,2023-06-13
1502000,1360,1502000.1360,\\ttgroup.local\corporate\Auckland\Projects\1502000\1502000.1360\IssuedDocuments\Final Report\T+T_2023-IAG-C4340644_Final Report.docx,2023-07-04
1502000,1361,1502000.1361,\\ttgroup.local\corporate\Auckland\Projects\1502000\1502000.1361\IssuedDocuments\Final report\T+T-2023-IAG-C4157566-Final report.docx,2023-06-19
1502000,1362,1502000.1362,\\ttgroup.local\corporate\Auckland\Projects\1502000\1502000.1362\IssuedDocuments\T+T_2023_IAG_C0856623_Final Report V2.docx,2024-11-01
1502000,1363,1502000.1363,\\ttgroup.local\corporate\Auckland\Projects\1502000\1502000.1363\IssuedDocuments\Final Report V3\T+T_2023-IAG-C4332326-Final Report V3.docx,2023-06-07
1502000,1364,1502000.1364,\\ttgroup.local\corporate\Auckland\Projects\1502000\1502000.1364\IssuedDocuments\Final report\T+T-2023-IAG-C4324416-Final report.docx,2023-05-09
1502000,1366,1502000.1366,\\ttgroup.local\corporate\Auckland\Projects\1502000\1502000.1366\IssuedDocuments\Extra Request 05.03.24\T+T-2022-IAG-C4231834-Final report_V2.docx,2024-03-05
1502000,1367,1502000.1367,\\ttgroup.local\corporate\Auckland\Projects\1502000\1502000.1367\IssuedDocuments\Final Report\T+T_2022_IAG_C4207502_Report.docx,2023-04-18
1502000,1369,1502000.1369,\\ttgroup.local\corporate\Auckland\Projects\1502000\1502000.1369\IssuedDocuments\Final report\T+T-LDE-2023-IAG-C0867953-Final report.docx,2023-09-10
1502000,1371,1502000.1371,\\ttgroup.local\corporate\Auckland\Projects\1502000\1502000.1371\IssuedDocuments\Final Report\T+T_2023_IAG-C0854830_Final Report.docx,2023-06-06
1502000,1372,1502000.1372,\\ttgroup.local\corporate\Auckland\Projects\1502000\1502000.1372\IssuedDocuments\Final report\T+T-2023-IAG-C0851562-Final Report.docx,2023-07-18
1502000,1374,1502000.1374,\\ttgroup.local\corporate\Auckland\Projects\1502000\1502000.1374\IssuedDocuments\Final report\T+T-2023-IAG-C4340864-Final report.docx,2023-07-18
1502000,1375,1502000.1375,\\ttgroup.local\corporate\Auckland\Projects\1502000\1502000.1375\IssuedDocuments\Final report\T+T-IAG-C4311955-Final Report.docx,2023-07-25
1502000,1376,1502000.1376,\\ttgroup.local\corporate\Auckland\Projects\1502000\1502000.1376\IssuedDocuments\Final report - extra request\T+T-2023-IAG-C4339266-Final report V3.docx,2023-08-02
1502000,1377,1502000.1377,\\ttgroup.local\corporate\Auckland\Projects\1502000\1502000.1377\IssuedDocuments\Final report\T+T-2023-IAG-C0865642-Final report.docx,2023-07-31
1502000,1380,1502000.1380,\\ttgroup.local\corporate\Auckland\Projects\1502000\1502000.1380\IssuedDocuments\Final Report V2\T+T_2023-IAG-C4307300_Final Report V2.docx,2023-09-03
1502000,1384,1502000.1384,\\ttgroup.local\corporate\Auckland\Projects\1502000\1502000.1384\IssuedDocuments\Final report\T+T-2023-IAG-C4334373-Final report V2.docx,2023-09-19
1502000,1385,1502000.1385,\\ttgroup.local\corporate\Auckland\Projects\1502000\1502000.1385\IssuedDocuments\Final report\T+T-2023-IAG-C0863546-Final report.docx,2023-06-24
1502000,1386,1502000.1386,\\ttgroup.local\corporate\Auckland\Projects\1502000\1502000.1386\IssuedDocuments\Final Report\T+T-2023-IAG-C4311654-Final Report V2.docx,2023-09-18
1502000,1388,1502000.1388,\\ttgroup.local\corporate\Auckland\Projects\1502000\1502000.1388\IssuedDocuments\Final report V2\T+T-2023-IAG-C0850282-Final Report v2.docx,2023-09-06
1502000,1389,1502000.1389,\\ttgroup.local\corporate\Auckland\Projects\1502000\1502000.1389\IssuedDocuments\Final report\T+T-2023-IAG-C0860745-Final Report V2.docx,2023-08-08
1502000,1390,1502000.1390,\\ttgroup.local\corporate\Auckland\Projects\1502000\1502000.1390\IssuedDocuments\Final Report\T+T_2023_IAG-C0881540_Report.docx,2024-10-14
1502000,1391,1502000.1391,\\ttgroup.local\corporate\Auckland\Projects\1502000\1502000.1391\IssuedDocuments\Final Report\T+T_2023-IAG-C4386561_Report.docx,2023-03-14
1502000,1392,1502000.1392,\\ttgroup.local\corporate\Auckland\Projects\1502000\1502000.1392\IssuedDocuments\Final report V2\T+T-2023-IAG-C0854871-Final report V2.docx,2023-09-05
1502000,1393,1502000.1393,\\ttgroup.local\corporate\Auckland\Projects\1502000\1502000.1393\IssuedDocuments\Final report\T+T-2023-IAG-C4346380-Final Report.docx,2023-06-20
1502000,1394,1502000.1394,\\ttgroup.local\corporate\Auckland\Projects\1502000\1502000.1394\IssuedDocuments\Final Report\T+T_2023-IAG-C4341097-Final Report.docx,2023-09-10
1502000,1396,1502000.1396,\\ttgroup.local\corporate\Auckland\Projects\1502000\1502000.1396\IssuedDocuments\Extra Request\Draft Report V3\Final Report\T+T_2023_IAG-C086519_Report.docx,2023-10-16
1502000,1398,1502000.1398,\\ttgroup.local\corporate\Auckland\Projects\1502000\1502000.1398\IssuedDocuments\Final Report\T+T_2022_IAG-C0864009_Final Report.docx,2023-04-18
1502000,1399,1502000.1399,\\ttgroup.local\corporate\Auckland\Projects\1502000\1502000.1399\IssuedDocuments\Final Report\T+T_2023_IAG-C4338724_Final Report.docx,2023-06-05
1502000,1400,1502000.1400,\\ttgroup.local\corporate\Auckland\Projects\1502000\1502000.1400\IssuedDocuments\Final report\T+T-2023-IAG-C4350217-Final Report V2.docx,2023-07-24
1502000,1402,1502000.1402,\\ttgroup.local\corporate\Auckland\Projects\1502000\1502000.1402\IssuedDocuments\Final Report\T+T_2022-IAG-C0823668_Final Report.docx,2023-03-23
1502000,1403,1502000.1403,\\ttgroup.local\corporate\Auckland\Projects\1502000\1502000.1403\IssuedDocuments\Final report\T+T-2023-IAG-C4338290-Final Report.docx,2023-05-23
1502000,1404,1502000.1404,\\ttgroup.local\corporate\Auckland\Projects\1502000\1502000.1404\IssuedDocuments\Final Report\T+T_2023_IAG_C0852626_Report.docx,2023-03-30
1502000,1405,1502000.1405,\\ttgroup.local\corporate\Auckland\Projects\1502000\1502000.1405\IssuedDocuments\Final Report\T+T_2023_IAG_C4314640_Report.docx,2023-04-17
1502000,1406,1502000.1406,\\ttgroup.local\corporate\Auckland\Projects\1502000\1502000.1406\IssuedDocuments\Final Report\T+T_2023-IAG-C0866895_Final Report.docx,2023-06-14
1502000,1407,1502000.1407,\\ttgroup.local\corporate\Auckland\Projects\1502000\1502000.1407\IssuedDocuments\Final Report\T+T_2023-IAG-C4349250_Final Report.docx,2023-05-15
1502000,1408,1502000.1408,\\ttgroup.local\corporate\Auckland\Projects\1502000\1502000.1408\IssuedDocuments\Final Report\T+T_2023_IAG-C0856237_Final Report.docx,2023-06-06
1502000,1409,1502000.1409,\\ttgroup.local\corporate\Auckland\Projects\1502000\1502000.1409\IssuedDocuments\Final Report\T+T_2023-IAG-C4331094_Final Report.docx,2023-05-15
1502000,1410,1502000.1410,\\ttgroup.local\corporate\Auckland\Projects\1502000\1502000.1410\IssuedDocuments\Final Report\T+T_2023_IAG-C0856015_Report.docx,2023-04-13
1502000,1411,1502000.1411,\\ttgroup.local\corporate\Auckland\Projects\1502000\1502000.1411\IssuedDocuments\Final report\T+T-2023-IAG-C0868312-Final report.docx,2023-07-25
1502000,1412,1502000.1412,\\ttgroup.local\corporate\Auckland\Projects\1502000\1502000.1412\IssuedDocuments\Final report\T+T-2023-IAG-C4315765-Final report.docx,2023-06-22
1502000,1413,1502000.1413,\\ttgroup.local\corporate\Auckland\Projects\1502000\1502000.1413\IssuedDocuments\Final Report V3\T+T_2023_IAG-C0851924_Report_V3.docx,2024-05-21
1502000,1414,1502000.1414,\\ttgroup.local\corporate\Auckland\Projects\1502000\1502000.1414\IssuedDocuments\Final Report\T+T_2023-IAG-C0853207_Final Report.docx,2023-06-06
1502000,1415,1502000.1415,\\ttgroup.local\corporate\Auckland\Projects\1502000\1502000.1415\IssuedDocuments\Final Report\T+T_2023-IAG-C4343935_Report.docx,2023-05-08
1502000,1416,1502000.1416,\\ttgroup.local\corporate\Auckland\Projects\1502000\1502000.1416\IssuedDocuments\Final Report\T+T_2023_IAG_C4309594_Final Report.docx,2023-04-13
1502000,1417,1502000.1417,\\ttgroup.local\corporate\Auckland\Projects\1502000\1502000.1417\IssuedDocuments\Final report\T+T-2023-IAG-C0909806-Final report.docx,2024-07-12
1502000,1418,1502000.1418,\\ttgroup.local\corporate\Auckland\Projects\1502000\1502000.1418\IssuedDocuments\T+T_2023-IAG-C4351293-Final Report.docx,2023-03-24
1502000,1419,1502000.1419,\\ttgroup.local\corporate\Auckland\Projects\1502000\1502000.1419\IssuedDocuments\Final Report\T+T_2023_IAG-C4323218_Final Report.docx,2023-05-17
1502000,1421,1502000.1421,\\ttgroup.local\corporate\Auckland\Projects\1502000\1502000.1421\IssuedDocuments\Final report\T+T-2023-IAG-C0861457-Final report.docx,2023-06-19
1502000,1422,1502000.1422,\\ttgroup.local\corporate\Auckland\Projects\1502000\1502000.1422\IssuedDocuments\Final Report\T+T-2023_IAG-C8089825_Final Report.docx,2023-06-12
1502000,1423,1502000.1423,\\ttgroup.local\corporate\Auckland\Projects\1502000\1502000.1423\IssuedDocuments\Final Report\T+T_2023_IAG-C4349842_Report.docx,2023-04-13
1502000,1424,1502000.1424,\\ttgroup.local\corporate\Auckland\Projects\1502000\1502000.1424\IssuedDocuments\Final Report\T+T_2023_IAG_C0876528_Final report.docx,2024-01-25
1502000,1428,1502000.1428,\\ttgroup.local\corporate\Auckland\Projects\1502000\1502000.1428\IssuedDocuments\Final\T+T_2022-IAG-C4339872_Report.docx,2023-05-29
1502000,1429,1502000.1429,\\ttgroup.local\corporate\Auckland\Projects\1502000\1502000.1429\IssuedDocuments\Final\T+T 2023_IAG_C4268880_Report.docx,2023-04-11
1502000,1430,1502000.1430,\\ttgroup.local\corporate\Auckland\Projects\1502000\1502000.1430\IssuedDocuments\Final Report\Final Report_V2\T+T_2023-Ando-PER-C00193327_Final Report_V2.docx,2023-05-17
1502000,1431,1502000.1431,\\ttgroup.local\corporate\Auckland\Projects\1502000\1502000.1431\IssuedDocuments\Final Report\T+T_2022_IAG-C4396558 EQC Land_Final Report.docx,2023-05-14
1502000,1432,1502000.1432,\\ttgroup.local\corporate\Auckland\Projects\1502000\1502000.1432\IssuedDocuments\Final report\T+T-2023-IAG-C0869842-Final report.docx,2023-05-24
1502000,1433,1502000.1433,\\ttgroup.local\corporate\Auckland\Projects\1502000\1502000.1433\IssuedDocuments\Final Report\T+T_2023-IAG-C0841234_Final Report.docx,2023-05-17
1502000,1434,1502000.1434,\\ttgroup.local\corporate\Auckland\Projects\1502000\1502000.1434\IssuedDocuments\Final report\T+T-2023-IAG-C4333183-Final report.docx,2023-10-25
1502000,1436,1502000.1436,\\ttgroup.local\corporate\Auckland\Projects\1502000\1502000.1436\IssuedDocuments\Final report\T+T-2023-IAG-C0883325-Final Report V2.docx,2024-01-29
1502000,1438,1502000.1438,\\ttgroup.local\corporate\Auckland\Projects\1502000\1502000.1438\IssuedDocuments\24453-GEO-Letter Report-Land Damage Assessment_T+T_Draft-348866-ISSUED-2023.07.19.docx,2023-07-19
1502000,1439,1502000.1439,\\ttgroup.local\corporate\Auckland\Projects\1502000\1502000.1439\IssuedDocuments\Final Report\T+T_2023-IAG-C0869393_Final Report.docx,2023-06-21
1502000,1440,1502000.1440,\\ttgroup.local\corporate\Auckland\Projects\1502000\1502000.1440\IssuedDocuments\Final report revised\T+T_2023-IAG-C0860823_Final Report V3.docx,2024-05-09
1502000,1441,1502000.1441,\\ttgroup.local\corporate\Auckland\Projects\1502000\1502000.1441\IssuedDocuments\Final Report\T+T_2023-IAG-C0870529_Final Report.docx,2023-05-15
1502000,1442,1502000.1442,\\ttgroup.local\corporate\Auckland\Projects\1502000\1502000.1442\IssuedDocuments\T+T 2023-IAG-C4345157-Final Report.docx,2023-07-31
1502000,1443,1502000.1443,\\ttgroup.local\corporate\Auckland\Projects\1502000\1502000.1443\IssuedDocuments\Final report\T+T-2023-IAG-C0853498-Final report.docx,2023-06-19
1502000,1444,1502000.1444,\\ttgroup.local\corporate\Auckland\Projects\1502000\1502000.1444\IssuedDocuments\Final report\T+T-2023-IAG-8096932-Final report.docx,2023-09-17
1502000,1445,1502000.1445,\\ttgroup.local\corporate\Auckland\Projects\1502000\1502000.1445\IssuedDocuments\Final Report\T+T_2023-IAG-C4315108_Final Report.docx,2023-05-09
1502000,1446,1502000.1446,\\ttgroup.local\corporate\Auckland\Projects\1502000\1502000.1446\IssuedDocuments\Final Report\T+T_2023-IAG-C4345611_Final Report.docx,2023-07-02
1502000,1447,1502000.1447,\\ttgroup.local\corporate\Auckland\Projects\1502000\1502000.1447\IssuedDocuments\Final report\SS\24450-GEO-Letter Report-Land Damage Assessment_T+T_Final-348861-ISSUED-2023.07.25.docx,2023-07-24
1502000,1449,1502000.1449,\\ttgroup.local\corporate\Auckland\Projects\1502000\1502000.1449\IssuedDocuments\Final Report\T+T_2023-IAG-C4348647_Final Report.docx,2023-07-24
1502000,1450,1502000.1450,\\ttgroup.local\corporate\Auckland\Projects\1502000\1502000.1450\IssuedDocuments\Final Report\T+T_2023-IAG-8090294_Final Report.docx,2023-05-03
1502000,1451,1502000.1451,\\ttgroup.local\corporate\Auckland\Projects\1502000\1502000.1451\IssuedDocuments\T+T_2023-IAG-C0866949_Final Report.docx,2023-08-24
1502000,1453,1502000.1453,\\ttgroup.local\corporate\Auckland\Projects\1502000\1502000.1453\IssuedDocuments\Final report\T+T-2023-IAG-C4375915-Final report.docx,2023-05-16
1502000,1454,1502000.1454,\\ttgroup.local\corporate\Auckland\Projects\1502000\1502000.1454\IssuedDocuments\Final Report\T+T_2022_IAG-C0861968_Final Report.docx,2023-06-26
1502000,1455,1502000.1455,\\ttgroup.local\corporate\Auckland\Projects\1502000\1502000.1455\IssuedDocuments\Final Rev 1\T+T_2023-IAG-C4352228_Report_Rev 1.docx,2024-01-21
1502000,1456,1502000.1456,\\ttgroup.local\corporate\Auckland\Projects\1502000\1502000.1456\IssuedDocuments\Final Report\T+T_2023_IAG-C0866206_Report.docx,2023-08-24
1502000,1457,1502000.1457,\\ttgroup.local\corporate\Auckland\Projects\1502000\1502000.1457\IssuedDocuments\Final Report\T+T_2023_IAG-C4343030_Report.docx,2023-05-24
1502000,1458,1502000.1458,\\ttgroup.local\corporate\Auckland\Projects\1502000\1502000.1458\IssuedDocuments\Final Report\T+T_2023-IAG-C0872152_Final Report.docx,2023-07-21
1502000,1459,1502000.1459,\\ttgroup.local\corporate\Auckland\Projects\1502000\1502000.1459\IssuedDocuments\Final Report\T+T_2023-IAG-C4341064_Report.docx,2023-08-08
1502000,1460,1502000.1460,\\ttgroup.local\corporate\Auckland\Projects\1502000\1502000.1460\IssuedDocuments\Final Report\T+T_2023-IAG-C4342593_Final Report.docx,2023-08-21
1502000,1461,1502000.1461,\\ttgroup.local\corporate\Auckland\Projects\1502000\1502000.1461\IssuedDocuments\Final Report_V2 (updated ref)\T+T-2023-IAG-C0841134-Final report.docx,2024-01-09
1502000,1462,1502000.1462,\\ttgroup.local\corporate\Auckland\Projects\1502000\1502000.1462\IssuedDocuments\Final Report\T+T_2023-IAG-C4350517_Final Report.docx,2023-05-17
1502000,1463,1502000.1463,\\ttgroup.local\corporate\Auckland\Projects\1502000\1502000.1463\IssuedDocuments\Final report\T+T-2023-IAG-C4328677-Final Report.docx,2023-07-13
1502000,1464,1502000.1464,\\ttgroup.local\corporate\Auckland\Projects\1502000\1502000.1464\IssuedDocuments\Final Report v1\T+T_2023-IAG-C4320242_Final Report.docx,2023-05-10
1502000,1465,1502000.1465,\\ttgroup.local\corporate\Auckland\Projects\1502000\1502000.1465\IssuedDocuments\Final Report\T+T_2023_IAG-C4336186_Report.docx,2023-05-15
1502000,1466,1502000.1466,\\ttgroup.local\corporate\Auckland\Projects\1502000\1502000.1466\IssuedDocuments\Final Report V3\T+T_2023-IAG-8096302_Final Report_V3.docx,2025-01-21
1502000,1468,1502000.1468,\\ttgroup.local\corporate\Auckland\Projects\1502000\1502000.1468\IssuedDocuments\Final Report\T+T_2023-IAG-C0876968-Final Report.docx,2023-05-18
1502000,1469,1502000.1469,\\ttgroup.local\corporate\Auckland\Projects\1502000\1502000.1469\IssuedDocuments\Final report\T+T-2023-IAG-C4320544-Final report.docx,2023-06-14
1502000,1470,1502000.1470,\\ttgroup.local\corporate\Auckland\Projects\1502000\1502000.1470\IssuedDocuments\Final report\T+T-2023-IAG-C0866265-Final report.docx,2023-05-21
1502000,1472,1502000.1472,\\ttgroup.local\corporate\Auckland\Projects\1502000\1502000.1472\IssuedDocuments\Final report\T+T-2023-IAG-C0869069-Final report.docx,2023-07-17
1502000,1473,1502000.1473,\\ttgroup.local\corporate\Auckland\Projects\1502000\1502000.1473\IssuedDocuments\Final Report_V2\T+T_2023-IAG-C0870908_Final Report_V2.docx,2023-09-26
1502000,1474,1502000.1474,\\ttgroup.local\corporate\Auckland\Projects\1502000\1502000.1474\IssuedDocuments\Final Report\T+T-2022-IAG-8075240-Final Report.docx,2023-12-21
1502000,1476,1502000.1476,\\ttgroup.local\corporate\Auckland\Projects\1502000\1502000.1476\IssuedDocuments\Final report\T+T-2023-IAG-C0850224-Final report.docx,2023-04-25
1502000,1477,1502000.1477,\\ttgroup.local\corporate\Auckland\Projects\1502000\1502000.1477\IssuedDocuments\Final Report\T+T_2023-IAG-C0874543-Final Report.docx,2023-07-07
1502000,1478,1502000.1478,\\ttgroup.local\corporate\Auckland\Projects\1502000\1502000.1478\IssuedDocuments\Final Report\T+T_2023-IAG-8097550_Final Report.docx,2023-06-25
1502000,1479,1502000.1479,\\ttgroup.local\corporate\Auckland\Projects\1502000\1502000.1479\IssuedDocuments\Final report\T+T-2023-IAG-C0850124-Final report.docx,2023-05-21
1502000,1480,1502000.1480,\\ttgroup.local\corporate\Auckland\Projects\1502000\1502000.1480\IssuedDocuments\Final Report\T+T_2023-IAG-C0870300_Final Report.docx,2023-05-15
1502000,1481,1502000.1481,\\ttgroup.local\corporate\Auckland\Projects\1502000\1502000.1481\IssuedDocuments\Final Report\T+T_2023_IAG_8055015-Final Report.docx,2023-05-24
1502000,1482,1502000.1482,\\ttgroup.local\corporate\Auckland\Projects\1502000\1502000.1482\IssuedDocuments\Final report\T+T-2023-IAG-8099603-Final Report.docx,2023-06-06
1502000,1483,1502000.1483,\\ttgroup.local\corporate\Auckland\Projects\1502000\1502000.1483\IssuedDocuments\Extra Request Nov 2023\T+T-2023-IAG-C4330149-Final report V3.docx,2024-04-19
1502000,1484,1502000.1484,\\ttgroup.local\corporate\Auckland\Projects\1502000\1502000.1484\IssuedDocuments\Extra request\T+T-2023-IAG-C4325047-Final Report V2.docx,2023-10-10
1502000,1485,1502000.1485,\\ttgroup.local\corporate\Auckland\Projects\1502000\1502000.1485\IssuedDocuments\Final report\T+T-2023-IAG-C4313216-Final Report.docx,2023-06-20
1502000,1486,1502000.1486,\\ttgroup.local\corporate\Auckland\Projects\1502000\1502000.1486\IssuedDocuments\Final Report\T+T_2023-IAG-8091602_Final Report.docx,2023-05-01
1502000,1487,1502000.1487,\\ttgroup.local\corporate\Auckland\Projects\1502000\1502000.1487\IssuedDocuments\Final report\T+T-2023-IAG-C0865801-Final Report.docx,2023-09-14
1502000,1488,1502000.1488,\\ttgroup.local\corporate\Auckland\Projects\1502000\1502000.1488\IssuedDocuments\Final report\T+T-2023-IAG-C0868242-Final report.docx,2023-09-17
1502000,1490,1502000.1490,\\ttgroup.local\corporate\Auckland\Projects\1502000\1502000.1490\IssuedDocuments\Final Report\T+T_2023-IAG-C0881269_Final Report.docx,2023-05-09
1502000,1491,1502000.1491,\\ttgroup.local\corporate\Auckland\Projects\1502000\1502000.1491\IssuedDocuments\Final report\T+T-2023-IAG-C4382814_Final Report.docx,2023-10-09
1502000,1492,1502000.1492,\\ttgroup.local\corporate\Auckland\Projects\1502000\1502000.1492\IssuedDocuments\Final Report Rev 2\T+T_2023-IAG-C0871854_Final Report-Rev 2.docx,2023-08-15
1502000,1494,1502000.1494,\\ttgroup.local\corporate\Auckland\Projects\1502000\1502000.1494\IssuedDocuments\Final Report Amended\T+T_2023-IAG-C4309433_Final Report V2.docx,2023-10-27
1502000,1495,1502000.1495,\\ttgroup.local\corporate\Auckland\Projects\1502000\1502000.1495\IssuedDocuments\Revised Final\T+T-2023-IAG-C4308766-Final Report V2.docx,2023-12-22
1502000,1496,1502000.1496,\\ttgroup.local\corporate\Auckland\Projects\1502000\1502000.1496\IssuedDocuments\Final report\T+T-2023-IAG-C0852870-Final Report.docx,2023-05-23
1502000,1497,1502000.1497,\\ttgroup.local\corporate\Auckland\Projects\1502000\1502000.1497\IssuedDocuments\Final report\T+T-2023_IAG_8091260-Final Report.docx,2023-05-23
1502000,1498,1502000.1498,\\ttgroup.local\corporate\Auckland\Projects\1502000\1502000.1498\IssuedDocuments\Final Report\T+T_2023-IAG-C0865651_Final Report.docx,2023-06-08
1502000,1499,1502000.1499,\\ttgroup.local\corporate\Auckland\Projects\1502000\1502000.1499\IssuedDocuments\Additional Request\T+T_IAG-C0943944_Final Report_V1.docx,2023-08-13
1502000,1500,1502000.1500,\\ttgroup.local\corporate\Auckland\Projects\1502000\1502000.1500\IssuedDocuments\Final Report\T+T_2023_IAG-C0880597_Report.docx,2023-05-09
1502000,1501,1502000.1501,\\ttgroup.local\corporate\Auckland\Projects\1502000\1502000.1501\IssuedDocuments\Final Report Rev 1\T+T_2023-C4422469_Report_Rev 1.docx,2024-02-08
1502000,1502,1502000.1502,\\ttgroup.local\corporate\Auckland\Projects\1502000\1502000.1502\IssuedDocuments\Final Report\T+T-2023-AMI-C4443514-Final Report.docx,2023-12-18
1502000,1503,1502000.1503,\\ttgroup.local\corporate\Auckland\Projects\1502000\1502000.1503\IssuedDocuments\Final Report\T+T_2023_IAG_C4344001_Report.docx,2023-04-18
1502000,1504,1502000.1504,\\ttgroup.local\corporate\Auckland\Projects\1502000\1502000.1504\IssuedDocuments\T+T_2022-IAG-C4322509_Report.docx,2023-07-31
1502000,1505,1502000.1505,\\ttgroup.local\corporate\Auckland\Projects\1502000\1502000.1505\IssuedDocuments\Final Report\T+T_2023-IAG-C0883128-Final Report.docx,2023-08-02
1502000,1506,1502000.1506,\\ttgroup.local\corporate\Auckland\Projects\1502000\1502000.1506\IssuedDocuments\Final report\T+T-2023-IAG-C0882202-Final Report.docx,2023-06-14
1502000,1507,1502000.1507,\\ttgroup.local\corporate\Auckland\Projects\1502000\1502000.1507\IssuedDocuments\Final Report\T+T_2023-IAG-C4386641_Final Report.docx,2023-08-30
1502000,1508,1502000.1508,\\ttgroup.local\corporate\Auckland\Projects\1502000\1502000.1508\IssuedDocuments\Final report\Extra Request - change of claim number\T+T-2023-IAG-C0887261-Final report.docx,2023-07-17
1502000,1509,1502000.1509,\\ttgroup.local\corporate\Auckland\Projects\1502000\1502000.1509\IssuedDocuments\T+T_2023-IAG-C0877042_Final Report.docx,2023-07-25
1502000,1511,1502000.1511,\\ttgroup.local\corporate\Auckland\Projects\1502000\1502000.1511\IssuedDocuments\Final report\T+T-LDE-2023-IAG-C4359600-Final report.docx,2023-08-15
1502000,1512,1502000.1512,\\ttgroup.local\corporate\Auckland\Projects\1502000\1502000.1512\IssuedDocuments\Final Report_V3\T+T_2023-IAG-C4355946_Final Report_V3.docx,2023-10-23
1502000,1513,1502000.1513,\\ttgroup.local\corporate\Auckland\Projects\1502000\1502000.1513\IssuedDocuments\Final Report\T+T_2023-IAG-C0881993-Report.docx,2023-11-07
1502000,1514,1502000.1514,\\ttgroup.local\corporate\Auckland\Projects\1502000\1502000.1514\IssuedDocuments\Final Report\T+T_2022-IAG-C0836270-Final Report.docx,2023-07-21
1502000,1515,1502000.1515,\\ttgroup.local\corporate\Auckland\Projects\1502000\1502000.1515\IssuedDocuments\Final Report\T+T_2023-IAG-C0887724&C0955250_Final Report.docx,2023-09-21
1502000,1516,1502000.1516,\\ttgroup.local\corporate\Auckland\Projects\1502000\1502000.1516\IssuedDocuments\Final Report V5\T+T_2023-IAG-C4335664_Final Report_V5.docx,2024-03-11
1502000,1517,1502000.1517,\\ttgroup.local\corporate\Auckland\Projects\1502000\1502000.1517\IssuedDocuments\Final Report_V3\T+T_2023-IAG-C4343237_Final Report_V3.docx,2024-01-16
1502000,1518,1502000.1518,\\ttgroup.local\corporate\Auckland\Projects\1502000\1502000.1518\IssuedDocuments\Final Report V2\T+T_2023-IAG-8095910-Final Report_V2.docx,2023-08-21
1502000,1519,1502000.1519,\\ttgroup.local\corporate\Auckland\Projects\1502000\1502000.1519\IssuedDocuments\Final Report\T+T_2023-IAG-C4342837_Final Report.docx,2023-08-08
1502000,1520,1502000.1520,\\ttgroup.local\corporate\Auckland\Projects\1502000\1502000.1520\IssuedDocuments\Final Report\T+T_2023_IAG-C4427516_Final Report.docx,2023-07-19
1502000,1521,1502000.1521,\\ttgroup.local\corporate\Auckland\Projects\1502000\1502000.1521\IssuedDocuments\Final Report_V2\T+T-2023-IAG-8095095-Final Report_V2.docx,2023-08-23
1502000,1523,1502000.1523,\\ttgroup.local\corporate\Auckland\Projects\1502000\1502000.1523\IssuedDocuments\Final Report\T+T_2023-IAG-C0874586_Final Report.docx,2023-07-19
1502000,1524,1502000.1524,\\ttgroup.local\corporate\Auckland\Projects\1502000\1502000.1524\IssuedDocuments\Final Report V3\T+T_2023_IAG-C8096012_Report_V3.docx,2024-09-27
1502000,1525,1502000.1525,\\ttgroup.local\corporate\Auckland\Projects\1502000\1502000.1525\IssuedDocuments\Final Report\T+T_2023_IAG-C0876141_Final Report.docx,2023-06-05
1502000,1526,1502000.1526,\\ttgroup.local\corporate\Auckland\Projects\1502000\1502000.1526\IssuedDocuments\Final Report\T+T_2021_IAG-C4376970_Final Report.docx,2023-06-05
1502000,1527,1502000.1527,\\ttgroup.local\corporate\Auckland\Projects\1502000\1502000.1527\IssuedDocuments\Final Report\T+T_2023-IAG-C4345435_Final Report.docx,2023-07-28
1502000,1528,1502000.1528,\\ttgroup.local\corporate\Auckland\Projects\1502000\1502000.1528\IssuedDocuments\Final Report\T+T-2023-IAG-C4350742-Final report.docx,2023-08-02
1502000,1529,1502000.1529,\\ttgroup.local\corporate\Auckland\Projects\1502000\1502000.1529\IssuedDocuments\Final report\T+T-2023-IAG-C0868767_Final Report.docx,2023-10-10
1502000,1530,1502000.1530,\\ttgroup.local\corporate\Auckland\Projects\1502000\1502000.1530\IssuedDocuments\Final Report\T+T_2023-IAG-C0896760-Final Report.docx,2023-11-22
1502000,1531,1502000.1531,\\ttgroup.local\corporate\Auckland\Projects\1502000\1502000.1531\IssuedDocuments\Final Report\T+T_2023_IAG-C4449774_Report.docx,2023-08-09
1502000,1532,1502000.1532,\\ttgroup.local\corporate\Auckland\Projects\1502000\1502000.1532\IssuedDocuments\Final Report\T+T_2023-IAG-C4385381_Final Report.docx,2023-08-16
1502000,1534,1502000.1534,\\ttgroup.local\corporate\Auckland\Projects\1502000\1502000.1534\IssuedDocuments\Draft Report\T+T_2023-IAG-2023-C0871097_Draft Report.docx,2023-10-04
1502000,1535,1502000.1535,\\ttgroup.local\corporate\Auckland\Projects\1502000\1502000.1535\IssuedDocuments\Final report\T+T-2023-IAG-C0883070-Final report.docx,2023-07-19
1502000,1536,1502000.1536,\\ttgroup.local\corporate\Auckland\Projects\1502000\1502000.1536\IssuedDocuments\Additional Request\Final Report\T+T-2023-IAG-C0867191-Additional request_Final Report.docx,2024-03-08
1502000,1537,1502000.1537,\\ttgroup.local\corporate\Auckland\Projects\1502000\1502000.1537\IssuedDocuments\Final Report\T+T_2023_IAG-C4383421_Final Report.docx,2023-07-16
1502000,1539,1502000.1539,\\ttgroup.local\corporate\Auckland\Projects\1502000\1502000.1539\IssuedDocuments\Final Report Revised\T+T-2023-IAG-C4323153 Final Report.docx,2023-12-17
1502000,1540,1502000.1540,\\ttgroup.local\corporate\Auckland\Projects\1502000\1502000.1540\IssuedDocuments\Final report\T+T-2023-IAG-C0872088-Final report.docx,2023-08-03
1502000,1541,1502000.1541,\\ttgroup.local\corporate\Auckland\Projects\1502000\1502000.1541\IssuedDocuments\Final report\T+T-2023-IAG-C4379240-Final report.docx,2023-06-19
1502000,1542,1502000.1542,\\ttgroup.local\corporate\Auckland\Projects\1502000\1502000.1542\IssuedDocuments\Final Report V2\T+T-2023-IAG-C1010608-Report_V2.docx,2024-05-01
1502000,1543,1502000.1543,\\ttgroup.local\corporate\Auckland\Projects\1502000\1502000.1543\IssuedDocuments\Final Report\T+T_2022_IAG-C4313150_Final Report.docx,2023-05-05
1502000,1545,1502000.1545,\\ttgroup.local\corporate\Auckland\Projects\1502000\1502000.1545\IssuedDocuments\Final report\T+T-2023-IAG-C0896686-Final report.docx,2023-07-17
1502000,1546,1502000.1546,\\ttgroup.local\corporate\Auckland\Projects\1502000\1502000.1546\IssuedDocuments\Final report v1\T+T-2023-IAG-C0893153-Final report v1.docx,2024-05-28
1502000,1548,1502000.1548,\\ttgroup.local\corporate\Auckland\Projects\1502000\1502000.1548\IssuedDocuments\Final Report\T+T-2023-IAG-8089857-Final Report.docx,2024-02-19
1502000,1549,1502000.1549,\\ttgroup.local\corporate\Auckland\Projects\1502000\1502000.1549\IssuedDocuments\Final Report\T+T_2023_IAG-C0897813_Final Report.docx,2023-07-16
1502000,1550,1502000.1550,\\ttgroup.local\corporate\Auckland\Projects\1502000\1502000.1550\IssuedDocuments\Final report\T+T-2023-IAG-C4386512-Final report.docx,2023-07-17
1502000,1551,1502000.1551,\\ttgroup.local\corporate\Auckland\Projects\1502000\1502000.1551\IssuedDocuments\Final report (Sep23)\T+T-2023-IAG-C4358243-Final report.docx,2023-09-10
1502000,1552,1502000.1552,\\ttgroup.local\corporate\Auckland\Projects\1502000\1502000.1552\IssuedDocuments\Final report\T+T-2023-IAG-C0878143-Final report.docx,2023-09-18
1502000,1554,1502000.1554,\\ttgroup.local\corporate\Auckland\Projects\1502000\1502000.1554\IssuedDocuments\Final Report\T+T_2022-IAG-C0863890-Final Report.docx,2023-06-07
1502000,1555,1502000.1555,\\ttgroup.local\corporate\Auckland\Projects\1502000\1502000.1555\IssuedDocuments\Final Report\T+T_2023-IAG-C0887724_Final Report.docx,2023-09-21
1502000,1556,1502000.1556,\\ttgroup.local\corporate\Auckland\Projects\1502000\1502000.1556\IssuedDocuments\Final report\T+T-2023-IAG-C0897172-Final report V2.docx,2023-10-30
1502000,1557,1502000.1557,\\ttgroup.local\corporate\Auckland\Projects\1502000\1502000.1557\IssuedDocuments\Final Report V3\T+T_2023_IAG-C4489296_Final Report V3.docx,2023-10-24
1502000,1558,1502000.1558,\\ttgroup.local\corporate\Auckland\Projects\1502000\1502000.1558\IssuedDocuments\Final Report\T+T-2023-IAG-C4393902-Final Report.docx,2023-06-01
1502000,1559,1502000.1559,\\ttgroup.local\corporate\Auckland\Projects\1502000\1502000.1559\IssuedDocuments\Final Report\T+T-2023-IAG-C4340494_Final Report.docx,2023-08-07
1502000,1561,1502000.1561,\\ttgroup.local\corporate\Auckland\Projects\1502000\1502000.1561\IssuedDocuments\Final report\T+T-2023-IAG-C4413633-Final Report.docx,2023-06-01
1502000,1562,1502000.1562,\\ttgroup.local\corporate\Auckland\Projects\1502000\1502000.1562\IssuedDocuments\Final Report\T+T_2023_IAG_C4404630_Final Report.docx,2023-07-05
1502000,1563,1502000.1563,\\ttgroup.local\corporate\Auckland\Projects\1502000\1502000.1563\IssuedDocuments\Final Report\T+T_2023-IAG-C0899971_Final Report.docx,2023-07-23
1502000,1564,1502000.1564,\\ttgroup.local\corporate\Auckland\Projects\1502000\1502000.1564\IssuedDocuments\Final Report\T+T_2023-IAG-C4314256-Final Report.docx,2023-07-18
1502000,1565,1502000.1565,\\ttgroup.local\corporate\Auckland\Projects\1502000\1502000.1565\IssuedDocuments\Final Report\T+T_2022_IAG_80100628_Report.docx,2023-08-01
1502000,1566,1502000.1566,\\ttgroup.local\corporate\Auckland\Projects\1502000\1502000.1566\IssuedDocuments\Final report\T+T-2023-IAG-C4312987-Final report.docx,2023-07-17
1502000,1567,1502000.1567,\\ttgroup.local\corporate\Auckland\Projects\1502000\1502000.1567\IssuedDocuments\Final Report V2\T+T-2023-IAG-C0889287-C0897285-Final Report V2.docx,2024-01-18
1502000,1568,1502000.1568,\\ttgroup.local\corporate\Auckland\Projects\1502000\1502000.1568\IssuedDocuments\Final report\T+T-2023-IAG-C0865972_Final Report.docx,2023-08-28
1502000,1569,1502000.1569,\\ttgroup.local\corporate\Auckland\Projects\1502000\1502000.1569\IssuedDocuments\Final Report\T+T_2023-IAG-C4323101-Final Report.docx,2023-08-15
1502000,1570,1502000.1570,\\ttgroup.local\corporate\Auckland\Projects\1502000\1502000.1570\IssuedDocuments\Final Report\T+T_2023-IAG-C4406966-Final Report.docx,2023-07-10
1502000,1571,1502000.1571,\\ttgroup.local\corporate\Auckland\Projects\1502000\1502000.1571\IssuedDocuments\Final Report\T+T_2023_IAG-8107680_Final Report.docx,2023-07-05
1502000,1572,1502000.1572,\\ttgroup.local\corporate\Auckland\Projects\1502000\1502000.1572\IssuedDocuments\Final report\T+T-2023-IAG-C4353124-Final report.docx,2023-07-20
1502000,1573,1502000.1573,\\ttgroup.local\corporate\Auckland\Projects\1502000\1502000.1573\IssuedDocuments\Extra request\Final Report\T+T_2023-IAG-C0882272_Extra request_Final report.docx,2024-05-14
1502000,1574,1502000.1574,\\ttgroup.local\corporate\Auckland\Projects\1502000\1502000.1574\IssuedDocuments\FInal report V2\T+T_2023-IAG-C0897561_Final Report_V2.docx,2023-11-07
1502000,1575,1502000.1575,\\ttgroup.local\corporate\Auckland\Projects\1502000\1502000.1575\IssuedDocuments\Final Report\T+T_2023-IAG-C0899258_Final Report.docx,2023-09-14
1502000,1576,1502000.1576,\\ttgroup.local\corporate\Auckland\Projects\1502000\1502000.1576\IssuedDocuments\Final report\T+T-2023-IAG-C4353604-Final report.docx,2023-09-25
1502000,1578,1502000.1578,\\ttgroup.local\corporate\Auckland\Projects\1502000\1502000.1578\IssuedDocuments\Final Report\T+T_2023_IAG-C4350830_Final Report.docx,2023-08-14
1502000,1579,1502000.1579,\\ttgroup.local\corporate\Auckland\Projects\1502000\1502000.1579\IssuedDocuments\Final Report\KE T+T_2022_IAG-C4407293_Final Report.docx,2023-07-30
1502000,1580,1502000.1580,\\ttgroup.local\corporate\Auckland\Projects\1502000\1502000.1580\IssuedDocuments\Draft Report\T+T_2023-IAG-C4418380_Draft Report.docx,2023-10-05
1502000,1581,1502000.1581,\\ttgroup.local\corporate\Auckland\Projects\1502000\1502000.1581\IssuedDocuments\Final Report\T+T_2023_IAG-C4413094_Final Report.docx,2023-06-30
1502000,1582,1502000.1582,\\ttgroup.local\corporate\Auckland\Projects\1502000\1502000.1582\IssuedDocuments\Final\T+T_2023-IAG-C4311426_Final Report.docx,2023-10-09
1502000,1583,1502000.1583,\\ttgroup.local\corporate\Auckland\Projects\1502000\1502000.1583\IssuedDocuments\Final Report\T+T_2023-IAG-C4412877_Report.docx,2023-06-07
1502000,1584,1502000.1584,\\ttgroup.local\corporate\Auckland\Projects\1502000\1502000.1584\IssuedDocuments\Final Report\T+T-2023-IAG-C0887031-Final Report.docx,2023-07-20
1502000,1585,1502000.1585,\\ttgroup.local\corporate\Auckland\Projects\1502000\1502000.1585\IssuedDocuments\Final Report\T+T_2023-IAG-C4339386_Final Report.docx,2023-08-03
1502000,1586,1502000.1586,\\ttgroup.local\corporate\Auckland\Projects\1502000\1502000.1586\IssuedDocuments\Final Report\T+T_2022_IAG_C4356933_Report.docx,2023-08-01
1502000,1588,1502000.1588,\\ttgroup.local\corporate\Auckland\Projects\1502000\1502000.1588\IssuedDocuments\Final Report\T+T_2022-IAG-C4342858_Report.docx,2023-12-19
1502000,1589,1502000.1589,\\ttgroup.local\corporate\Auckland\Projects\1502000\1502000.1589\IssuedDocuments\Final Report_V2\T+T_2023-IAG-C0901183_Final Report_V2.docx,2023-08-15
1502000,1590,1502000.1590,\\ttgroup.local\corporate\Auckland\Projects\1502000\1502000.1590\IssuedDocuments\Final Report\T+T_2023-IAG-C0875965_Final Report.docx,2023-07-30
1502000,1591,1502000.1591,\\ttgroup.local\corporate\Auckland\Projects\1502000\1502000.1591\IssuedDocuments\Final Report\T+T_2023-IAG-C4333217-Final Report.docx,2023-07-24
1502000,1592,1502000.1592,\\ttgroup.local\corporate\Auckland\Projects\1502000\1502000.1592\IssuedDocuments\T+T_2023-IAG-C4413601_Report.docx,2023-06-13
1502000,1593,1502000.1593,\\ttgroup.local\corporate\Auckland\Projects\1502000\1502000.1593\IssuedDocuments\Extra request\T+T-2023-IAG-C0863331-Final Report V2.docx,2023-10-10
1502000,1594,1502000.1594,\\ttgroup.local\corporate\Auckland\Projects\1502000\1502000.1594\IssuedDocuments\Final report\T+T-2023-IAG-C0863747-Final Report.docx,2023-07-17
1502000,1595,1502000.1595,\\ttgroup.local\corporate\Auckland\Projects\1502000\1502000.1595\IssuedDocuments\Final report\T+T-2023-IAG-C4427464-Final report.docx,2023-08-02
1502000,1596,1502000.1596,\\ttgroup.local\corporate\Auckland\Projects\1502000\1502000.1596\IssuedDocuments\Final report\T+T-2023-IAG-C0874705-Final report.docx,2023-11-15
1502000,1597,1502000.1597,\\ttgroup.local\corporate\Auckland\Projects\1502000\1502000.1597\IssuedDocuments\Final Report\T+T_2023-IAG-C4395179_Final Report.docx,2023-06-13
1502000,1598,1502000.1598,\\ttgroup.local\corporate\Auckland\Projects\1502000\1502000.1598\IssuedDocuments\Final Report\T+T_2023-IAG-C4381211-Final Report.docx,2023-06-25
1502000,1599,1502000.1599,\\ttgroup.local\corporate\Auckland\Projects\1502000\1502000.1599\IssuedDocuments\T+T-2023-IAG-C4630101-Final Report V3.docx,2024-03-19
1502000,1600,1502000.1600,\\ttgroup.local\corporate\Auckland\Projects\1502000\1502000.1600\IssuedDocuments\Extra Request\T+T-2023-IAG-C0865328-Final Report V3.docx,2024-06-20
1502000,1601,1502000.1601,\\ttgroup.local\corporate\Auckland\Projects\1502000\1502000.1601\IssuedDocuments\Final Report V3\T+T-2023-IAG-C0876057-Final Report V3.docx,2024-07-09
1502000,1602,1502000.1602,\\ttgroup.local\corporate\Auckland\Projects\1502000\1502000.1602\IssuedDocuments\Final Report\T+T_2023-IAG-C0869731-Final Report.docx,2023-08-16
1502000,1603,1502000.1603,\\ttgroup.local\corporate\Auckland\Projects\1502000\1502000.1603\IssuedDocuments\Final Report V2\T+T_2023_IAG-C4465235_Final Report V2.docx,2023-11-08
1502000,1604,1502000.1604,\\ttgroup.local\corporate\Auckland\Projects\1502000\1502000.1604\IssuedDocuments\Final Report V3\T+T_2023_IAG-C4457237_Final Report V3.docx,2023-10-31
1502000,1605,1502000.1605,\\ttgroup.local\corporate\Auckland\Projects\1502000\1502000.1605\IssuedDocuments\Final Report V2\T+T_2023_IAG-C0907651_Report_V2.docx,2023-11-07
1502000,1606,1502000.1606,\\ttgroup.local\corporate\Auckland\Projects\1502000\1502000.1606\IssuedDocuments\Reassessment Final Report\T+T-2023-IAG-C0890897_Reassessment Report_Final.docx,2024-11-11
1502000,1607,1502000.1607,\\ttgroup.local\corporate\Auckland\Projects\1502000\1502000.1607\IssuedDocuments\T+T_2023-IAG-C0923736_Final Report v2.docx,2023-11-02
1502000,1608,1502000.1608,\\ttgroup.local\corporate\Auckland\Projects\1502000\1502000.1608\IssuedDocuments\Final report\T+T-2023-IAG-C4429870-Final report.docx,2023-08-02
1502000,1609,1502000.1609,\\ttgroup.local\corporate\Auckland\Projects\1502000\1502000.1609\IssuedDocuments\Extra Request\Final Report\T+T_2023-IAG-C0897865_Extra request_Final Report.docx,2024-10-25
1502000,1611,1502000.1611,\\ttgroup.local\corporate\Auckland\Projects\1502000\1502000.1611\IssuedDocuments\Final Report\T+T-2023-IAG-C4306036-Final Report.docx,2023-12-12
1502000,1613,1502000.1613,\\ttgroup.local\corporate\Auckland\Projects\1502000\1502000.1613\IssuedDocuments\Final Report V2\T+T_2023_IAG-8106906_Final Report V2.docx,2023-08-04
1502000,1614,1502000.1614,\\ttgroup.local\corporate\Auckland\Projects\1502000\1502000.1614\IssuedDocuments\Final Report\T+T-2023-IAG-C4361446-Final Report.docx,2024-04-11
1502000,1615,1502000.1615,\\ttgroup.local\corporate\Auckland\Projects\1502000\1502000.1615\IssuedDocuments\Final report\T+T-2023-IAG-C4387862-Final report.docx,2023-07-25
1502000,1617,1502000.1617,\\ttgroup.local\corporate\Auckland\Projects\1502000\1502000.1617\IssuedDocuments\Final report\T+T-2023-IAG-C4328784-Final Report.docx,2023-08-07
1502000,1618,1502000.1618,\\ttgroup.local\corporate\Auckland\Projects\1502000\1502000.1618\IssuedDocuments\Final Report\T+T_2023-IAG-8094809_Final Report.docx,2023-08-03
1502000,1619,1502000.1619,\\ttgroup.local\corporate\Auckland\Projects\1502000\1502000.1619\IssuedDocuments\Final report\T+T-2023-IAG C0882944-Final report.docx,2023-10-03
1502000,1620,1502000.1620,\\ttgroup.local\corporate\Auckland\Projects\1502000\1502000.1620\IssuedDocuments\Final Report_v3\T+T-2023-IAG-C4430702-Final report_V3.docx,2024-02-14
1502000,1621,1502000.1621,\\ttgroup.local\corporate\Auckland\Projects\1502000\1502000.1621\IssuedDocuments\T+T_2023-IAG-C0903549_Final Report.docx,2023-08-17
1502000,1622,1502000.1622,\\ttgroup.local\corporate\Auckland\Projects\1502000\1502000.1622\IssuedDocuments\Final Report\T+T_2023-IAG-C4360619-Final Report.docx,2023-07-19
1502000,1623,1502000.1623,\\ttgroup.local\corporate\Auckland\Projects\1502000\1502000.1623\IssuedDocuments\Final report\T+T-2023-IAG-C4315083-Final Report.docx,2023-11-01
1502000,1624,1502000.1624,\\ttgroup.local\corporate\Auckland\Projects\1502000\1502000.1624\IssuedDocuments\Final Report V2\T+T_2023_IAG-C4487112_Final Report V2.docx,2023-07-09
1502000,1627,1502000.1627,\\ttgroup.local\corporate\Auckland\Projects\1502000\1502000.1627\IssuedDocuments\T+T-2023-IAG-C0852123-Final Report.docx,2023-10-20
1502000,1628,1502000.1628,\\ttgroup.local\corporate\Auckland\Projects\1502000\1502000.1628\IssuedDocuments\Final Report\T+T-2023-IAG-8108883-Final Report.docx,2024-01-30
1502000,1629,1502000.1629,\\ttgroup.local\corporate\Auckland\Projects\1502000\1502000.1629\IssuedDocuments\Final report\T+T-2023-IAG-C4341415-Final report.docx,2023-12-18
1502000,1630,1502000.1630,\\ttgroup.local\corporate\Auckland\Projects\1502000\1502000.1630\IssuedDocuments\Extra request\T+T-2023-IAG-C0881285-Final Report V3.docx,2024-06-14
1502000,1632,1502000.1632,\\ttgroup.local\corporate\Auckland\Projects\1502000\1502000.1632\IssuedDocuments\Final Report\T+T-2023-IAG-C0916042-Final report.docx,2024-01-25
1502000,1634,1502000.1634,\\ttgroup.local\corporate\Auckland\Projects\1502000\1502000.1634\IssuedDocuments\Extra request Final Report\T+T_2022-IAG-30436929-1_Final Report.docx,2023-12-01
1502000,1635,1502000.1635,\\ttgroup.local\corporate\Auckland\Projects\1502000\1502000.1635\IssuedDocuments\Final Report\T+T_2023_IAG_C4436754_Report V2.docx,2024-01-08
1502000,1637,1502000.1637,\\ttgroup.local\corporate\Auckland\Projects\1502000\1502000.1637\IssuedDocuments\Final Report\T+T_2023_IAG-C4415678_Final Report.docx,2023-07-06
1502000,1638,1502000.1638,\\ttgroup.local\corporate\Auckland\Projects\1502000\1502000.1638\IssuedDocuments\Final Report V3\T+T_2023_IAG-C0987194_Final Report V3.docx,2024-02-21
1502000,1639,1502000.1639,\\ttgroup.local\corporate\Auckland\Projects\1502000\1502000.1639\IssuedDocuments\Final report\T+T-2023-IAG-C4360656-Final report V4.docx,2024-02-26
1502000,1640,1502000.1640,\\ttgroup.local\corporate\Auckland\Projects\1502000\1502000.1640\IssuedDocuments\Final report\T+T-2023-IAG-C0851094-Final report.docx,2023-10-12
1502000,1641,1502000.1641,\\ttgroup.local\corporate\Auckland\Projects\1502000\1502000.1641\IssuedDocuments\Draft V2\24869-GEO-Letter Report-EQC - 25 Matata Street-359742 (ID 359742).docx,2024-06-06
1502000,1643,1502000.1643,\\ttgroup.local\corporate\Auckland\Projects\1502000\1502000.1643\IssuedDocuments\Final report\T+T-2023-IAG-C4350963-Final Report V2.docx,2024-01-23
1502000,1644,1502000.1644,\\ttgroup.local\corporate\Auckland\Projects\1502000\1502000.1644\IssuedDocuments\T+T-2023-IAG-C4385614-Final Report V2.docx,2024-07-12
1502000,1645,1502000.1645,\\ttgroup.local\corporate\Auckland\Projects\1502000\1502000.1645\IssuedDocuments\T+T_2023-IAG-C4435842_Final Report.docx,2024-01-30
1502000,1646,1502000.1646,\\ttgroup.local\corporate\Auckland\Projects\1502000\1502000.1646\IssuedDocuments\Final Report V3\T+T-2023-IAG-C4315697-Final Report V3.docx,2024-01-23
1502000,1648,1502000.1648,\\ttgroup.local\corporate\Auckland\Projects\1502000\1502000.1648\IssuedDocuments\Final Report\T+T_2023-IAG-8096514_Final Report.docx,2023-07-30
1502000,1650,1502000.1650,\\ttgroup.local\corporate\Auckland\Projects\1502000\1502000.1650\IssuedDocuments\Final Report\T+T-2023-IAG-C0915759-Final Report.docx,2023-08-29
1502000,1651,1502000.1651,\\ttgroup.local\corporate\Auckland\Projects\1502000\1502000.1651\IssuedDocuments\Final Report\T+T_2023-IAG-C4311811_Final Report.docx,2023-07-28
1502000,1653,1502000.1653,\\ttgroup.local\corporate\Auckland\Projects\1502000\1502000.1653\IssuedDocuments\Final report\T+T-2023-IAG-C4310950-Final Report.docx,2023-10-11
1502000,1655,1502000.1655,\\ttgroup.local\corporate\Auckland\Projects\1502000\1502000.1655\IssuedDocuments\Final Report\T+T_2023-IAG-C4335128_Final Report.docx,2023-08-20
1502000,1656,1502000.1656,\\ttgroup.local\corporate\Auckland\Projects\1502000\1502000.1656\IssuedDocuments\Final Report\T+T_2023-IAG-C4428258_Final Report .docx,2023-07-03
1502000,1657,1502000.1657,\\ttgroup.local\corporate\Auckland\Projects\1502000\1502000.1657\IssuedDocuments\Final\T+T_2023-IAG-C4458349_Final Report.docx,2023-09-11
1502000,1658,1502000.1658,\\ttgroup.local\corporate\Auckland\Projects\1502000\1502000.1658\IssuedDocuments\Final report\T+T-2023-IAG-C0855295-Final report.docx,2023-10-10
1502000,1660,1502000.1660,\\ttgroup.local\corporate\Auckland\Projects\1502000\1502000.1660\IssuedDocuments\Final Report\T+T-2023-IAG-C0890993-Final Report.docx,2024-02-07
1502000,1661,1502000.1661,\\ttgroup.local\corporate\Auckland\Projects\1502000\1502000.1661\IssuedDocuments\Final report\T+T-2023-IAG-C4439803-Final report.docx,2023-10-09
1502000,1662,1502000.1662,\\ttgroup.local\corporate\Auckland\Projects\1502000\1502000.1662\IssuedDocuments\Final Report\T+T_2023_IAG-C4343046_Final Report.docx,2023-09-04
1502000,1663,1502000.1663,\\ttgroup.local\corporate\Auckland\Projects\1502000\1502000.1663\IssuedDocuments\T+T_2023-IAG-C4362448_Final Report.docx,2024-01-31
1502000,1664,1502000.1664,\\ttgroup.local\corporate\Auckland\Projects\1502000\1502000.1664\IssuedDocuments\Final Report_V3\T+T_2023-IAG-C4393814_Final Report_V3.docx,2024-02-11
1502000,1666,1502000.1666,\\ttgroup.local\corporate\Auckland\Projects\1502000\1502000.1666\IssuedDocuments\Final Report\T+T-2023-IAG-C0898677-Final report.docx,2024-02-22
1502000,1667,1502000.1667,\\ttgroup.local\corporate\Auckland\Projects\1502000\1502000.1667\IssuedDocuments\Final Report V2\T+T_2023_IAG-C0920640_Final Report V2.docx,2024-01-08
1502000,1669,1502000.1669,\\ttgroup.local\corporate\Auckland\Projects\1502000\1502000.1669\IssuedDocuments\Final Report V2\T+T-2023-IAG-8111282-Final report V2.docx,2024-07-03
1502000,1670,1502000.1670,\\ttgroup.local\corporate\Auckland\Projects\1502000\1502000.1670\IssuedDocuments\Final Report\T+T_2023_IAG-C4458724_Final Report.docx,2023-09-28
1502000,1671,1502000.1671,\\ttgroup.local\corporate\Auckland\Projects\1502000\1502000.1671\IssuedDocuments\Final Report_v2\T+T_2023-IAG-C8117545-Final Report_v2.docx,2024-03-06
1502000,1672,1502000.1672,\\ttgroup.local\corporate\Auckland\Projects\1502000\1502000.1672\IssuedDocuments\Final Report\T+T_2023_IAG-C4443028_Final Report.docx,2023-07-27
1502000,1673,1502000.1673,\\ttgroup.local\corporate\Auckland\Projects\1502000\1502000.1673\IssuedDocuments\Final Report\T+T_2023_IAG-C0918805_Final Report.docx,2023-08-15
1502000,1674,1502000.1674,\\ttgroup.local\corporate\Auckland\Projects\1502000\1502000.1674\IssuedDocuments\Final Report\T+T_2023-IAG-8093381_Final Report.docx,2023-07-17
1502000,1675,1502000.1675,\\ttgroup.local\corporate\Auckland\Projects\1502000\1502000.1675\IssuedDocuments\Final Report v2\T+T_2023-IAG-C4436666_Final Report_V2.docx,2023-08-16
1502000,1676,1502000.1676,\\ttgroup.local\corporate\Auckland\Projects\1502000\1502000.1676\IssuedDocuments\Final report\T+T-2023-IAG-C4351983-Final report.docx,2023-11-03
1502000,1677,1502000.1677,\\ttgroup.local\corporate\Auckland\Projects\1502000\1502000.1677\IssuedDocuments\Final Report\T+T_2022_IAG_C4346982_Report.docx,2023-10-05
1502000,1678,1502000.1678,\\ttgroup.local\corporate\Auckland\Projects\1502000\1502000.1678\IssuedDocuments\Final report\T+T-2023-IAG-C0798099-Final report.docx,2023-09-04
1502000,1681,1502000.1681,\\ttgroup.local\corporate\Auckland\Projects\1502000\1502000.1681\IssuedDocuments\Additional Request Apr 2025\T+T-2023-IAG-C0899341-Final Report V4.docx,2025-10-01
1502000,1683,1502000.1683,\\ttgroup.local\corporate\Auckland\Projects\1502000\1502000.1683\IssuedDocuments\Final Report\T+T-2023-IAG-C4328189-Final Report.docx,2023-12-15
1502000,1684,1502000.1684,\\ttgroup.local\corporate\Auckland\Projects\1502000\1502000.1684\IssuedDocuments\Final Report\T+T-2023-IAG-C4435566-Final Report.docx,2023-12-14
1502000,1685,1502000.1685,\\ttgroup.local\corporate\Auckland\Projects\1502000\1502000.1685\IssuedDocuments\T+T_2023-IAG-C4435594_Final Report v1.docx,2024-03-26
1502000,1686,1502000.1686,\\ttgroup.local\corporate\Auckland\Projects\1502000\1502000.1686\IssuedDocuments\Final Report\T+T-2023-IAG-C4363561-Final report.docx,2024-01-18
1502000,1687,1502000.1687,\\ttgroup.local\corporate\Auckland\Projects\1502000\1502000.1687\IssuedDocuments\Final report\T+T-2023-IAG-C4325465-Final report V2.docx,2023-12-06
1502000,1688,1502000.1688,\\ttgroup.local\corporate\Auckland\Projects\1502000\1502000.1688\IssuedDocuments\Final report\T+T-2023-IAG-C0859762-Final report.docx,2023-07-13
1502000,1689,1502000.1689,\\ttgroup.local\corporate\Auckland\Projects\1502000\1502000.1689\IssuedDocuments\Final Report V4\T+T_2023_IAG-C0997099_Final Report V4.docx,2024-02-12
1502000,1690,1502000.1690,\\ttgroup.local\corporate\Auckland\Projects\1502000\1502000.1690\IssuedDocuments\Final Report\T+T_2023_IAG-C0910138_Final Report.docx,2023-08-17
1502000,1691,1502000.1691,\\ttgroup.local\corporate\Auckland\Projects\1502000\1502000.1691\IssuedDocuments\Final Report\T+T_2023_IAG-C0911044_Final Report.docx,2023-08-17
1502000,1692,1502000.1692,\\ttgroup.local\corporate\Auckland\Projects\1502000\1502000.1692\IssuedDocuments\Final report\T+T-2023-IAG-C0917129-Final Report.docx,2023-09-11
1502000,1693,1502000.1693,\\ttgroup.local\corporate\Auckland\Projects\1502000\1502000.1693\IssuedDocuments\Final Report V2\T+T_2023-IAG-C4421092_Final Report V2.docx,2024-02-22
1502000,1694,1502000.1694,\\ttgroup.local\corporate\Auckland\Projects\1502000\1502000.1694\IssuedDocuments\Final Report\T+T_2023-IAG-C0914992-Final Report.docx,2023-07-18
1502000,1696,1502000.1696,\\ttgroup.local\corporate\Auckland\Projects\1502000\1502000.1696\IssuedDocuments\Final Report\T+T_2022_IAG_C0903638_Report.docx,2023-08-30
1502000,1698,1502000.1698,\\ttgroup.local\corporate\Auckland\Projects\1502000\1502000.1698\IssuedDocuments\Final Report\T+T-2023-IAG-C4336688-Final report V2.docx,2024-06-09
1502000,1699,1502000.1699,\\ttgroup.local\corporate\Auckland\Projects\1502000\1502000.1699\IssuedDocuments\Final report\T+T-2023-IAG-C0879114-Final report.docx,2023-11-09
1502000,1700,1502000.1700,\\ttgroup.local\corporate\Auckland\Projects\1502000\1502000.1700\IssuedDocuments\Final report\T+T-2023-IAG-C0869189-Final Report V2.docx,2023-10-10
1502000,1701,1502000.1701,\\ttgroup.local\corporate\Auckland\Projects\1502000\1502000.1701\IssuedDocuments\Final Report\T+T_2023-IAG-C4417858_Final Report.docx,2023-08-18
1502000,1702,1502000.1702,\\ttgroup.local\corporate\Auckland\Projects\1502000\1502000.1702\IssuedDocuments\Final Report\T+T-2023-IAG-8124277-Final Report.docx,2023-10-10
1502000,1703,1502000.1703,\\ttgroup.local\corporate\Auckland\Projects\1502000\1502000.1703\IssuedDocuments\Final report\T+T-2023-IAG-C4443999-Final report.docx,2023-08-28
1502000,1704,1502000.1704,\\ttgroup.local\corporate\Auckland\Projects\1502000\1502000.1704\IssuedDocuments\Extra request January 2024\T+T-2023-IAG-C0912705-Final report V4.docx,2024-05-13
1502000,1706,1502000.1706,\\ttgroup.local\corporate\Auckland\Projects\1502000\1502000.1706\IssuedDocuments\FInal Report\T+T-2023-IAG-C4351709_Final Report.docx,2023-11-13
1502000,1708,1502000.1708,\\ttgroup.local\corporate\Auckland\Projects\1502000\1502000.1708\IssuedDocuments\Final Report\T+T_2023-IAG-C4346024_Final Report.docx,2023-08-11
1502000,1709,1502000.1709,\\ttgroup.local\corporate\Auckland\Projects\1502000\1502000.1709\IssuedDocuments\Final Report\T+T_2023_IAG-C4431369_Report.docx,2023-08-31
1502000,1710,1502000.1710,\\ttgroup.local\corporate\Auckland\Projects\1502000\1502000.1710\IssuedDocuments\Final Report\T+T_2023_IAG-C0925766_Report.docx,2023-08-08
1502000,1711,1502000.1711,\\ttgroup.local\corporate\Auckland\Projects\1502000\1502000.1711\IssuedDocuments\Final report\T+T-2023-IAG-C4357206-Final report.docx,2023-09-11
1502000,1712,1502000.1712,\\ttgroup.local\corporate\Auckland\Projects\1502000\1502000.1712\IssuedDocuments\Final Report\T+T_2023-IAG-C0877607_Final Report.docx,2023-09-28
1502000,1713,1502000.1713,\\ttgroup.local\corporate\Auckland\Projects\1502000\1502000.1713\IssuedDocuments\Final report\T+T-2023-IAG-C4379770-Final report.docx,2023-11-03
1502000,1714,1502000.1714,\\ttgroup.local\corporate\Auckland\Projects\1502000\1502000.1714\IssuedDocuments\Final Report\T+T-2023-IAG-C0881216-Final Report.docx,2024-03-13
1502000,1715,1502000.1715,\\ttgroup.local\corporate\Auckland\Projects\1502000\1502000.1715\IssuedDocuments\Final Report\T+T-2023-IAG-C0850630-Final Report V2.docx,2024-05-28
1502000,1716,1502000.1716,\\ttgroup.local\corporate\Auckland\Projects\1502000\1502000.1716\IssuedDocuments\Final report\T+T-2023-IAG-8104827-Final Report.docx,2023-10-11
1502000,1717,1502000.1717,\\ttgroup.local\corporate\Auckland\Projects\1502000\1502000.1717\IssuedDocuments\Final report\T+T-2023-IAG-C4319971-Final report V2.docx,2024-01-16
1502000,1718,1502000.1718,\\ttgroup.local\corporate\Auckland\Projects\1502000\1502000.1718\IssuedDocuments\Final report\T+T-2023-IAG-C0876413-Final report.docx,2023-11-28
1502000,1719,1502000.1719,\\ttgroup.local\corporate\Auckland\Projects\1502000\1502000.1719\IssuedDocuments\Final Report V5\T+T-2023-IAG-C0851556-Final Report V5.docx,2024-05-31
1502000,1720,1502000.1720,\\ttgroup.local\corporate\Auckland\Projects\1502000\1502000.1720\IssuedDocuments\Final report\T+T-2023-IAG-C0852269-Final report.docx,2023-10-04
1502000,1721,1502000.1721,\\ttgroup.local\corporate\Auckland\Projects\1502000\1502000.1721\IssuedDocuments\Final Report\T+T_2023-IAG-C4324064_Final Report.docx,2023-11-14
1502000,1722,1502000.1722,\\ttgroup.local\corporate\Auckland\Projects\1502000\1502000.1722\IssuedDocuments\Final Report\T+T_2023_IAG-8125325_Final Report.docx,2023-09-11
1502000,1723,1502000.1723,\\ttgroup.local\corporate\Auckland\Projects\1502000\1502000.1723\IssuedDocuments\Final Report V2\T+T_2023_IAG-C0920910 EQL_Final Report V2.docx,2023-12-01
1502000,1724,1502000.1724,\\ttgroup.local\corporate\Auckland\Projects\1502000\1502000.1724\IssuedDocuments\Final Report\T+T-2023-IAG-C4350194-Final Report V2.docx,2024-04-15
1502000,1725,1502000.1725,\\ttgroup.local\corporate\Auckland\Projects\1502000\1502000.1725\IssuedDocuments\Final Report\T+T_2023_IAG-C4452942_Final Report.docx,2023-09-11
1502000,1726,1502000.1726,\\ttgroup.local\corporate\Auckland\Projects\1502000\1502000.1726\IssuedDocuments\Final report\T+T-2023-IAG-C0917766-Final Report.docx,2023-09-06
1502000,1727,1502000.1727,\\ttgroup.local\corporate\Auckland\Projects\1502000\1502000.1727\IssuedDocuments\T+T_2023-IAG-8114988_Final Report.docx,2023-08-22
1502000,1728,1502000.1728,\\ttgroup.local\corporate\Auckland\Projects\1502000\1502000.1728\IssuedDocuments\Final Report\T+T_2023-IAG-C4422564_Report.docx,2023-09-04
1502000,1730,1502000.1730,\\ttgroup.local\corporate\Auckland\Projects\1502000\1502000.1730\IssuedDocuments\Final Report\T+T_2023_IAG-C4346819_Final report.docx,2024-04-29
1502000,1731,1502000.1731,\\ttgroup.local\corporate\Auckland\Projects\1502000\1502000.1731\IssuedDocuments\Final Report\T+T_2023_IAG-C4393761_Report.docx,2023-10-30
1502000,1732,1502000.1732,\\ttgroup.local\corporate\Auckland\Projects\1502000\1502000.1732\IssuedDocuments\Final Report\T+T_2023-IAG-C0923797_Final Report.docx,2024-03-26
1502000,1734,1502000.1734,\\ttgroup.local\corporate\Auckland\Projects\1502000\1502000.1734\IssuedDocuments\Final Report_V2\T+T_2023-IAG-C4305812_Final Report.V2.docx,2023-11-13
1502000,1735,1502000.1735,\\ttgroup.local\corporate\Auckland\Projects\1502000\1502000.1735\IssuedDocuments\Final Report V3\T+T_2023-IAG-C4434948_Final Report_V3.docx,2024-02-27
1502000,1737,1502000.1737,\\ttgroup.local\corporate\Auckland\Projects\1502000\1502000.1737\IssuedDocuments\Final Report\T+T_2023_IAG-8124482_Final Report.docx,2023-10-03
1502000,1738,1502000.1738,\\ttgroup.local\corporate\Auckland\Projects\1502000\1502000.1738\IssuedDocuments\Final Report V3\T+T_2023_IAG-C4460412_Final Report V3.docx,2024-01-24
1502000,1739,1502000.1739,\\ttgroup.local\corporate\Auckland\Projects\1502000\1502000.1739\IssuedDocuments\Final Report\T+T_2023_IAG-C4458325_Final Report.docx,2023-08-24
1502000,1740,1502000.1740,\\ttgroup.local\corporate\Auckland\Projects\1502000\1502000.1740\IssuedDocuments\Final Report\T+T_2023_IAG-C4464170_Final Report.docx,2024-02-02
1502000,1741,1502000.1741,\\ttgroup.local\corporate\Auckland\Projects\1502000\1502000.1741\IssuedDocuments\Final Report\T+T_2023-IAG-C0884912_Report.docx,2024-04-05
1502000,1742,1502000.1742,\\ttgroup.local\corporate\Auckland\Projects\1502000\1502000.1742\IssuedDocuments\Final Report\T+T-2023-IAG-C4342698-Final Report.docx,2024-01-15
1502000,1744,1502000.1744,\\ttgroup.local\corporate\Auckland\Projects\1502000\1502000.1744\IssuedDocuments\Final Report\T+T-2023-IAG-C0917598-Final report.docx,2024-03-18
1502000,1745,1502000.1745,\\ttgroup.local\corporate\Auckland\Projects\1502000\1502000.1745\IssuedDocuments\Final Report\T+T-2023-IAG-C4502001-Final report.docx,2024-01-12
1502000,1746,1502000.1746,\\ttgroup.local\corporate\Auckland\Projects\1502000\1502000.1746\IssuedDocuments\Extra Request Nov 2023\T+T-2023-IAG-C4343652-Final report V4.docx,2024-03-26
1502000,1747,1502000.1747,\\ttgroup.local\corporate\Auckland\Projects\1502000\1502000.1747\IssuedDocuments\Final Report V2\T+T_2023-IAG-C0933161_Final Report_V2.docx,2024-02-14
1502000,1748,1502000.1748,\\ttgroup.local\corporate\Auckland\Projects\1502000\1502000.1748\IssuedDocuments\Final report\T+T-2023-IAG-C4464436-Final report v3.docx,2024-03-22
1502000,1749,1502000.1749,\\ttgroup.local\corporate\Auckland\Projects\1502000\1502000.1749\IssuedDocuments\Final report\T+T-2023-IAG-C4472000-Final report.docx,2023-11-27
1502000,1750,1502000.1750,\\ttgroup.local\corporate\Auckland\Projects\1502000\1502000.1750\IssuedDocuments\Final report\T+T-2023-IAG-C4464145-Final report.docx,2023-11-02
1502000,1751,1502000.1751,\\ttgroup.local\corporate\Auckland\Projects\1502000\1502000.1751\IssuedDocuments\Final Report\T+T-2023-IAG-C0924363-Final report.docx,2024-02-20
1502000,1752,1502000.1752,\\ttgroup.local\corporate\Auckland\Projects\1502000\1502000.1752\IssuedDocuments\Final Report\T+T_IAG_2023_8126290_Final Report.docx,2023-09-20
1502000,1753,1502000.1753,\\ttgroup.local\corporate\Auckland\Projects\1502000\1502000.1753\IssuedDocuments\Final Report_V2\T+T_2023-IAG-C0859296_Final Report.docx,2023-12-08
1502000,1754,1502000.1754,\\ttgroup.local\corporate\Auckland\Projects\1502000\1502000.1754\IssuedDocuments\Extra request\Final Report\T+T_2023_IAG-C0884906_Extra request_Final Report.docx,2024-06-16
1502000,1755,1502000.1755,\\ttgroup.local\corporate\Auckland\Projects\1502000\1502000.1755\IssuedDocuments\Final Report\T+T-2023-IAG-C0929841-Final report.docx,2024-01-31
1502000,1756,1502000.1756,\\ttgroup.local\corporate\Auckland\Projects\1502000\1502000.1756\IssuedDocuments\Final Report\T+T-2023-IAG-C0879161-Final Report V2.docx,2024-04-04
1502000,1757,1502000.1757,\\ttgroup.local\corporate\Auckland\Projects\1502000\1502000.1757\IssuedDocuments\Final Report V2\T+T-2023-IAG-C4308210-Final report V2.docx,2024-02-12
1502000,1758,1502000.1758,\\ttgroup.local\corporate\Auckland\Projects\1502000\1502000.1758\IssuedDocuments\Final report\T+T-2023-IAG-8134947-Final report.docx,2023-10-30
1502000,1759,1502000.1759,\\ttgroup.local\corporate\Auckland\Projects\1502000\1502000.1759\IssuedDocuments\Final Report\T+T-2023-IAG-C0876640-Final report.docx,2024-01-21
1502000,1760,1502000.1760,\\ttgroup.local\corporate\Auckland\Projects\1502000\1502000.1760\IssuedDocuments\Final report\T+T-2023-IAG-C4433688-Final report.docx,2023-09-11
1502000,1762,1502000.1762,\\ttgroup.local\corporate\Auckland\Projects\1502000\1502000.1762\IssuedDocuments\Final\T+T_2023-IAG-C4453281_Final Report.docx,2023-12-01
1502000,1763,1502000.1763,\\ttgroup.local\corporate\Auckland\Projects\1502000\1502000.1763\IssuedDocuments\Final Report\T+T_2022_IAG-C4477007_Final Report.docx,2023-09-20
1502000,1764,1502000.1764,\\ttgroup.local\corporate\Auckland\Projects\1502000\1502000.1764\IssuedDocuments\Extra request March 2024\T+T_2023-IAG-C4341104_Extra request_Final Report .docx,2024-04-08
1502000,1765,1502000.1765,\\ttgroup.local\corporate\Auckland\Projects\1502000\1502000.1765\IssuedDocuments\Final Report\T+T_2023-IAG-C0883504_Final Report.docx,2024-01-24
1502000,1766,1502000.1766,\\ttgroup.local\corporate\Auckland\Projects\1502000\1502000.1766\IssuedDocuments\Final Report\T+T-2023-IAG-C4431164-Final Report.docx,2023-11-27
1502000,1768,1502000.1768,\\ttgroup.local\corporate\Auckland\Projects\1502000\1502000.1768\IssuedDocuments\Final Report Revised rev1\T+T-2023-IAG-C0927460-Final Report Revised.docx,2024-06-04
1502000,1770,1502000.1770,\\ttgroup.local\corporate\Auckland\Projects\1502000\1502000.1770\IssuedDocuments\Final Report\T+T-2023-IAG-C4526224-Final report.docx,2024-02-14
1502000,1771,1502000.1771,\\ttgroup.local\corporate\Auckland\Projects\1502000\1502000.1771\IssuedDocuments\Final report\T+T-2023-IAG-C4341421-Final report.docx,2023-11-07
1502000,1772,1502000.1772,\\ttgroup.local\corporate\Auckland\Projects\1502000\1502000.1772\IssuedDocuments\Final report\T+T-2023-IAG-C4409344-Final report.docx,2023-12-11
1502000,1773,1502000.1773,\\ttgroup.local\corporate\Auckland\Projects\1502000\1502000.1773\IssuedDocuments\Final Report\T+T-2023-IAG-C0926108-Final report V2.docx,2024-01-17
1502000,1774,1502000.1774,\\ttgroup.local\corporate\Auckland\Projects\1502000\1502000.1774\IssuedDocuments\Final Report\T+T_2023-IAG-C4384098_Final Report.docx,2024-01-17
1502000,1775,1502000.1775,\\ttgroup.local\corporate\Auckland\Projects\1502000\1502000.1775\IssuedDocuments\Final report V2 September 2024\T+T-2023-IAG-C0892887-Final report V2.docx,2024-09-23
1502000,1776,1502000.1776,\\ttgroup.local\corporate\Auckland\Projects\1502000\1502000.1776\IssuedDocuments\Final report V2\T+T-2023-IAG-C4450444-Final report V2.docx,2023-11-01
1502000,1778,1502000.1778,\\ttgroup.local\corporate\Auckland\Projects\1502000\1502000.1778\IssuedDocuments\Final report\T+T-2023-IAG-C4464106-Final report.docx,2023-11-02
1502000,1780,1502000.1780,\\ttgroup.local\corporate\Auckland\Projects\1502000\1502000.1780\IssuedDocuments\Revision 1\T+T_2023_IAG_C4481789_Final Report V2.docx,2024-07-02
1502000,1781,1502000.1781,\\ttgroup.local\corporate\Auckland\Projects\1502000\1502000.1781\IssuedDocuments\Final Report\T+T_2023-IAG-8120153_Final Report.docx,2023-08-21
1502000,1782,1502000.1782,\\ttgroup.local\corporate\Auckland\Projects\1502000\1502000.1782\IssuedDocuments\T+T_2022_IAG_C4482757_Report.docx,2023-08-31
1502000,1784,1502000.1784,\\ttgroup.local\corporate\Auckland\Projects\1502000\1502000.1784\IssuedDocuments\Final Report\T+T-2023-IAG-8117494-Final report.docx,2024-01-08
1502000,1785,1502000.1785,\\ttgroup.local\corporate\Auckland\Projects\1502000\1502000.1785\IssuedDocuments\Final Report\T+T+2023-IAG-C4435043_Final Report.docx,2023-11-23
1502000,1786,1502000.1786,\\ttgroup.local\corporate\Auckland\Projects\1502000\1502000.1786\IssuedDocuments\Final report\T+T-2023-IAG-8131875-Final report.docx,2023-08-28
1502000,1789,1502000.1789,\\ttgroup.local\corporate\Auckland\Projects\1502000\1502000.1789\IssuedDocuments\Additional Request\T+T_2023_IAG_C0939186_Final Report V6.docx,2024-11-12
1502000,1790,1502000.1790,\\ttgroup.local\corporate\Auckland\Projects\1502000\1502000.1790\IssuedDocuments\Final Report\T+T-2023-IAG-C0945437-Final Report.docx,2024-02-20
1502000,1791,1502000.1791,\\ttgroup.local\corporate\Auckland\Projects\1502000\1502000.1791\IssuedDocuments\Final Report\T+T-2023-IAG-C0886086-Final Report.docx,2024-02-01
1502000,1792,1502000.1792,\\ttgroup.local\corporate\Auckland\Projects\1502000\1502000.1792\IssuedDocuments\Extra request 2024\Final Report V4\T+T-2023-IAG-C4321931-Final report V4.docx,2024-09-01
1502000,1793,1502000.1793,\\ttgroup.local\corporate\Auckland\Projects\1502000\1502000.1793\IssuedDocuments\Final report\T+T-2023-IAG-C4336426-Final Report.docx,2023-12-17
1502000,1794,1502000.1794,\\ttgroup.local\corporate\Auckland\Projects\1502000\1502000.1794\IssuedDocuments\T+T_2023-IAG-C0927470_Final ReportV2.docx,2024-04-29
1502000,1795,1502000.1795,\\ttgroup.local\corporate\Auckland\Projects\1502000\1502000.1795\IssuedDocuments\Final report\T+T-2023-IAG-C0944587-Final report.docx,2023-09-13
1502000,1796,1502000.1796,\\ttgroup.local\corporate\Auckland\Projects\1502000\1502000.1796\IssuedDocuments\Extra Request March 2024\Final Report V3\T+T-2023-IAG-C4747890-Final Report V3.docx,2024-04-10
1502000,1797,1502000.1797,\\ttgroup.local\corporate\Auckland\Projects\1502000\1502000.1797\IssuedDocuments\Extra Request\Final Report V2\T+T-2023-IAG-C4327912 EQC Land-Final report V2.docx,2024-06-13
1502000,1798,1502000.1798,\\ttgroup.local\corporate\Auckland\Projects\1502000\1502000.1798\IssuedDocuments\Additional Request\T+T-2023-IAG-C087391-Final Report V2.docx,2024-05-14
1502000,1799,1502000.1799,\\ttgroup.local\corporate\Auckland\Projects\1502000\1502000.1799\IssuedDocuments\Final Report\T+T-2023-IAG-C0873920 EQC Land-Final report.docx,2024-01-15
1502000,1800,1502000.1800,\\ttgroup.local\corporate\Auckland\Projects\1502000\1502000.1800\IssuedDocuments\Final Report\T+T_2023-IAG-C4359607_Final Report.docx,2023-12-05
1502000,1801,1502000.1801,\\ttgroup.local\corporate\Auckland\Projects\1502000\1502000.1801\IssuedDocuments\Final Report\T+T_2023_IAG-C4491060_Report.docx,2023-12-05
1502000,1802,1502000.1802,\\ttgroup.local\corporate\Auckland\Projects\1502000\1502000.1802\IssuedDocuments\Final Report\T+T_2023_IAG-C4515039_Final Report.docx,2023-10-11
1502000,1804,1502000.1804,\\ttgroup.local\corporate\Auckland\Projects\1502000\1502000.1804\IssuedDocuments\Final report\T+T-2023-IAG-C4523754-Final Report.docx,2023-12-10
1502000,1805,1502000.1805,\\ttgroup.local\corporate\Auckland\Projects\1502000\1502000.1805\IssuedDocuments\Final report\T+T-2023-IAG-C4307297-Final Report.docx,2023-12-11
1502000,1806,1502000.1806,\\ttgroup.local\corporate\Auckland\Projects\1502000\1502000.1806\IssuedDocuments\Final Report\T+T_2023-IAG-C4439884_Final Report.docx,2023-11-07
1502000,1807,1502000.1807,\\ttgroup.local\corporate\Auckland\Projects\1502000\1502000.1807\IssuedDocuments\Final Report\T+T-2023-IAG-C0865393-Final Report.docx,2024-03-19
1502000,1808,1502000.1808,\\ttgroup.local\corporate\Auckland\Projects\1502000\1502000.1808\IssuedDocuments\Final Report\T+T_2023-IAG-C4498118_Final Report.docx,2023-11-15
1502000,1809,1502000.1809,\\ttgroup.local\corporate\Auckland\Projects\1502000\1502000.1809\IssuedDocuments\Final Report V3\T+T-2023-IAG-C4329592-Final Report V3.docx,2024-05-06
1502000,1810,1502000.1810,\\ttgroup.local\corporate\Auckland\Projects\1502000\1502000.1810\IssuedDocuments\Final report\T+T-2023-Tower-C0859362-Final report.docx,2023-11-16
1502000,1812,1502000.1812,\\ttgroup.local\corporate\Auckland\Projects\1502000\1502000.1812\IssuedDocuments\Final report\T+T-2023-IAG-C4481118-Final report.docx,2023-09-11
1502000,1813,1502000.1813,\\ttgroup.local\corporate\Auckland\Projects\1502000\1502000.1813\IssuedDocuments\Final Report\T+T-2023-IAG-C4328591-Final report.docx,2024-01-10
1502000,1814,1502000.1814,\\ttgroup.local\corporate\Auckland\Projects\1502000\1502000.1814\IssuedDocuments\Additional request 10.06.2024\25384-GEO-Letter Draft Report-EQC Report-389105 (ID 389105).TechReviewCMW20240711.docx,2024-07-10
1502000,1815,1502000.1815,\\ttgroup.local\corporate\Auckland\Projects\1502000\1502000.1815\IssuedDocuments\Final Report\T+T_2021-IAG-C0927451_Final Report.docx,2023-10-12
1502000,1816,1502000.1816,\\ttgroup.local\corporate\Auckland\Projects\1502000\1502000.1816\IssuedDocuments\Final report\T+T-2023-IAG-C4407346-Final Report.docx,2023-12-20
1502000,1817,1502000.1817,\\ttgroup.local\corporate\Auckland\Projects\1502000\1502000.1817\IssuedDocuments\Final Report V3\T+T-2023-IAG-C0889800-Final Report V3.docx,2025-01-15
1502000,1819,1502000.1819,\\ttgroup.local\corporate\Auckland\Projects\1502000\1502000.1819\IssuedDocuments\Additional Request\T+T-2023-IAG-C4508579-Final Report V2.docx,2024-07-08
1502000,1821,1502000.1821,\\ttgroup.local\corporate\Auckland\Projects\1502000\1502000.1821\IssuedDocuments\Final Report_V2\T+T_2023-IAG-C4464666_Final Report_V2.docx,2023-11-20
1502000,1823,1502000.1823,\\ttgroup.local\corporate\Auckland\Projects\1502000\1502000.1823\IssuedDocuments\T+T_2023-IAG-C4322932_Final Report.docx,2023-11-19
1502000,1824,1502000.1824,\\ttgroup.local\corporate\Auckland\Projects\1502000\1502000.1824\IssuedDocuments\Final Report\T+T-2023-IAG-C4308836-Final Report.docx,2024-01-31
1502000,1825,1502000.1825,\\ttgroup.local\corporate\Auckland\Projects\1502000\1502000.1825\IssuedDocuments\Final report\T+T_2023-IAG-C4373791_Final Report.docx,2024-01-08
1502000,1829,1502000.1829,\\ttgroup.local\corporate\Auckland\Projects\1502000\1502000.1829\IssuedDocuments\Final report V2\T+T-2023-IAG-C0879455-Final report V2.docx,2024-02-25
1502000,1830,1502000.1830,\\ttgroup.local\corporate\Auckland\Projects\1502000\1502000.1830\IssuedDocuments\Final report\T+T-2023-IAG-C0913736-Final report.docx,2023-11-27
1502000,1832,1502000.1832,\\ttgroup.local\corporate\Auckland\Projects\1502000\1502000.1832\IssuedDocuments\T+T_2023-IAG-C0876410_Report.docx,2023-12-21
1502000,1833,1502000.1833,\\ttgroup.local\corporate\Auckland\Projects\1502000\1502000.1833\IssuedDocuments\Final Report\T+T-2023-IAG-C0877172-Final Report.docx,2024-02-27
1502000,1834,1502000.1834,\\ttgroup.local\corporate\Auckland\Projects\1502000\1502000.1834\IssuedDocuments\T+T-2023-IAG-C0882949-Final report.docx,2024-01-22
1502000,1835,1502000.1835,\\ttgroup.local\corporate\Auckland\Projects\1502000\1502000.1835\IssuedDocuments\Final Report V2\T+T-2023-IAG-C4466829-Final report V2.docx,2024-07-01
1502000,1836,1502000.1836,\\ttgroup.local\corporate\Auckland\Projects\1502000\1502000.1836\IssuedDocuments\Final report\T+T-2023-IAG-C0926432-Final Report V2.docx,2023-11-21
1502000,1837,1502000.1837,\\ttgroup.local\corporate\Auckland\Projects\1502000\1502000.1837\IssuedDocuments\Final Report\T+T_2023_IAG-C0892679_Final Report.docx,2024-01-23
1502000,1838,1502000.1838,\\ttgroup.local\corporate\Auckland\Projects\1502000\1502000.1838\IssuedDocuments\Extra request\Final Report\T+T_2023-IAG-C0882488_Report.docx,2024-03-12
1502000,1839,1502000.1839,\\ttgroup.local\corporate\Auckland\Projects\1502000\1502000.1839\IssuedDocuments\Final Report\T+T-2023-IAG-C4418416-Final Report.docx,2024-01-21
1502000,1840,1502000.1840,\\ttgroup.local\corporate\Auckland\Projects\1502000\1502000.1840\IssuedDocuments\Final Report\T+T_2023_IAG-C0897291_Final Report.docx,2024-01-17
1502000,1841,1502000.1841,\\ttgroup.local\corporate\Auckland\Projects\1502000\1502000.1841\IssuedDocuments\Final Report V3\T+T_2023_IAG-C0874088_Final Report_V3.docx,2024-10-22
1502000,1842,1502000.1842,\\ttgroup.local\corporate\Auckland\Projects\1502000\1502000.1842\IssuedDocuments\Final Report\T+T-2023-IAG-C4424217-Final Report.docx,2024-01-16
1502000,1843,1502000.1843,\\ttgroup.local\corporate\Auckland\Projects\1502000\1502000.1843\IssuedDocuments\Final Report-V2\T+T_2023-IAG-C4350846_Final Report_v2.docx,2024-02-13
1502000,1844,1502000.1844,\\ttgroup.local\corporate\Auckland\Projects\1502000\1502000.1844\IssuedDocuments\Final Report\T+T_2023_IAG-C4515887_Final Report.docx,2023-11-30
1502000,1845,1502000.1845,\\ttgroup.local\corporate\Auckland\Projects\1502000\1502000.1845\IssuedDocuments\Final Report\T+T-2023-IAG-C0851802-Final Report.docx,2024-03-05
1502000,1846,1502000.1846,\\ttgroup.local\corporate\Auckland\Projects\1502000\1502000.1846\IssuedDocuments\Final Report\T+T-2023-IAG-C0854705 EQL-Final Report.docx,2023-12-03
1502000,1847,1502000.1847,\\ttgroup.local\corporate\Auckland\Projects\1502000\1502000.1847\IssuedDocuments\Extra Request\T+T-2023-IAG-C0885290-Final report V2.docx,2024-04-01
1502000,1848,1502000.1848,\\ttgroup.local\corporate\Auckland\Projects\1502000\1502000.1848\IssuedDocuments\Final report\T+T-2023-IAG-8100640-Final Report.docx,2023-11-28
1502000,1849,1502000.1849,\\ttgroup.local\corporate\Auckland\Projects\1502000\1502000.1849\IssuedDocuments\Final Report\T+T-2023-IAG-C4309272-Final Report.docx,2023-12-05
1502000,1850,1502000.1850,\\ttgroup.local\corporate\Auckland\Projects\1502000\1502000.1850\IssuedDocuments\Final Report\T+T_2023_IAG-C0887521_Final Report.docx,2023-11-26
1502000,1851,1502000.1851,\\ttgroup.local\corporate\Auckland\Projects\1502000\1502000.1851\IssuedDocuments\Final Report\T+T_2023_IAG-C0876885_Final Report.docx,2024-01-08
1502000,1852,1502000.1852,\\ttgroup.local\corporate\Auckland\Projects\1502000\1502000.1852\IssuedDocuments\Final Report\T+T_2023_IAG-C4371492_Final Report.docx,2024-01-17
1502000,1853,1502000.1853,\\ttgroup.local\corporate\Auckland\Projects\1502000\1502000.1853\IssuedDocuments\Extra_Request_23042024\T+T-2023-IAG-C0854820-Final report V2.docx,2024-05-07
1502000,1854,1502000.1854,\\ttgroup.local\corporate\Auckland\Projects\1502000\1502000.1854\IssuedDocuments\Final Report\T+T-2023-IAG-C0882309-Final report.docx,2024-01-21
1502000,1855,1502000.1855,\\ttgroup.local\corporate\Auckland\Projects\1502000\1502000.1855\IssuedDocuments\Final Report\T+T-2023-IAG-C4386866-Final Report.docx,2024-01-22
1502000,1856,1502000.1856,\\ttgroup.local\corporate\Auckland\Projects\1502000\1502000.1856\IssuedDocuments\Final Report\T+T_2023-IAG-8099448_Final Report.docx,2024-02-03
1502000,1857,1502000.1857,\\ttgroup.local\corporate\Auckland\Projects\1502000\1502000.1857\IssuedDocuments\Final Report V6\T+T-2023-IAG-C8114102-Final ReportV6.docx,2024-07-09
1502000,1858,1502000.1858,\\ttgroup.local\corporate\Auckland\Projects\1502000\1502000.1858\IssuedDocuments\Final Report\T+T_2023-IAG-C0865222-Final Report.docx,2024-02-02
1502000,1859,1502000.1859,\\ttgroup.local\corporate\Auckland\Projects\1502000\1502000.1859\IssuedDocuments\Additional request\Final Report\T+T_2023-IAG-C4318041_Additional request_Final Report.docx,2024-04-22
1502000,1860,1502000.1860,\\ttgroup.local\corporate\Auckland\Projects\1502000\1502000.1860\IssuedDocuments\Final Report V2\T+T-2023-IAG-C0875715-Final report V2.docx,2024-03-07
1502000,1861,1502000.1861,\\ttgroup.local\corporate\Auckland\Projects\1502000\1502000.1861\IssuedDocuments\Final Report\T+T_2023_IAG-C0877091_Final Report.docx,2023-12-21
1502000,1862,1502000.1862,\\ttgroup.local\corporate\Auckland\Projects\1502000\1502000.1862\IssuedDocuments\Final Report\T+T-2023-IAG-C4349279-Final report.docx,2024-01-09
1502000,1863,1502000.1863,\\ttgroup.local\corporate\Auckland\Projects\1502000\1502000.1863\IssuedDocuments\Final Report\T+T-2023-IAG-C4470587-Final report.docx,2024-02-20
1502000,1864,1502000.1864,\\ttgroup.local\corporate\Auckland\Projects\1502000\1502000.1864\IssuedDocuments\Final Report\T+T_2023_IAG-C0941194_Report .docx,2023-12-21
1502000,1865,1502000.1865,\\ttgroup.local\corporate\Auckland\Projects\1502000\1502000.1865\IssuedDocuments\Final report\T+T-2023-IAG-C4314471-Final report.docx,2023-10-23
1502000,1866,1502000.1866,\\ttgroup.local\corporate\Auckland\Projects\1502000\1502000.1866\IssuedDocuments\Extra request\Final Report\T+T_2023-IAG-C0881500_Extra request_Final Report.docx,2024-04-03
1502000,1867,1502000.1867,\\ttgroup.local\corporate\Auckland\Projects\1502000\1502000.1867\IssuedDocuments\Final Report\T+T-2023-IAG-8100523-Final Report.docx,2023-10-15
1502000,1868,1502000.1868,\\ttgroup.local\corporate\Auckland\Projects\1502000\1502000.1868\IssuedDocuments\Final report\T+T-2023-IAG-C4344403-Final Report.docx,2023-12-14
1502000,1869,1502000.1869,\\ttgroup.local\corporate\Auckland\Projects\1502000\1502000.1869\IssuedDocuments\Final Report\T+T-2023-IAG-C0882190-Final Report.docx,2023-11-29
1502000,1870,1502000.1870,\\ttgroup.local\corporate\Auckland\Projects\1502000\1502000.1870\IssuedDocuments\Final Report_v2\T+T_2022-IAG-8093706_Final Report_v2.docx,2024-02-21
1502000,1871,1502000.1871,\\ttgroup.local\corporate\Auckland\Projects\1502000\1502000.1871\IssuedDocuments\Final Report\T+T-2023-IAG-C4361606-Final Report.docx,2024-03-18
1502000,1872,1502000.1872,\\ttgroup.local\corporate\Auckland\Projects\1502000\1502000.1872\IssuedDocuments\Final Report\T+T-2023-IAG-C4426822-Final Report.docx,2023-12-03
1502000,1873,1502000.1873,\\ttgroup.local\corporate\Auckland\Projects\1502000\1502000.1873\IssuedDocuments\Final Report\T+T_2023_IAG-C47489453_Final Report.docx,2023-12-03
1502000,1874,1502000.1874,\\ttgroup.local\corporate\Auckland\Projects\1502000\1502000.1874\IssuedDocuments\Final Report\T+T_2023_IAG-C0855065_Report.docx,2024-02-15
1502000,1875,1502000.1875,\\ttgroup.local\corporate\Auckland\Projects\1502000\1502000.1875\IssuedDocuments\Final Report\T+T_2023_IAG-C4428648_Final Report.docx,2024-01-16
1502000,1876,1502000.1876,\\ttgroup.local\corporate\Auckland\Projects\1502000\1502000.1876\IssuedDocuments\Final Report V2\T+T-2023-IAG-C0905546-Final Report V2.docx,2024-06-06
1502000,1877,1502000.1877,\\ttgroup.local\corporate\Auckland\Projects\1502000\1502000.1877\IssuedDocuments\Final Report Revised\T+T-2023-IAG-C0855421-Final Report V2.docx,2024-05-07
1502000,1878,1502000.1878,\\ttgroup.local\corporate\Auckland\Projects\1502000\1502000.1878\IssuedDocuments\Final Report\T+T-2023-IAG-C0934697-Final Report V2.docx,2024-05-22
1502000,1879,1502000.1879,\\ttgroup.local\corporate\Auckland\Projects\1502000\1502000.1879\IssuedDocuments\Final Report\T+T_2023-IAG-C4411187 Final report.docx,2024-02-07
1502000,1881,1502000.1881,\\ttgroup.local\corporate\Auckland\Projects\1502000\1502000.1881\IssuedDocuments\Final report\T+T-2023-IAG-C4404309-Final Report.docx,2023-11-22
1502000,1882,1502000.1882,\\ttgroup.local\corporate\Auckland\Projects\1502000\1502000.1882\IssuedDocuments\T+T_2023-IAG-C4386609_Final Report V3.docx,2024-07-30
1502000,1883,1502000.1883,\\ttgroup.local\corporate\Auckland\Projects\1502000\1502000.1883\IssuedDocuments\Final report\T+T-2023-IAG-C4318700-Final report.docx,2024-01-26
1502000,1884,1502000.1884,\\ttgroup.local\corporate\Auckland\Projects\1502000\1502000.1884\IssuedDocuments\Extra Request\T+T-2023-IAG-C4459093-Final Report V2.docx,2024-08-06
1502000,1885,1502000.1885,\\ttgroup.local\corporate\Auckland\Projects\1502000\1502000.1885\IssuedDocuments\Final Report\T+T-2023-IAG-C4431127-Final Report.docx,2024-02-16
1502000,1886,1502000.1886,\\ttgroup.local\corporate\Auckland\Projects\1502000\1502000.1886\IssuedDocuments\Final Report\T+T_2023_IAG-C4478610_Report.docx,2023-11-07
1502000,1887,1502000.1887,\\ttgroup.local\corporate\Auckland\Projects\1502000\1502000.1887\IssuedDocuments\Final Report\T+T_2023-IAG-C4475837_Final Report.docx,2023-12-03
1502000,1888,1502000.1888,\\ttgroup.local\corporate\Auckland\Projects\1502000\1502000.1888\IssuedDocuments\Final Report\T+T_2023-IAG-C4538626_Final Report.docx,2023-10-26
1502000,1889,1502000.1889,\\ttgroup.local\corporate\Auckland\Projects\1502000\1502000.1889\IssuedDocuments\Final report\T+T-2023-IAG-C0871160-Final report.docx,2023-11-30
1502000,1890,1502000.1890,\\ttgroup.local\corporate\Auckland\Projects\1502000\1502000.1890\IssuedDocuments\Final Report V2\T+T-2023-IAG-C0914743-Final report V2.docx,2024-03-21
1502000,1891,1502000.1891,\\ttgroup.local\corporate\Auckland\Projects\1502000\1502000.1891\IssuedDocuments\T+T_2023-IAG-C0895594_Final Report.docx,2023-11-16
1502000,1892,1502000.1892,\\ttgroup.local\corporate\Auckland\Projects\1502000\1502000.1892\IssuedDocuments\T+T_2023-IAG-C0883465_Final Report.docx,2023-12-11
1502000,1894,1502000.1894,\\ttgroup.local\corporate\Auckland\Projects\1502000\1502000.1894\IssuedDocuments\Final report\T+T-2023-IAG-C0939616-Final report V2.docx,2024-01-09
1502000,1896,1502000.1896,\\ttgroup.local\corporate\Auckland\Projects\1502000\1502000.1896\IssuedDocuments\Final Report\T+T_2023-IAG-C0914954_Final Report.docx,2023-12-19
1502000,1897,1502000.1897,\\ttgroup.local\corporate\Auckland\Projects\1502000\1502000.1897\IssuedDocuments\Final Report\T+T_2023_IAG-C4491033_Report.docx,2023-11-16
1502000,1898,1502000.1898,\\ttgroup.local\corporate\Auckland\Projects\1502000\1502000.1898\IssuedDocuments\Final Report\T+T_2023_IAG-C0944298_Report.docx,2023-12-18
1502000,1899,1502000.1899,\\ttgroup.local\corporate\Auckland\Projects\1502000\1502000.1899\IssuedDocuments\Final Report\T+T_2023_IAG-C0945919_Report.docx,2023-12-17
1502000,1900,1502000.1900,\\ttgroup.local\corporate\Auckland\Projects\1502000\1502000.1900\IssuedDocuments\T+T_2023-IAG-C0878144_Final Report.docx,2024-01-29
1502000,1901,1502000.1901,\\ttgroup.local\corporate\Auckland\Projects\1502000\1502000.1901\IssuedDocuments\Final Report\T+T-2023-IAG-C0863737-Final Report.docx,2023-10-30
1502000,1902,1502000.1902,\\ttgroup.local\corporate\Auckland\Projects\1502000\1502000.1902\IssuedDocuments\Final Report\T+T_2023-IAG-C0936340_Final Report.docx,2023-12-07
1502000,1903,1502000.1903,\\ttgroup.local\corporate\Auckland\Projects\1502000\1502000.1903\IssuedDocuments\Final Report\T+T-2023-FMG-30453686-2-Draft Report.docx,2023-12-12
1502000,1904,1502000.1904,\\ttgroup.local\corporate\Auckland\Projects\1502000\1502000.1904\IssuedDocuments\Final Report\T+T-2023-IAG-C4313305-Final Report.docx,2024-01-22
1502000,1905,1502000.1905,\\ttgroup.local\corporate\Auckland\Projects\1502000\1502000.1905\IssuedDocuments\Final Report V3\T+T-2023-IAG-C0919611-Final Report V3.docx,2024-05-17
1502000,1906,1502000.1906,\\ttgroup.local\corporate\Auckland\Projects\1502000\1502000.1906\IssuedDocuments\Final report\T+T-2023-IAG-C4502206-Final report.docx,2023-10-31
1502000,1907,1502000.1907,\\ttgroup.local\corporate\Auckland\Projects\1502000\1502000.1907\IssuedDocuments\Final Report\T+T-2023-IAG-C4331723-Final report.docx,2023-11-09
1502000,1911,1502000.1911,\\ttgroup.local\corporate\Auckland\Projects\1502000\1502000.1911\IssuedDocuments\Final Report\T+T-2023-IAG-C0913135-Final Report.docx,2024-01-18
1502000,1912,1502000.1912,\\ttgroup.local\corporate\Auckland\Projects\1502000\1502000.1912\IssuedDocuments\Final Report\T+T-2023-IAG-C4478428-Final report.docx,2024-02-01
1502000,1914,1502000.1914,\\ttgroup.local\corporate\Auckland\Projects\1502000\1502000.1914\IssuedDocuments\Final report\T+T-2023-IAG-C4321173-Final report V2.docx,2023-11-13
1502000,1916,1502000.1916,\\ttgroup.local\corporate\Auckland\Projects\1502000\1502000.1916\IssuedDocuments\Final Report_v2\T+T-2023-IAG-C0896628-Final Report_v2.docx,2024-02-19
1502000,1917,1502000.1917,\\ttgroup.local\corporate\Auckland\Projects\1502000\1502000.1917\IssuedDocuments\Final Report\T+T-2023-IAG-C0868846-Final Report.docx,2024-01-26
1502000,1918,1502000.1918,\\ttgroup.local\corporate\Auckland\Projects\1502000\1502000.1918\IssuedDocuments\Final Report\T+T_2023_IAG-C0944039_Final Report.docx,2023-11-29
1502000,1919,1502000.1919,\\ttgroup.local\corporate\Auckland\Projects\1502000\1502000.1919\IssuedDocuments\Final report\T+T-2023-IAG-C0931767-Final report.docx,2023-12-05
1502000,1920,1502000.1920,\\ttgroup.local\corporate\Auckland\Projects\1502000\1502000.1920\IssuedDocuments\Final Report\T+T_2023-IAG-C0881221_Final Report.docx,2024-05-07
1502000,1921,1502000.1921,\\ttgroup.local\corporate\Auckland\Projects\1502000\1502000.1921\IssuedDocuments\Final Report\T+T-2023-IAG-C4474676-Final Report V2.docx,2024-02-05
1502000,1922,1502000.1922,\\ttgroup.local\corporate\Auckland\Projects\1502000\1502000.1922\IssuedDocuments\Final Report\T+T-2023-IAG-C4364347-Final Report V2.docx,2024-02-04
1502000,1923,1502000.1923,\\ttgroup.local\corporate\Auckland\Projects\1502000\1502000.1923\IssuedDocuments\T+T-2023-IAG-C4361456-Final Report_v2.docx,2023-11-21
1502000,1924,1502000.1924,\\ttgroup.local\corporate\Auckland\Projects\1502000\1502000.1924\IssuedDocuments\Final Report\T+T-2023-IAG-C4422028-Final Report.docx,2024-01-16
1502000,1926,1502000.1926,\\ttgroup.local\corporate\Auckland\Projects\1502000\1502000.1926\IssuedDocuments\Final Report\T+T-2023-IAG-C0956958-Final Report.docx,2024-01-09
1502000,1927,1502000.1927,\\ttgroup.local\corporate\Auckland\Projects\1502000\1502000.1927\IssuedDocuments\Final report\T+T_2023_IAG_C0857948_Final Report.docx,2023-12-18
1502000,1928,1502000.1928,\\ttgroup.local\corporate\Auckland\Projects\1502000\1502000.1928\IssuedDocuments\Final report\T+T-2023-IAG-8131723-Final report.docx,2024-01-16
1502000,1931,1502000.1931,\\ttgroup.local\corporate\Auckland\Projects\1502000\1502000.1931\IssuedDocuments\Extra Request\T+T_2023_IAG_C0933568_Final Report_V2.docx,2024-04-16
1502000,1932,1502000.1932,\\ttgroup.local\corporate\Auckland\Projects\1502000\1502000.1932\IssuedDocuments\T+T_2023-IAG-8115361_Draft Report.docx,2023-10-02
1502000,1934,1502000.1934,\\ttgroup.local\corporate\Auckland\Projects\1502000\1502000.1934\IssuedDocuments\Final Report\T+T_2023-IAG-C0860654_Final Report.docx,2024-05-22
1502000,1936,1502000.1936,\\ttgroup.local\corporate\Auckland\Projects\1502000\1502000.1936\IssuedDocuments\Final Report V2\T+T_2022_IAG-C4218476_Final Report V2.docx,2024-01-19
1502000,1938,1502000.1938,\\ttgroup.local\corporate\Auckland\Projects\1502000\1502000.1938\IssuedDocuments\Final Report\T+T-2023-IAG-C4372522-Final Report.docx,2024-01-11
1502000,1939,1502000.1939,\\ttgroup.local\corporate\Auckland\Projects\1502000\1502000.1939\IssuedDocuments\Final Report\T+T_2023-IAG-C0906141_Final Report.docx,2024-04-22
1502000,1940,1502000.1940,\\ttgroup.local\corporate\Auckland\Projects\1502000\1502000.1940\IssuedDocuments\Final Report\T+T-2023-IAG-C4369330-Final report.docx,2024-01-10
1502000,1941,1502000.1941,\\ttgroup.local\corporate\Auckland\Projects\1502000\1502000.1941\IssuedDocuments\Final Report\T+T-2023-IAG-C0951846-Final Report.docx,2024-02-09
1502000,1942,1502000.1942,\\ttgroup.local\corporate\Auckland\Projects\1502000\1502000.1942\IssuedDocuments\Final Report\rev 2\T+T-2023-IAG-C4332023-Final ReportV2.docx,2024-07-02
1502000,1943,1502000.1943,\\ttgroup.local\corporate\Auckland\Projects\1502000\1502000.1943\IssuedDocuments\Final report\T+T-2023-IAG-C4481858-Final report.docx,2023-11-13
1502000,1944,1502000.1944,\\ttgroup.local\corporate\Auckland\Projects\1502000\1502000.1944\IssuedDocuments\Final Report\T+T_2023-IAG-C4501568_Final Report.docx,2023-11-05
1502000,1945,1502000.1945,\\ttgroup.local\corporate\Auckland\Projects\1502000\1502000.1945\IssuedDocuments\Final Report\T+T_2023_IAG_C4339174_C4681182_Final Report .docx,2024-02-07
1502000,1946,1502000.1946,\\ttgroup.local\corporate\Auckland\Projects\1502000\1502000.1946\IssuedDocuments\Final Report\T+T-2023-IAG-C0924002-Final Report.docx,2023-12-01
1502000,1947,1502000.1947,\\ttgroup.local\corporate\Auckland\Projects\1502000\1502000.1947\IssuedDocuments\Final Report\T+T-2023-IAG-C4321490-Final report.docx,2024-01-18
1502000,1948,1502000.1948,\\ttgroup.local\corporate\Auckland\Projects\1502000\1502000.1948\IssuedDocuments\Final Report\T+T-2023-IAG-C0930472-Final Report.docx,2024-05-03
1502000,1949,1502000.1949,\\ttgroup.local\corporate\Auckland\Projects\1502000\1502000.1949\IssuedDocuments\Final Report\T+T-2023-IAG-8128324-Final report.docx,2024-01-08
1502000,1950,1502000.1950,\\ttgroup.local\corporate\Auckland\Projects\1502000\1502000.1950\IssuedDocuments\Final Report\T+T_2023_IAG-C0934184_Final Report.docx,2023-11-20
1502000,1951,1502000.1951,\\ttgroup.local\corporate\Auckland\Projects\1502000\1502000.1951\IssuedDocuments\Final report\T+T-2023-IAG-C4461596 EQC-Final report_V2.docx,2024-02-21
1502000,1953,1502000.1953,\\ttgroup.local\corporate\Auckland\Projects\1502000\1502000.1953\IssuedDocuments\Final Report\T+T_2023_IAG-C0947886_Final Report.docx,2023-11-21
1502000,1954,1502000.1954,\\ttgroup.local\corporate\Auckland\Projects\1502000\1502000.1954\IssuedDocuments\Final Report\T+T-2023-IAG-C4378432-Final Report.docx,2024-02-06
1502000,1955,1502000.1955,\\ttgroup.local\corporate\Auckland\Projects\1502000\1502000.1955\IssuedDocuments\Final Report\T+T_2023_IAG-C4490874_Final Report.docx,2024-02-02
1502000,1956,1502000.1956,\\ttgroup.local\corporate\Auckland\Projects\1502000\1502000.1956\IssuedDocuments\Final report\T+T-2023-IAG-C4364187-Final report.docx,2023-10-12
1502000,1957,1502000.1957,\\ttgroup.local\corporate\Auckland\Projects\1502000\1502000.1957\IssuedDocuments\Final Report\T+T_2023_IAG-C0945120_Final Report.docx,2024-01-17
1502000,1958,1502000.1958,\\ttgroup.local\corporate\Auckland\Projects\1502000\1502000.1958\IssuedDocuments\Final Report\T+T_2023_IAG-C4519566_Final Report.docx,2024-02-09
1502000,1959,1502000.1959,\\ttgroup.local\corporate\Auckland\Projects\1502000\1502000.1959\IssuedDocuments\Final Report\T+T-2023-IAG-C4386015-Final Report.docx,2023-12-17
1502000,1960,1502000.1960,\\ttgroup.local\corporate\Auckland\Projects\1502000\1502000.1960\IssuedDocuments\Final Report\T+T_2023-IAG-8134886_Final Report.docx,2023-11-21
1502000,1961,1502000.1961,\\ttgroup.local\corporate\Auckland\Projects\1502000\1502000.1961\IssuedDocuments\Final Report\T+T_2023_IAG-C8101719_Final Report.docx,2023-10-12
1502000,1962,1502000.1962,\\ttgroup.local\corporate\Auckland\Projects\1502000\1502000.1962\IssuedDocuments\T+T_2023-IAG-C4494862_Final Report V2.docx,2024-07-29
1502000,1963,1502000.1963,\\ttgroup.local\corporate\Auckland\Projects\1502000\1502000.1963\IssuedDocuments\Final Report\T+T-2023-IAG-C4383470-Final report.docx,2024-01-16
1502000,1964,1502000.1964,\\ttgroup.local\corporate\Auckland\Projects\1502000\1502000.1964\IssuedDocuments\T+T_2023-IAG-C4429637_Final Report v2.docx,2024-04-07
1502000,1965,1502000.1965,\\ttgroup.local\corporate\Auckland\Projects\1502000\1502000.1965\IssuedDocuments\Final Report\T+T-2023-IAG-C1034738-Final Report V3.docx,2024-03-14
1502000,1967,1502000.1967,\\ttgroup.local\corporate\Auckland\Projects\1502000\1502000.1967\IssuedDocuments\Final Report\T+T-2023-IAG-C0893408-Final report.docx,2024-03-03
1502000,1968,1502000.1968,\\ttgroup.local\corporate\Auckland\Projects\1502000\1502000.1968\IssuedDocuments\Final Report Revised\T+T-2023-IAG-C0917309-Final Report V3.docx,2024-06-26
1502000,1969,1502000.1969,\\ttgroup.local\corporate\Auckland\Projects\1502000\1502000.1969\IssuedDocuments\Final Report\T+T_2023-IAG-C4522154_Final Report.docx,2023-09-27
1502000,1970,1502000.1970,\\ttgroup.local\corporate\Auckland\Projects\1502000\1502000.1970\IssuedDocuments\Final Report\T+T_2023_IAG-C4474062_Final Report.docx,2023-12-20
1502000,1971,1502000.1971,\\ttgroup.local\corporate\Auckland\Projects\1502000\1502000.1971\IssuedDocuments\Final Report\T+T_2023-IAG-8113920_Final Report.docx,2023-12-06
1502000,1972,1502000.1972,\\ttgroup.local\corporate\Auckland\Projects\1502000\1502000.1972\IssuedDocuments\Final Report\T+T-2023-IAG-C0897948 EQC Land-Final report.docx,2024-01-30
1502000,1973,1502000.1973,\\ttgroup.local\corporate\Auckland\Projects\1502000\1502000.1973\IssuedDocuments\Final Report\T+T_2023-IAG-C4513056_Final Report.docx,2023-11-21
1502000,1974,1502000.1974,\\ttgroup.local\corporate\Auckland\Projects\1502000\1502000.1974\IssuedDocuments\Letter Report\20250903 - 29Blakeborough - Geotechnical Letter Report.docx,2025-09-03
1502000,1975,1502000.1975,\\ttgroup.local\corporate\Auckland\Projects\1502000\1502000.1975\IssuedDocuments\Final report\T+T-2023-IAG-C4321003-Final report.docx,2024-02-19
1502000,1976,1502000.1976,\\ttgroup.local\corporate\Auckland\Projects\1502000\1502000.1976\IssuedDocuments\Final report\T+T-2023-IAG-C4466264-Final report.docx,2023-12-21
1502000,1977,1502000.1977,\\ttgroup.local\corporate\Auckland\Projects\1502000\1502000.1977\IssuedDocuments\Final Report\T+T_2023-IAG-C4476038_Final Report.docx,2023-12-19
1502000,1979,1502000.1979,\\ttgroup.local\corporate\Auckland\Projects\1502000\1502000.1979\IssuedDocuments\Final Report\T+T_2023_IAG-C4332301_Final Report.docx,2024-05-15
1502000,1980,1502000.1980,\\ttgroup.local\corporate\Auckland\Projects\1502000\1502000.1980\IssuedDocuments\Final Report\T+T_2023-IAG-C4492648_Final Report.docx,2023-12-08
1502000,1981,1502000.1981,\\ttgroup.local\corporate\Auckland\Projects\1502000\1502000.1981\IssuedDocuments\Final Report\T+T_2023-IAG-C4492648_Final Report.docx,2023-12-07
1502000,1982,1502000.1982,\\ttgroup.local\corporate\Auckland\Projects\1502000\1502000.1982\IssuedDocuments\Final Report v4\T+T_2023-IAG-8108028_Final Report_V4.docx,2024-05-23
1502000,1983,1502000.1983,\\ttgroup.local\corporate\Auckland\Projects\1502000\1502000.1983\IssuedDocuments\Final report\T+T-2023-IAG-C0955819-Final Report.docx,2023-12-11
1502000,1984,1502000.1984,\\ttgroup.local\corporate\Auckland\Projects\1502000\1502000.1984\IssuedDocuments\Final Report\T+T_2023-IAG-C0951826_Final Report.docx,2023-09-24
1502000,1985,1502000.1985,\\ttgroup.local\corporate\Auckland\Projects\1502000\1502000.1985\IssuedDocuments\Final Report\T+T-2023-IAG-C0940879-Final report.docx,2024-03-07
1502000,1986,1502000.1986,\\ttgroup.local\corporate\Auckland\Projects\1502000\1502000.1986\IssuedDocuments\T+T_2023-IAG-C4519462_Final Report.docx,2023-12-05
1502000,1987,1502000.1987,\\ttgroup.local\corporate\Auckland\Projects\1502000\1502000.1987\IssuedDocuments\Final Report\T+T_2023-IAG-C0949070_Final Report.docx,2023-10-13
1502000,1989,1502000.1989,\\ttgroup.local\corporate\Auckland\Projects\1502000\1502000.1989\IssuedDocuments\Final report\T+T-2023-IAG-C4503903-Final Report.docx,2023-11-28
1502000,1990,1502000.1990,\\ttgroup.local\corporate\Auckland\Projects\1502000\1502000.1990\IssuedDocuments\Final Report\T+T-2023-IAG-C0913978-Final report.docx,2024-05-03
1502000,1991,1502000.1991,\\ttgroup.local\corporate\Auckland\Projects\1502000\1502000.1991\IssuedDocuments\Final Report\T+T-2023-IAG-C0913970-Final Report V2.docx,2024-07-03
1502000,1992,1502000.1992,\\ttgroup.local\corporate\Auckland\Projects\1502000\1502000.1992\IssuedDocuments\Final Report\T+T-2023-IAG-C4429853-Final report.docx,2024-01-26
1502000,1993,1502000.1993,\\ttgroup.local\corporate\Auckland\Projects\1502000\1502000.1993\IssuedDocuments\Final Report\T+T-2023-IAG-8128468-Final report.docx,2024-02-12
1502000,1994,1502000.1994,\\ttgroup.local\corporate\Auckland\Projects\1502000\1502000.1994\IssuedDocuments\Final Report\T+T-2023-IAG-C4538654-Final Report.docx,2024-03-06
1502000,1995,1502000.1995,\\ttgroup.local\corporate\Auckland\Projects\1502000\1502000.1995\IssuedDocuments\Final Report\T+T_2023-IAG-C0871546_Report.docx,2024-02-12
1502000,1996,1502000.1996,\\ttgroup.local\corporate\Auckland\Projects\1502000\1502000.1996\IssuedDocuments\Final Report\T+T_2023_IAG-8141126_Final Report.docx,2024-01-23
1502000,1998,1502000.1998,\\ttgroup.local\corporate\Auckland\Projects\1502000\1502000.1998\IssuedDocuments\Final Report\T+T_2023_IAG_80121129 and C0945806_Report.docx,2024-03-11
1502000,1999,1502000.1999,\\ttgroup.local\corporate\Auckland\Projects\1502000\1502000.1999\IssuedDocuments\Final Report\T+T_2023_IAG-C4511377_Final Report.docx,2023-11-20
1502000,2000,1502000.2000,\\ttgroup.local\corporate\Auckland\Projects\1502000\1502000.2000\IssuedDocuments\Extra Request\T+T-2023-IAG-C4507573-Final Report V2.docx,2024-04-19
1502000,2001,1502000.2001,\\ttgroup.local\corporate\Auckland\Projects\1502000\1502000.2001\IssuedDocuments\Final Report\T+T_2023_IAG-C4527055_Final Report.docx,2024-01-26
1502000,2002,1502000.2002,\\ttgroup.local\corporate\Auckland\Projects\1502000\1502000.2002\IssuedDocuments\Final Report\T+T-2023-IAG-C4513938-Final Report.docx,2023-12-12
1502000,2003,1502000.2003,\\ttgroup.local\corporate\Auckland\Projects\1502000\1502000.2003\IssuedDocuments\Supplementary Report\SS\Supplementary Report-50 Makorori Beach Road-C4486762-Draft.docx,2025-07-29
1502000,2005,1502000.2005,\\ttgroup.local\corporate\Auckland\Projects\1502000\1502000.2005\IssuedDocuments\Final Report\T+T_2023_IAG-C4490125_Final Report.docx,2024-01-31
1502000,2006,1502000.2006,\\ttgroup.local\corporate\Auckland\Projects\1502000\1502000.2006\IssuedDocuments\Final Report\T+T_2023_IAG_C0952740_Report.docx,2023-10-24
1502000,2007,1502000.2007,\\ttgroup.local\corporate\Auckland\Projects\1502000\1502000.2007\IssuedDocuments\Final Report\T+T_2023-IAG-C4526832Final Report.docx,2024-01-17
1502000,2008,1502000.2008,\\ttgroup.local\corporate\Auckland\Projects\1502000\1502000.2008\IssuedDocuments\Final Report\T+T_2023_IAG-C4527379_Final Report.docx,2023-11-28
1502000,2009,1502000.2009,\\ttgroup.local\corporate\Auckland\Projects\1502000\1502000.2009\IssuedDocuments\Final Report\T+T-2023-IAG-C4362010-Final Report.docx,2024-01-12
1502000,2011,1502000.2011,\\ttgroup.local\corporate\Auckland\Projects\1502000\1502000.2011\IssuedDocuments\Final Report\T+T-2023-IAG-C0950438-Final report.docx,2024-02-29
1502000,2012,1502000.2012,\\ttgroup.local\corporate\Auckland\Projects\1502000\1502000.2012\IssuedDocuments\Final Report\T+T-2023-IAG-C0948260-Final Report V2.docx,2024-04-05
1502000,2013,1502000.2013,\\ttgroup.local\corporate\Auckland\Projects\1502000\1502000.2013\IssuedDocuments\Final Report\T+T-2023-IAG-C0880621-Final Report.docx,2024-04-10
1502000,2014,1502000.2014,\\ttgroup.local\corporate\Auckland\Projects\1502000\1502000.2014\IssuedDocuments\Final report\T+T_2023_IAG_C0949035_Final Report.docx,2023-12-14
1502000,2015,1502000.2015,\\ttgroup.local\corporate\Auckland\Projects\1502000\1502000.2015\IssuedDocuments\Final report V2\T+T-2023-IAG-8140249-Final Report V2.docx,2024-03-18
1502000,2016,1502000.2016,\\ttgroup.local\corporate\Auckland\Projects\1502000\1502000.2016\IssuedDocuments\Final report\T+T-2023-IAG-8093409-Final report.docx,2023-12-03
1502000,2017,1502000.2017,\\ttgroup.local\corporate\Auckland\Projects\1502000\1502000.2017\IssuedDocuments\Final report\T+T-2023-IAG-C4372911-Final report.docx,2023-11-23
1502000,2018,1502000.2018,\\ttgroup.local\corporate\Auckland\Projects\1502000\1502000.2018\IssuedDocuments\Final Report\T+T_2023-IAG-C4373425_Report.docx,2024-03-20
1502000,2019,1502000.2019,\\ttgroup.local\corporate\Auckland\Projects\1502000\1502000.2019\IssuedDocuments\Final Report V2\T+T_2023_IAG-C0954261_Final Report V2.docx,2024-04-24
1502000,2020,1502000.2020,\\ttgroup.local\corporate\Auckland\Projects\1502000\1502000.2020\IssuedDocuments\Final Report\T+T-2023-IAG-C0952056-Final report.docx,2024-01-16
1502000,2021,1502000.2021,\\ttgroup.local\corporate\Auckland\Projects\1502000\1502000.2021\IssuedDocuments\Extra Request Dec 2023\T+T_2022_IAG_C4519946_Report V1.docx,2023-12-11
1502000,2022,1502000.2022,\\ttgroup.local\corporate\Auckland\Projects\1502000\1502000.2022\IssuedDocuments\Final Report\T+T-2023-IAG-C0962837-Final Report.docx,2024-01-16
1502000,2023,1502000.2023,\\ttgroup.local\corporate\Auckland\Projects\1502000\1502000.2023\IssuedDocuments\Final Report\T+T-2023-IAG-C0952926-Final report V2.docx,2024-01-24
1502000,2024,1502000.2024,\\ttgroup.local\corporate\Auckland\Projects\1502000\1502000.2024\IssuedDocuments\Final Report\T+T_2023-IAG-C0962144_Final Report.docx,2024-06-10
1502000,2026,1502000.2026,\\ttgroup.local\corporate\Auckland\Projects\1502000\1502000.2026\IssuedDocuments\Final Report V3\T+T_2023_IAG-C4528402_Final Report_V3.docx,2024-04-22
1502000,2027,1502000.2027,\\ttgroup.local\corporate\Auckland\Projects\1502000\1502000.2027\IssuedDocuments\Final Report V2\T+T_2023-IAG-C4346059_Final ReportV2.docx,2024-01-18
1502000,2028,1502000.2028,\\ttgroup.local\corporate\Auckland\Projects\1502000\1502000.2028\IssuedDocuments\Final Report\T+T_2023_IAG-C4525709_Report.docx,2023-11-29
1502000,2029,1502000.2029,\\ttgroup.local\corporate\Auckland\Projects\1502000\1502000.2029\IssuedDocuments\3. Final Report - V2\T+T-2023-IAG-4465326-Final Report_V2.docx,2024-06-20
1502000,2030,1502000.2030,\\ttgroup.local\corporate\Auckland\Projects\1502000\1502000.2030\IssuedDocuments\Final report\T+T-2023-IAG-C0860273-Final Report.docx,2023-12-12
1502000,2031,1502000.2031,\\ttgroup.local\corporate\Auckland\Projects\1502000\1502000.2031\IssuedDocuments\Final Report\T+T-2023-IAG-C4542127-Final Report.docx,2024-03-19
1502000,2032,1502000.2032,\\ttgroup.local\corporate\Auckland\Projects\1502000\1502000.2032\IssuedDocuments\Final Report\T+T-IAG-2023-C4533725-Final Report.docx,2025-05-13
1502000,2033,1502000.2033,\\ttgroup.local\corporate\Auckland\Projects\1502000\1502000.2033\IssuedDocuments\Final Report\T+T_2023-IAG-8139797-Final Report.docx,2023-10-13
1502000,2034,1502000.2034,\\ttgroup.local\corporate\Auckland\Projects\1502000\1502000.2034\IssuedDocuments\Final Report V4\T+T-2023-IAG-C4455617-Final report V4.docx,2024-09-13
1502000,2036,1502000.2036,\\ttgroup.local\corporate\Auckland\Projects\1502000\1502000.2036\IssuedDocuments\Final Report\T+T-2023-IAG-C0925225-Final Report.docx,2024-02-15
1502000,2037,1502000.2037,\\ttgroup.local\corporate\Auckland\Projects\1502000\1502000.2037\IssuedDocuments\Final Report\T+T_2023_IAG-C4549240_Final Report.docx,2023-11-13
1502000,2038,1502000.2038,\\ttgroup.local\corporate\Auckland\Projects\1502000\1502000.2038\IssuedDocuments\Final Report V2\T+T_2023-IAG-C4515683Final Report v2.docx,2024-12-06
1502000,2039,1502000.2039,\\ttgroup.local\corporate\Auckland\Projects\1502000\1502000.2039\IssuedDocuments\Final Report V2\T+T_2023_IAG-C4539935_Final Report V2.docx,2024-07-04
1502000,2040,1502000.2040,\\ttgroup.local\corporate\Auckland\Projects\1502000\1502000.2040\IssuedDocuments\Final Report\T+T_2023_IAG-C0960525_Final Report.docx,2023-12-21
1502000,2041,1502000.2041,\\ttgroup.local\corporate\Auckland\Projects\1502000\1502000.2041\IssuedDocuments\Final Report\T+T-2023-IAG-C0951898-Final report.docx,2024-01-09
1502000,2042,1502000.2042,\\ttgroup.local\corporate\Auckland\Projects\1502000\1502000.2042\IssuedDocuments\Extra Request\T+T-2023-IAG-C4317324-Final Report V2.docx,2024-06-30
1502000,2043,1502000.2043,\\ttgroup.local\corporate\Auckland\Projects\1502000\1502000.2043\IssuedDocuments\Final Report\T+T_2023_IAG_EQ404555-WA1 and C4527485_Report.docx,2024-01-11
1502000,2046,1502000.2046,\\ttgroup.local\corporate\Auckland\Projects\1502000\1502000.2046\IssuedDocuments\Final Report\T+T_2023-IAG-C4542585_Final Report.docx,2024-02-14
1502000,2048,1502000.2048,\\ttgroup.local\corporate\Auckland\Projects\1502000\1502000.2048\IssuedDocuments\Final report\T+T-2023-IAG-C4547911-Final report.docx,2023-11-14
1502000,2049,1502000.2049,\\ttgroup.local\corporate\Auckland\Projects\1502000\1502000.2049\IssuedDocuments\Final report\T+T-2023-IAG-C4544981-Final report.docx,2023-11-21
1502000,2050,1502000.2050,\\ttgroup.local\corporate\Auckland\Projects\1502000\1502000.2050\IssuedDocuments\Final Report\T+T_2023_IAG-C4526844_Final Report.docx,2023-12-19
1502000,2051,1502000.2051,\\ttgroup.local\corporate\Auckland\Projects\1502000\1502000.2051\IssuedDocuments\Final Report\T+T-2023-IAG-8128340-Final report.docx,2024-01-08
1502000,2052,1502000.2052,\\ttgroup.local\corporate\Auckland\Projects\1502000\1502000.2052\IssuedDocuments\Final Report\T+T_2023_IAG-C4569485_Final Report.docx,2023-11-30
1502000,2053,1502000.2053,\\ttgroup.local\corporate\Auckland\Projects\1502000\1502000.2053\IssuedDocuments\Final Report\T+T-2023-IAG-C4555633-Final Report.docx,2023-12-14
1502000,2054,1502000.2054,\\ttgroup.local\corporate\Auckland\Projects\1502000\1502000.2054\IssuedDocuments\Final Report\T+T_2023_IAG-C4569482 _Report.docx,2023-12-14
1502000,2055,1502000.2055,\\ttgroup.local\corporate\Auckland\Projects\1502000\1502000.2055\IssuedDocuments\Final Report\Final Report V2\T+T-2022-IAG-C0961994-Final Report_V2.docx,2025-02-11
1502000,2056,1502000.2056,\\ttgroup.local\corporate\Auckland\Projects\1502000\1502000.2056\IssuedDocuments\Final Report\T+T_2023_IAG_C4552504_Final Report.docx,2024-05-19
1502000,2057,1502000.2057,\\ttgroup.local\corporate\Auckland\Projects\1502000\1502000.2057\IssuedDocuments\Extra Request July 2024\T+T-2023-IAG-8150897-Final Report V2.docx,2024-08-21
1502000,2058,1502000.2058,\\ttgroup.local\corporate\Auckland\Projects\1502000\1502000.2058\IssuedDocuments\Final Report\T+T-2023-IAG-C0975443-Final report.docx,2024-01-10
1502000,2059,1502000.2059,\\ttgroup.local\corporate\Auckland\Projects\1502000\1502000.2059\IssuedDocuments\Final Report\T+T_2023-IAG-8147716_Final Report.docx,2024-01-29
1502000,2060,1502000.2060,\\ttgroup.local\corporate\Auckland\Projects\1502000\1502000.2060\IssuedDocuments\Final Report\T+T_2023-IAG-8145010_Final Report.docx,2024-02-08
1502000,2061,1502000.2061,\\ttgroup.local\corporate\Auckland\Projects\1502000\1502000.2061\IssuedDocuments\Final Report\T+T_2023-IAG-C4542698_Final Report.docx,2024-01-29
1502000,2062,1502000.2062,\\ttgroup.local\corporate\Auckland\Projects\1502000\1502000.2062\IssuedDocuments\Final Report V2\T+T_2023_IAG-C0977961_Report.docx,2024-08-07
1502000,2063,1502000.2063,\\ttgroup.local\corporate\Auckland\Projects\1502000\1502000.2063\IssuedDocuments\Final Report\T+T_2023_IAG-C4543299_Final Report.docx,2023-12-22
1502000,2064,1502000.2064,\\ttgroup.local\corporate\Auckland\Projects\1502000\1502000.2064\IssuedDocuments\Final Report\T+T_2023-IAG-C4571784_Final Report.docx,2024-03-11
1502000,2065,1502000.2065,\\ttgroup.local\corporate\Auckland\Projects\1502000\1502000.2065\IssuedDocuments\Draft V3\25648-GEO-Letter Report-EQC - 25A Matata Street-407470 (ID 407470).docx,2024-06-06
1502000,2066,1502000.2066,\\ttgroup.local\corporate\Auckland\Projects\1502000\1502000.2066\IssuedDocuments\Final Report\T+T_2023_IAG-C0972145_Final Report.docx,2024-02-22
1502000,2067,1502000.2067,\\ttgroup.local\corporate\Auckland\Projects\1502000\1502000.2067\IssuedDocuments\Final Report V3 - additional information\T+T-2023-IAG-C0861913-Final report V3.docx,2024-06-07
1502000,2069,1502000.2069,\\ttgroup.local\corporate\Auckland\Projects\1502000\1502000.2069\IssuedDocuments\Final Report\T+T_2023_IAG-C4563387_Report.docx,2024-05-10
1502000,2071,1502000.2071,\\ttgroup.local\corporate\Auckland\Projects\1502000\1502000.2071\IssuedDocuments\Final Report\T+T-2023-IAG-8153209-Final Report.docx,2024-03-19
1502000,2072,1502000.2072,\\ttgroup.local\corporate\Auckland\Projects\1502000\1502000.2072\IssuedDocuments\Final Report\T+T_2023_IAG_C0982708_Report.docx,2023-11-21
1502000,2073,1502000.2073,\\ttgroup.local\corporate\Auckland\Projects\1502000\1502000.2073\IssuedDocuments\Final report\T+T-2023-IAG-C4517675-Final report.docx,2023-12-06
1502000,2074,1502000.2074,\\ttgroup.local\corporate\Auckland\Projects\1502000\1502000.2074\IssuedDocuments\Final Report\T+T-2023-IAG-C0980060-Final Report.docx,2023-12-17
1502000,2075,1502000.2075,\\ttgroup.local\corporate\Auckland\Projects\1502000\1502000.2075\IssuedDocuments\Final Report V3\T+T-2023-IAG-C4582930-Final Report V3.docx,2024-09-26
1502000,2076,1502000.2076,\\ttgroup.local\corporate\Auckland\Projects\1502000\1502000.2076\IssuedDocuments\Final Report\T+T_2023_Vero_C4492648_Final Report.docx,2023-12-08
1502000,2077,1502000.2077,\\ttgroup.local\corporate\Auckland\Projects\1502000\1502000.2077\IssuedDocuments\Final Report\T+T_2023_IAG-C0888393_Final Report.docx,2023-12-18
1502000,2078,1502000.2078,\\ttgroup.local\corporate\Auckland\Projects\1502000\1502000.2078\IssuedDocuments\Extra request\Final Report\T+T_2023-IAG-C0990081_Extra request_Final Report.docx,2024-02-08
1502000,2079,1502000.2079,\\ttgroup.local\corporate\Auckland\Projects\1502000\1502000.2079\IssuedDocuments\Final Report\T+T-2023-IAG-8106056 Land-Final Report.docx,2024-04-25
1502000,2080,1502000.2080,\\ttgroup.local\corporate\Auckland\Projects\1502000\1502000.2080\IssuedDocuments\Final Report\T+T_2023-IAG-.80111476_Final Report.docx,2024-01-24
1502000,2081,1502000.2081,\\ttgroup.local\corporate\Auckland\Projects\1502000\1502000.2081\IssuedDocuments\Final Report V2\T+T-2023-IAG-C4568598-Final Report V2.docx,2024-05-16
1502000,2082,1502000.2082,\\ttgroup.local\corporate\Auckland\Projects\1502000\1502000.2082\IssuedDocuments\Final Report\T+T_2023-IAG-8138935EQC Land_Final Report.docx,2024-04-05
1502000,2083,1502000.2083,\\ttgroup.local\corporate\Auckland\Projects\1502000\1502000.2083\IssuedDocuments\Final Report\T+T-2023-IAG-C4591027-Final Report.docx,2024-02-10
1502000,2084,1502000.2084,\\ttgroup.local\corporate\Auckland\Projects\1502000\1502000.2084\IssuedDocuments\Final Report V3\T+T-2023-IAG-C0986245-Final Report V3.docx,2024-04-03
1502000,2085,1502000.2085,\\ttgroup.local\corporate\Auckland\Projects\1502000\1502000.2085\IssuedDocuments\Final Report\T+T+2023-IAG-C4584724_Final Report.docx,2023-11-27
1502000,2088,1502000.2088,\\ttgroup.local\corporate\Auckland\Projects\1502000\1502000.2088\IssuedDocuments\Final Report\T+T-2023-IAG-C0956455-Final report.docx,2024-02-15
1502000,2090,1502000.2090,\\ttgroup.local\corporate\Auckland\Projects\1502000\1502000.2090\IssuedDocuments\Final Report\T+T_2023_IAG-C0968674_Final Report.docx,2024-02-06
1502000,2092,1502000.2092,\\ttgroup.local\corporate\Auckland\Projects\1502000\1502000.2092\IssuedDocuments\Final Report\T+T_2023_IAG_C0990076_Final Report.docx,2024-03-04
1502000,2094,1502000.2094,\\ttgroup.local\corporate\Auckland\Projects\1502000\1502000.2094\IssuedDocuments\Final Report\T+T-2023-IAG-C4608836-Final Report V2.docx,2024-04-10
1502000,2095,1502000.2095,\\ttgroup.local\corporate\Auckland\Projects\1502000\1502000.2095\IssuedDocuments\Final Report\T+T_2023-IAG-C4637297_Final Report.docx,2024-04-16
1502000,2096,1502000.2096,\\ttgroup.local\corporate\Auckland\Projects\1502000\1502000.2096\IssuedDocuments\Final Report\T+T_2023-IAG-C0992613_Final Report.docx,2024-01-29
1502000,2098,1502000.2098,\\ttgroup.local\corporate\Auckland\Projects\1502000\1502000.2098\IssuedDocuments\Final Report\T+T_2023_IAG_C4151587_Final Report.docx,2024-02-07
1502000,2100,1502000.2100,\\ttgroup.local\corporate\Auckland\Projects\1502000\1502000.2100\IssuedDocuments\Final Report\T+T-2023-IAG-C0990886-Final report.docx,2024-01-16
1502000,2103,1502000.2103,\\ttgroup.local\corporate\Auckland\Projects\1502000\1502000.2103\IssuedDocuments\Final Report\T+T-IAG-C0983285-Final Report.docx,2024-05-14
1502000,2104,1502000.2104,\\ttgroup.local\corporate\Auckland\Projects\1502000\1502000.2104\IssuedDocuments\Draft Report\T+T_2023-IAG-C4450806_Draft Report.docx,2024-03-14
1502000,2105,1502000.2105,\\ttgroup.local\corporate\Auckland\Projects\1502000\1502000.2105\IssuedDocuments\Final Report v2\T+T_2023-IAG-C8161159_Final Report_v2.docx,2024-03-26
1502000,2106,1502000.2106,\\ttgroup.local\corporate\Auckland\Projects\1502000\1502000.2106\IssuedDocuments\Final Report\T+T_2023-IAG-C4596385_Final Report.docx,2024-02-15
1502000,2107,1502000.2107,\\ttgroup.local\corporate\Auckland\Projects\1502000\1502000.2107\IssuedDocuments\T+T_2023-IAG-C0918394_Final Report.docx,2024-04-15
1502000,2109,1502000.2109,\\ttgroup.local\corporate\Auckland\Projects\1502000\1502000.2109\IssuedDocuments\Final Report\T+T_2023-IAG-C4608500_Final Report.docx,2024-04-22
1502000,2110,1502000.2110,\\ttgroup.local\corporate\Auckland\Projects\1502000\1502000.2110\IssuedDocuments\Final Report\T+T_2023-IAG-C4584376_Report.docx,2024-04-08
1502000,2111,1502000.2111,\\ttgroup.local\corporate\Auckland\Projects\1502000\1502000.2111\IssuedDocuments\T+T_2023-IAG-C0958305_Final Report V2.docx,2024-07-22
1502000,2117,1502000.2117,\\ttgroup.local\corporate\Auckland\Projects\1502000\1502000.2117\IssuedDocuments\Extra Request\Final Report\T+T-2023-IAG-C0981871 EQC-Final Report V3.docx,2024-07-29
1502000,2118,1502000.2118,\\ttgroup.local\corporate\Auckland\Projects\1502000\1502000.2118\IssuedDocuments\Final Report\T+T-2023-IAG-C0982444-Final report.docx,2024-02-08
1502000,2122,1502000.2122,\\ttgroup.local\corporate\Auckland\Projects\1502000\1502000.2122\IssuedDocuments\Final Report\T+T-2023-IAG-C4618284-Final report.docx,2024-02-20
1502000,2123,1502000.2123,\\ttgroup.local\corporate\Auckland\Projects\1502000\1502000.2123\IssuedDocuments\Final Report\T+T-2023-IAG-C4618971-Final Report.docx,2024-07-15
1502000,2124,1502000.2124,\\ttgroup.local\corporate\Auckland\Projects\1502000\1502000.2124\IssuedDocuments\Final Report\T+T_2023_IAG-C4631914_Report.docx,2024-02-07
1502000,2125,1502000.2125,\\ttgroup.local\corporate\Auckland\Projects\1502000\1502000.2125\IssuedDocuments\Final Report\T+T_2023-IAG-C4616558_Report.docx,2024-03-08
1502000,2129,1502000.2129,\\ttgroup.local\corporate\Auckland\Projects\1502000\1502000.2129\IssuedDocuments\Additional request\Final Report\T+T_2023-IAG-C0976912_Additional request_Final Report.docx,2024-05-19
1502000,2130,1502000.2130,\\ttgroup.local\corporate\Auckland\Projects\1502000\1502000.2130\IssuedDocuments\Final Report\T+T-2023-IAG-C1011905-Final report.docx,2024-02-27
1502000,2131,1502000.2131,\\ttgroup.local\corporate\Auckland\Projects\1502000\1502000.2131\IssuedDocuments\Revision 1\T+T-2023-IAG-C4644765- Final Report Rev 1.docx,2026-03-03
1502000,2133,1502000.2133,\\ttgroup.local\corporate\Auckland\Projects\1502000\1502000.2133\IssuedDocuments\Final Report\T+T_2023-IAG-C4623638_Report.docx,2024-03-11
1502000,2134,1502000.2134,\\ttgroup.local\corporate\Auckland\Projects\1502000\1502000.2134\IssuedDocuments\Extra Request\T+T-2023-IAG-C4617589-Final report V2.docx,2024-08-25
1502000,2135,1502000.2135,\\ttgroup.local\corporate\Auckland\Projects\1502000\1502000.2135\IssuedDocuments\Final Report\T+T_2023_IAG-C4612603_Final Report.docx,2024-05-06
1502000,2136,1502000.2136,\\ttgroup.local\corporate\Auckland\Projects\1502000\1502000.2136\IssuedDocuments\Final Report\T+T_2022_IAG_8148077_Report V1.docx,2024-04-08
1502000,2137,1502000.2137,\\ttgroup.local\corporate\Auckland\Projects\1502000\1502000.2137\IssuedDocuments\Final Report\Final Report V5\T+T-2023-IAG-C0862240-Final Report V5.docx,2024-11-24
1502000,2138,1502000.2138,\\ttgroup.local\corporate\Auckland\Projects\1502000\1502000.2138\IssuedDocuments\Final Report\T+T-2023-IAG-C4626900-Final report.docx,2024-01-30
1502000,2139,1502000.2139,\\ttgroup.local\corporate\Auckland\Projects\1502000\1502000.2139\IssuedDocuments\Final Report\T+T_2022-IAG-C4181809_Report V1.docx,2024-05-06
1502000,2140,1502000.2140,\\ttgroup.local\corporate\Auckland\Projects\1502000\1502000.2140\IssuedDocuments\Final Report\T+T_2023_IAG-C1000525_Report.docx,2024-06-13
1502000,2141,1502000.2141,\\ttgroup.local\corporate\Auckland\Projects\1502000\1502000.2141\IssuedDocuments\Final Report\T+T_2023_IAG-C1007842_Final Report.docx,2024-03-18
1502000,2143,1502000.2143,\\ttgroup.local\corporate\Auckland\Projects\1502000\1502000.2143\IssuedDocuments\Final Report V2\T+T_2023-IAG-C4582971_Final Report V2.docx,2024-05-16
1502000,2144,1502000.2144,\\ttgroup.local\corporate\Auckland\Projects\1502000\1502000.2144\IssuedDocuments\Final Report\T+T_2023-IAG-C4436146_Report.docx,2025-03-31
1502000,2146,1502000.2146,\\ttgroup.local\corporate\Auckland\Projects\1502000\1502000.2146\IssuedDocuments\Final Report\T+T_2023_IAG-C4661477_Final Report.docx,2024-05-09
1502000,2147,1502000.2147,\\ttgroup.local\corporate\Auckland\Projects\1502000\1502000.2147\IssuedDocuments\FInal V2\T+T-2023-IAG-C0995492-Final Report.docx,2024-03-03
1502000,2148,1502000.2148,\\ttgroup.local\corporate\Auckland\Projects\1502000\1502000.2148\IssuedDocuments\Final Report\T+T-2023-IAG-C0980247-Final Report.docx,2024-02-29
1502000,2149,1502000.2149,\\ttgroup.local\corporate\Auckland\Projects\1502000\1502000.2149\IssuedDocuments\Final Report\T+T- 2024-IAG-C0882335-Final Report.docx,2024-04-09
1502000,2150,1502000.2150,\\ttgroup.local\corporate\Auckland\Projects\1502000\1502000.2150\IssuedDocuments\Final Report\T+T-2022-IAG-C4762435-Final report.docx,2024-07-07
1502000,2152,1502000.2152,\\ttgroup.local\corporate\Auckland\Projects\1502000\1502000.2152\IssuedDocuments\Final Report\T+T_2022-IAG-C1022195_Final Report.docx,2024-10-30
1502000,2158,1502000.2158,\\ttgroup.local\corporate\Auckland\Projects\1502000\1502000.2158\IssuedDocuments\Final Report\T+T_2023-IAG-C4673838_Final Report V2.docx,2024-06-30
1502000,2160,1502000.2160,\\ttgroup.local\corporate\Auckland\Projects\1502000\1502000.2160\IssuedDocuments\Final Report\T+T-2023-IAG-C0954287-Final report.docx,2024-05-20
1502000,2161,1502000.2161,\\ttgroup.local\corporate\Auckland\Projects\1502000\1502000.2161\IssuedDocuments\Final Report V1\T+T_2023_IAG-C8107407_Report Final v1.docx,2024-07-09
1502000,2162,1502000.2162,\\ttgroup.local\corporate\Auckland\Projects\1502000\1502000.2162\IssuedDocuments\Final Report\T+T_2023-IAG-C1001658_Report.docx,2024-03-21
1502000,2163,1502000.2163,\\ttgroup.local\corporate\Auckland\Projects\1502000\1502000.2163\IssuedDocuments\Final Report_v2\T+T_2023-IAG-C1028556_Final Report v2.docx,2024-05-17
1502000,2165,1502000.2165,\\ttgroup.local\corporate\Auckland\Projects\1502000\1502000.2165\IssuedDocuments\Final Report\T+T_2024-IAG-8173638_Final Report.docx,2024-04-25
1502000,2168,1502000.2168,\\ttgroup.local\corporate\Auckland\Projects\1502000\1502000.2168\IssuedDocuments\Final Report\T+T_2023_IAG-C4680264_Final Report.docx,2024-06-17
1502000,2170,1502000.2170,\\ttgroup.local\corporate\Auckland\Projects\1502000\1502000.2170\IssuedDocuments\Final Report\T+T-2023-IAG-C0878145-Final report.docx,2024-05-29
1502000,2171,1502000.2171,\\ttgroup.local\corporate\Auckland\Projects\1502000\1502000.2171\IssuedDocuments\Final Report\T+T_2023-IAG-C0960916_Final Report.docx,2024-06-09
1502000,2172,1502000.2172,\\ttgroup.local\corporate\Auckland\Projects\1502000\1502000.2172\IssuedDocuments\Final Report\T+T_2024_IAG-C4709796_Final Report.docx,2024-05-07
1502000,2174,1502000.2174,\\ttgroup.local\corporate\Auckland\Projects\1502000\1502000.2174\IssuedDocuments\Final Report v2\T+T_2023-Vero-N007680690 EQL_Final Report_v2.docx,2024-04-17
1502000,2175,1502000.2175,\\ttgroup.local\corporate\Auckland\Projects\1502000\1502000.2175\IssuedDocuments\Final Report\T+T_2023-IAG-C0868310_Final Report.docx,2024-05-19
1502000,2178,1502000.2178,\\ttgroup.local\corporate\Auckland\Projects\1502000\1502000.2178\IssuedDocuments\Final Report\T+T-2023-IAG-C0884683-Final Report.docx,2024-04-15
1502000,2180,1502000.2180,\\ttgroup.local\corporate\Auckland\Projects\1502000\1502000.2180\IssuedDocuments\Final Report\T+T-2023-IAG-C4334508-Final report.docx,2024-04-23
1502000,2181,1502000.2181,\\ttgroup.local\corporate\Auckland\Projects\1502000\1502000.2181\IssuedDocuments\Final Report\T+T-2023-IAG-C4688402-Final Report.docx,2024-05-23
1502000,2182,1502000.2182,\\ttgroup.local\corporate\Auckland\Projects\1502000\1502000.2182\IssuedDocuments\T+T_2023_IAG-8180945_Report.docx,2024-07-01
1502000,2194,1502000.2194,\\ttgroup.local\corporate\Auckland\Projects\1502000\1502000.2194\IssuedDocuments\Draft Report V2 (supersedes May 2024 Final)\T+T_2023_IAG-C1021545_Draft Report V2.docx,2024-09-03
1502000,2199,1502000.2199,\\ttgroup.local\corporate\Auckland\Projects\1502000\1502000.2199\IssuedDocuments\Final Report\T+T_2023-IAG-C0982201_Final Report.docx,2024-06-16
1502000,2201,1502000.2201,\\ttgroup.local\corporate\Auckland\Projects\1502000\1502000.2201\IssuedDocuments\Final Report\T+T-2023-IAG-C4734089-Final report.docx,2024-05-09
1502000,2203,1502000.2203,\\ttgroup.local\corporate\Auckland\Projects\1502000\1502000.2203\IssuedDocuments\Final Report V2\T+T_2023-IAG-8189910_Final Report_v2.docx,2024-08-30
1502000,2205,1502000.2205,\\ttgroup.local\corporate\Auckland\Projects\1502000\1502000.2205\IssuedDocuments\Final Report V2\T+T_2022_IAG-C4732149_Final Report V2.docx,2024-07-03
1502000,2217,1502000.2217,\\ttgroup.local\corporate\Auckland\Projects\1502000\1502000.2217\IssuedDocuments\Final Report\T+T-2023-IAG-C4769001-Final report.docx,2024-06-18
1502000,2220,1502000.2220,\\ttgroup.local\corporate\Auckland\Projects\1502000\1502000.2220\IssuedDocuments\Final Report\T+T_2023_IAG-8193275_Final Report.docx,2024-07-03
1502000,2221,1502000.2221,\\ttgroup.local\corporate\Auckland\Projects\1502000\1502000.2221\IssuedDocuments\Final Report\T+T_2022_IAG-C4731250_Final Report.docx,2024-06-18
1502000,2228,1502000.2228,\\ttgroup.local\corporate\Auckland\Projects\1502000\1502000.2228\IssuedDocuments\Final Report\T+T-2023-IAG-C4475285-Final Report.docx,2024-07-04
1502000,2230,1502000.2230,\\ttgroup.local\corporate\Auckland\Projects\1502000\1502000.2230\IssuedDocuments\Final Report V2\T+T_2023_IAG-C1067331_Final Report_V2.docx,2024-10-22
1502000,2233,1502000.2233,\\ttgroup.local\corporate\Auckland\Projects\1502000\1502000.2233\IssuedDocuments\Final Report V4\T+T-2024-IAG-C4826591-Final Report V4.docx,2024-11-07
1502000,2234,1502000.2234,\\ttgroup.local\corporate\Auckland\Projects\1502000\1502000.2234\IssuedDocuments\Final Report\T+T_2024_IAG-C4817800_Final Report.docx,2024-07-30
1502000,2239,1502000.2239,\\ttgroup.local\corporate\Auckland\Projects\1502000\1502000.2239\IssuedDocuments\Final Report\T+T_2024_IAG-C4843822_Final Report.docx,2024-11-07
1502000,2240,1502000.2240,\\ttgroup.local\corporate\Auckland\Projects\1502000\1502000.2240\IssuedDocuments\Final Report\T+T_2023_IAG-C4707714_Final Report.docx,2024-09-13
1502000,2244,1502000.2244,\\ttgroup.local\corporate\Auckland\Projects\1502000\1502000.2244\IssuedDocuments\Final Report\T+T-2023-IAG-C0939246-Final Report.docx,2024-11-05
1502000,2245,1502000.2245,\\ttgroup.local\corporate\Auckland\Projects\1502000\1502000.2245\IssuedDocuments\Origional Claim\Draft Report\T+T_2022-IAG-C1077956(EQC Land)_Draft Report.docx,2024-10-22
1502000,2246,1502000.2246,\\ttgroup.local\corporate\Auckland\Projects\1502000\1502000.2246\IssuedDocuments\Draft Report\T+T-2024-IAG-C4725743- Draft Report.docx,2024-08-21
1502000,2247,1502000.2247,\\ttgroup.local\corporate\Auckland\Projects\1502000\1502000.2247\IssuedDocuments\Final Report\T+T-2023-IAG-C1085926-Final report.docx,2024-09-17
1502000,2248,1502000.2248,\\ttgroup.local\corporate\Auckland\Projects\1502000\1502000.2248\IssuedDocuments\SS\T+T-2024-IAG-C1057757-Final Report V3.docx,2024-12-15
1502000,2249,1502000.2249,\\ttgroup.local\corporate\Auckland\Projects\1502000\1502000.2249\IssuedDocuments\Final Report V2\T+T-2023-IAG-C1092090-Final report V2.docx,2024-12-12
1502000,2250,1502000.2250,\\ttgroup.local\corporate\Auckland\Projects\1502000\1502000.2250\IssuedDocuments\Final Report\T+T_2024_IAG-C4849215(NHCL)-C4863644(NHCB)_Report.docx,2024-10-16
1502000,2255,1502000.2255,\\ttgroup.local\corporate\Auckland\Projects\1502000\1502000.2255\IssuedDocuments\Final Report V2\T+T_2024-IAG-C4872233-C4872408_Final Report_V2.docx,2025-02-05
1502000,2257,1502000.2257,\\ttgroup.local\corporate\Auckland\Projects\1502000\1502000.2257\IssuedDocuments\Final Report\T+T_2024-IAG-C4881689_Report.docx,2024-10-17
1502000,2261,1502000.2261,\\ttgroup.local\corporate\Auckland\Projects\1502000\1502000.2261\IssuedDocuments\Final Report\T+T-2024-IAG-C4882903-Final Report.docx,2024-10-30
1502000,2262,1502000.2262,\\ttgroup.local\corporate\Auckland\Projects\1502000\1502000.2262\IssuedDocuments\Final Report\T+T_2024-IAG-C4855846-Final Report.docx,2024-10-22
1502000,2263,1502000.2263,\\ttgroup.local\corporate\Auckland\Projects\1502000\1502000.2263\IssuedDocuments\T+T-2024-IAG-C4888864-Final Report V2.docx,2024-12-10
1502000,2265,1502000.2265,\\ttgroup.local\corporate\Auckland\Projects\1502000\1502000.2265\IssuedDocuments\Final Report\T+T_2024_IAG-8222009_Report.docx,2024-10-31
1502000,2266,1502000.2266,\\ttgroup.local\corporate\Auckland\Projects\1502000\1502000.2266\IssuedDocuments\Final Report\T+T_2024-IAG-C4886945_Report.docx,2024-09-24
1502000,2267,1502000.2267,\\ttgroup.local\corporate\Auckland\Projects\1502000\1502000.2267\IssuedDocuments\Final Report\T+T_2024-IAG-8216906_Report.docx,2024-11-04
1502000,2269,1502000.2269,\\ttgroup.local\corporate\Auckland\Projects\1502000\1502000.2269\IssuedDocuments\Final Report V2\T+T_2024-IAG-C4884039_Report_V2.docx,2024-11-25
1502000,2270,1502000.2270,\\ttgroup.local\corporate\Auckland\Projects\1502000\1502000.2270\IssuedDocuments\.Final Report\T+T_2024-IAG-C4897278_Report.docx,2025-04-04
1502000,2272,1502000.2272,\\ttgroup.local\corporate\Auckland\Projects\1502000\1502000.2272\IssuedDocuments\Final Report\T+T-2024-IAG-C4895589-Final Report.docx,2024-12-18
1502000,2273,1502000.2273,\\ttgroup.local\corporate\Auckland\Projects\1502000\1502000.2273\IssuedDocuments\Final Report\T+T_2023_IAG-8224503_Report.docx,2024-12-19
1502000,2274,1502000.2274,\\ttgroup.local\corporate\Auckland\Projects\1502000\1502000.2274\IssuedDocuments\T+T_2024-IAG-C4886538_Final Report_V3.docx,2024-11-28
1502000,2275,1502000.2275,\\ttgroup.local\corporate\Auckland\Projects\1502000\1502000.2275\IssuedDocuments\Final Report\T+T_2024-IAG-C4905502_Report.docx,2024-11-13
1502000,2276,1502000.2276,\\ttgroup.local\corporate\Auckland\Projects\1502000\1502000.2276\IssuedDocuments\Draft Report\T+T_2024-IAG-C1107680_Draft Report.docx,2024-10-17
1502000,2277,1502000.2277,\\ttgroup.local\corporate\Auckland\Projects\1502000\1502000.2277\IssuedDocuments\Final Report\T+T_2023_IAG-C1092880_Report.docx,2024-12-11
1502000,2278,1502000.2278,\\ttgroup.local\corporate\Auckland\Projects\1502000\1502000.2278\IssuedDocuments\Final Report\T+T-2023-IAG-C4861224-Final Report V2.docx,2024-11-21
1502000,2279,1502000.2279,\\ttgroup.local\corporate\Auckland\Projects\1502000\1502000.2279\IssuedDocuments\Additional Request Nov 2024\T+T-2023-IAG-C4967618-Final report V2.docx,2024-12-18
1502000,2280,1502000.2280,\\ttgroup.local\corporate\Auckland\Projects\1502000\1502000.2280\IssuedDocuments\Final Report\T+T-2024-IAG-C4861505-Final Report.docx,2025-01-14
1502000,2281,1502000.2281,\\ttgroup.local\corporate\Auckland\Projects\1502000\1502000.2281\IssuedDocuments\Final\T+T_2024-Vero-N008382350 L_Report.docx,2024-11-19
1502000,2282,1502000.2282,\\ttgroup.local\corporate\Auckland\Projects\1502000\1502000.2282\IssuedDocuments\Final Report\T+T-IAG-C4912346-Final Report.docx,2024-11-11
1502000,2283,1502000.2283,\\ttgroup.local\corporate\Auckland\Projects\1502000\1502000.2283\IssuedDocuments\Final Report\T+T-2024-IAG-C4913077-Final Report.docx,2025-01-21
1502000,2284,1502000.2284,\\ttgroup.local\corporate\Auckland\Projects\1502000\1502000.2284\IssuedDocuments\.Final Report\T+T-2024-IAG-8226885-Report.docx,2025-04-04
1502000,2285,1502000.2285,\\ttgroup.local\corporate\Auckland\Projects\1502000\1502000.2285\IssuedDocuments\Final Report\T+T_2024_IAG-C4915102_Final Report.docx,2024-12-12
1502000,2286,1502000.2286,\\ttgroup.local\corporate\Auckland\Projects\1502000\1502000.2286\IssuedDocuments\Final Report\T+T_2024_IAG-C4917928_Report.docx,2024-11-25
1502000,2287,1502000.2287,\\ttgroup.local\corporate\Auckland\Projects\1502000\1502000.2287\IssuedDocuments\T+T_2024-IAG-C4915200_Final Report v3.docx,2024-11-29
1502000,2288,1502000.2288,\\ttgroup.local\corporate\Auckland\Projects\1502000\1502000.2288\IssuedDocuments\Final Report\T+T_2024_IAG-C4906145_Final Report.docx,2025-01-21
1502000,2289,1502000.2289,\\ttgroup.local\corporate\Auckland\Projects\1502000\1502000.2289\IssuedDocuments\Final Report\T+T_2024-IAG-8230199_Report.docx,2024-11-07
1502000,2290,1502000.2290,\\ttgroup.local\corporate\Auckland\Projects\1502000\1502000.2290\IssuedDocuments\Final Report V3\T+T_2024-IAG-C4920493_Final Report-V3.docx,2025-10-09
1502000,2291,1502000.2291,\\ttgroup.local\corporate\Auckland\Projects\1502000\1502000.2291\IssuedDocuments\Draft Report v3\T+T_2024-IAG-C4920142_Draft Report v3.docx,2025-01-21
1502000,2292,1502000.2292,\\ttgroup.local\corporate\Auckland\Projects\1502000\1502000.2292\IssuedDocuments\Final Report\T+T-2023-IAG-C4905367-Final Report.docx,2024-12-18
1502000,2293,1502000.2293,\\ttgroup.local\corporate\Auckland\Projects\1502000\1502000.2293\IssuedDocuments\Final report\T+T_2024-IAG-C4915470_Final Report.docx,2025-01-19
1502000,2294,1502000.2294,\\ttgroup.local\corporate\Auckland\Projects\1502000\1502000.2294\IssuedDocuments\Final Report V3\T+T_2024-IAG-C4937767_Final Report_V3.docx,2025-01-15
1502000,2295,1502000.2295,\\ttgroup.local\corporate\Auckland\Projects\1502000\1502000.2295\IssuedDocuments\Final Report V2\T+T-2024-IAG-8228878-Final Report V2.docx,2025-02-24
1502000,2297,1502000.2297,\\ttgroup.local\corporate\Auckland\Projects\1502000\1502000.2297\IssuedDocuments\Final Report\T+T-2024-IAG-C4914956-Final report v2.docx,2025-01-13
1502000,2298,1502000.2298,\\ttgroup.local\corporate\Auckland\Projects\1502000\1502000.2298\IssuedDocuments\Final Report\T+T-2024-IAG-C4918658-Final Report.docx,2025-01-19
1502000,2299,1502000.2299,\\ttgroup.local\corporate\Auckland\Projects\1502000\1502000.2299\IssuedDocuments\Additional Request\T+T-2024-IAG-C4913123-Final Report V2.docx,2025-03-13
1502000,2300,1502000.2300,\\ttgroup.local\corporate\Auckland\Projects\1502000\1502000.2300\IssuedDocuments\Final Report\T+T_2023_IAG-C1112198_Draft Report.docx,2024-11-12
1502000,2301,1502000.2301,\\ttgroup.local\corporate\Auckland\Projects\1502000\1502000.2301\IssuedDocuments\Final Report V2\T+T-2024-IAG-C4915899-Final Report V2.docx,2025-03-04
1502000,2302,1502000.2302,\\ttgroup.local\corporate\Auckland\Projects\1502000\1502000.2302\IssuedDocuments\Additional Request Jan 2025\T+T-2024-IAG-C4921995-Final Report V2.docx,2025-03-02
1502000,2303,1502000.2303,\\ttgroup.local\corporate\Auckland\Projects\1502000\1502000.2303\IssuedDocuments\Final Report V2\T+T_2024-IAG-C1110220_Report-V2.docx,2025-03-05
1502000,2304,1502000.2304,\\ttgroup.local\corporate\Auckland\Projects\1502000\1502000.2304\IssuedDocuments\Final Report\T+T-2024-IAG-C4918549-Final Report.docx,2024-11-10
1502000,2305,1502000.2305,\\ttgroup.local\corporate\Auckland\Projects\1502000\1502000.2305\IssuedDocuments\Final Report\T+T-2023-IAG-8229874-Final Report.docx,2024-12-12
1502000,2306,1502000.2306,\\ttgroup.local\corporate\Auckland\Projects\1502000\1502000.2306\IssuedDocuments\Final Report v1\T+T_2024-IAG-C4925185_Report v1.docx,2024-11-27
1502000,2307,1502000.2307,\\ttgroup.local\corporate\Auckland\Projects\1502000\1502000.2307\IssuedDocuments\Final Report\T+T_2024-IAG-8230067_Report.docx,2024-11-27
1502000,2308,1502000.2308,\\ttgroup.local\corporate\Auckland\Projects\1502000\1502000.2308\IssuedDocuments\Final Report V2\T+T-2024-IAG-C1111001-Final ReportV2.docx,2024-11-27
1502000,2309,1502000.2309,\\ttgroup.local\corporate\Auckland\Projects\1502000\1502000.2309\IssuedDocuments\Extra Request Final Report V4\Final Version\T+T-2024-IAG-C4976256-Final Report V4.docx,2025-01-21
1502000,2310,1502000.2310,\\ttgroup.local\corporate\Auckland\Projects\1502000\1502000.2310\IssuedDocuments\Final Report\T+T-2023-IAG-C4901726-Final Report.docx,2024-12-01
1502000,2311,1502000.2311,\\ttgroup.local\corporate\Auckland\Projects\1502000\1502000.2311\IssuedDocuments\Final Report\T+T-2023-IAG-C4931883-Final Report V2.docx,2024-11-21
1502000,2312,1502000.2312,\\ttgroup.local\corporate\Auckland\Projects\1502000\1502000.2312\IssuedDocuments\Final Report\T+T_2024-IAG-C4915129_Report.docx,2024-11-20
1502000,2313,1502000.2313,\\ttgroup.local\corporate\Auckland\Projects\1502000\1502000.2313\IssuedDocuments\Final Report\T+T_2024-IAG-8228512_Report.docx,2024-11-20
1502000,2314,1502000.2314,\\ttgroup.local\corporate\Auckland\Projects\1502000\1502000.2314\IssuedDocuments\Final Report\T+T_2024-IAG-C4915826_Final Report.docx,2025-01-29
1502000,2315,1502000.2315,\\ttgroup.local\corporate\Auckland\Projects\1502000\1502000.2315\IssuedDocuments\Final Report\T+T_2024-IAG-C1110300_Report.docx,2024-11-19
1502000,2316,1502000.2316,\\ttgroup.local\corporate\Auckland\Projects\1502000\1502000.2316\IssuedDocuments\Draft Report\T+T-2024-IAG-C4918621-Draft Report.docx,2024-12-06
1502000,2317,1502000.2317,\\ttgroup.local\corporate\Auckland\Projects\1502000\1502000.2317\IssuedDocuments\Final Report V2\T+T_2024-IAG-C4917692 L_Report_V2.docx,2025-04-08
1502000,2318,1502000.2318,\\ttgroup.local\corporate\Auckland\Projects\1502000\1502000.2318\IssuedDocuments\Final Report\T+T_2024-IAG-C4918724_Report.docx,2024-12-08
1502000,2319,1502000.2319,\\ttgroup.local\corporate\Auckland\Projects\1502000\1502000.2319\IssuedDocuments\Final Report\T+T_2024-IAG-C4933319_Report.docx,2024-11-27
1502000,2320,1502000.2320,\\ttgroup.local\corporate\Auckland\Projects\1502000\1502000.2320\IssuedDocuments\Final Report\T+T_2024-IAG-C4933454_Final Report.docx,2024-12-10
1502000,2321,1502000.2321,\\ttgroup.local\corporate\Auckland\Projects\1502000\1502000.2321\IssuedDocuments\Final Report\T+T_2024-IAG-C4918141_Final Report.docx,2024-11-27
1502000,2322,1502000.2322,\\ttgroup.local\corporate\Auckland\Projects\1502000\1502000.2322\IssuedDocuments\Final_v2\T+T-2024-IAG-C4918357-Final Report.docx,2025-04-03
1502000,2323,1502000.2323,\\ttgroup.local\corporate\Auckland\Projects\1502000\1502000.2323\IssuedDocuments\Draft Report V2\T+T_2024_IAG-C4925920_Draft Report - v2.docx,2025-01-21
1502000,2324,1502000.2324,\\ttgroup.local\corporate\Auckland\Projects\1502000\1502000.2324\IssuedDocuments\Final Report\T+T_2024_IAG-C4918795_Final Report.docx,2025-03-04
1502000,2325,1502000.2325,\\ttgroup.local\corporate\Auckland\Projects\1502000\1502000.2325\IssuedDocuments\Final Report V4\T+T_2024-IAG-C4904153_Report_V4.docx,2025-04-29
1502000,2326,1502000.2326,\\ttgroup.local\corporate\Auckland\Projects\1502000\1502000.2326\IssuedDocuments\Extra Request\Draft Report V2\T+T_2024-IAG-C4917535_Extra Request_Draft Report 2.docx,2025-02-24
1502000,2327,1502000.2327,\\ttgroup.local\corporate\Auckland\Projects\1502000\1502000.2327\IssuedDocuments\Final\V2\T+T-2023-IAG-C1128543-Final Report.docx,2025-02-25
1502000,2328,1502000.2328,\\ttgroup.local\corporate\Auckland\Projects\1502000\1502000.2328\IssuedDocuments\Final Report\T+T-2024-IAG-C4913827-Final Report.docx,2024-12-11
1502000,2329,1502000.2329,\\ttgroup.local\corporate\Auckland\Projects\1502000\1502000.2329\IssuedDocuments\Draft Report\T+T_2024-IAG-C4938817_Draft Report.docx,2024-11-26
1502000,2330,1502000.2330,\\ttgroup.local\corporate\Auckland\Projects\1502000\1502000.2330\IssuedDocuments\Final Report V4\T+T_2024-IAG-C4934744_Final Report-20250701.docx,2025-07-01
1502000,2331,1502000.2331,\\ttgroup.local\corporate\Auckland\Projects\1502000\1502000.2331\IssuedDocuments\Final Report\T+T-2023-IAG-C4941398-Final Report.docx,2025-01-31
1502000,2332,1502000.2332,\\ttgroup.local\corporate\Auckland\Projects\1502000\1502000.2332\IssuedDocuments\Final Report\T+T_2024-IAG-C4919166_Final Report.docx,2025-01-27
1502000,2333,1502000.2333,\\ttgroup.local\corporate\Auckland\Projects\1502000\1502000.2333\IssuedDocuments\Final Report\T+T_2024-IAG-C4924236 NHL_Final Report.docx,2025-01-29
1502000,2334,1502000.2334,\\ttgroup.local\corporate\Auckland\Projects\1502000\1502000.2334\IssuedDocuments\Final Report Rev 1\T+T_2024_IAG-C4909812 NHCL_Final Report_rev1.docx,2025-01-21
1502000,2335,1502000.2335,\\ttgroup.local\corporate\Auckland\Projects\1502000\1502000.2335\IssuedDocuments\Final Report\T+T_2024-IAG-C4941216_Report.docx,2024-12-18
1502000,2336,1502000.2336,\\ttgroup.local\corporate\Auckland\Projects\1502000\1502000.2336\IssuedDocuments\Final Report\T+T_2024_IAG-C4944476-NHC_Report.docx,2024-12-18
1502000,2337,1502000.2337,\\ttgroup.local\corporate\Auckland\Projects\1502000\1502000.2337\IssuedDocuments\Additional Request 26.02.2025\T+T-2024-IAG-C4957515-Final Report V4.docx,2025-02-26
1502000,2338,1502000.2338,\\ttgroup.local\corporate\Auckland\Projects\1502000\1502000.2338\IssuedDocuments\T+T_2024-IAG-C4920912_Final Report.docx,2024-12-17
1502000,2339,1502000.2339,\\ttgroup.local\corporate\Auckland\Projects\1502000\1502000.2339\IssuedDocuments\Final Report\T+T-2024-IAG-C4937876-Final Report.docx,2025-05-13
1502000,2340,1502000.2340,\\ttgroup.local\corporate\Auckland\Projects\1502000\1502000.2340\IssuedDocuments\Final Report\T+T_2024-IAG-C1119036_L C1146100 NHC B_Final Report.docx,2025-03-11
1502000,2341,1502000.2341,\\ttgroup.local\corporate\Auckland\Projects\1502000\1502000.2341\IssuedDocuments\Draft Report\T+T-2024-IAG-8236783-Draft Report.docx,2025-01-21
1502000,2342,1502000.2342,\\ttgroup.local\corporate\Auckland\Projects\1502000\1502000.2342\IssuedDocuments\Final Report\T+T-2023-IAG-C4923743-Final Report.docx,2025-03-16
1502000,2343,1502000.2343,\\ttgroup.local\corporate\Auckland\Projects\1502000\1502000.2343\IssuedDocuments\Final Report\T+T_2024-IAG-C1124795_Final Report.docx,2025-01-23
1502000,2344,1502000.2344,\\ttgroup.local\corporate\Auckland\Projects\1502000\1502000.2344\IssuedDocuments\Final Report V2\T+T_2024-IAG-C4927616_Report_V2.docx,2025-02-17
1502000,2345,1502000.2345,\\ttgroup.local\corporate\Auckland\Projects\1502000\1502000.2345\IssuedDocuments\T+T_2024-IAG-C4932718_Final Report.docx,2025-02-19
1502000,2346,1502000.2346,\\ttgroup.local\corporate\Auckland\Projects\1502000\1502000.2346\IssuedDocuments\Final Report\T+T_2023-IAG-C4970016_Final Report.docx,2025-03-06
1502000,2347,1502000.2347,\\ttgroup.local\corporate\Auckland\Projects\1502000\1502000.2347\IssuedDocuments\Draft Report\T+T_2024-IAG-C4964256_Draft Report.docx,2025-01-15
1502000,2348,1502000.2348,\\ttgroup.local\corporate\Auckland\Projects\1502000\1502000.2348\IssuedDocuments\Final Report V2\T+T_2023-IAG-C4954508_Report-V2.docx,2025-03-20
1502000,2349,1502000.2349,\\ttgroup.local\corporate\Auckland\Projects\1502000\1502000.2349\IssuedDocuments\Final Report\T+T_2023-IAG-C1115321_Final Report.docx,2025-02-02
1502000,2350,1502000.2350,\\ttgroup.local\corporate\Auckland\Projects\1502000\1502000.2350\IssuedDocuments\Preliminary Report\T+T_2024-IAG-8236780_Prelimiary Report.docx,2024-12-18
1502000,2351,1502000.2351,\\ttgroup.local\corporate\Auckland\Projects\1502000\1502000.2351\IssuedDocuments\Additional Request - Draft Report V1\T+T-2024-IAG-C1124540-Draft report v1.docx,2026-03-20
1502000,2352,1502000.2352,\\ttgroup.local\corporate\Auckland\Projects\1502000\1502000.2352\IssuedDocuments\Final Report\T+T-2023-IAG-C1128543-Final Report.docx,2025-02-25
1502000,2353,1502000.2353,\\ttgroup.local\corporate\Auckland\Projects\1502000\1502000.2353\IssuedDocuments\Final Report\T+T-2023-IAG-82600001- Updated Final Report.docx,2025-06-10
1502000,2354,1502000.2354,\\ttgroup.local\corporate\Auckland\Projects\1502000\1502000.2354\IssuedDocuments\Final Report\T+T-2023-IAG-C4927688-Final Report V2.docx,2025-03-28
1502000,2355,1502000.2355,\\ttgroup.local\corporate\Auckland\Projects\1502000\1502000.2355\IssuedDocuments\Final\T+T_2024-IAG-C1127069_Report.docx,2025-02-18
1502000,2356,1502000.2356,\\ttgroup.local\corporate\Auckland\Projects\1502000\1502000.2356\IssuedDocuments\Additional request 26.02.2025\T+T-2023-IAG-C4978914-Final Report V2.docx,2025-02-26
1502000,2357,1502000.2357,\\ttgroup.local\corporate\Auckland\Projects\1502000\1502000.2357\IssuedDocuments\Final Report\T+T-2023-IAG-C4961866-Final Report V3.docx,2025-04-01
1502000,2358,1502000.2358,\\ttgroup.local\corporate\Auckland\Projects\1502000\1502000.2358\IssuedDocuments\Final Report\T+T_2024-IAG-C1128784 NHCL_Final Report.docx,2025-03-18
1502000,2359,1502000.2359,\\ttgroup.local\corporate\Auckland\Projects\1502000\1502000.2359\IssuedDocuments\Final Report V3\T+T_2025_IAG-C8243742_Report.docx,2025-03-25
1502000,2360,1502000.2360,\\ttgroup.local\corporate\Auckland\Projects\1502000\1502000.2360\IssuedDocuments\Final Report\T+T_IAG_C4890930 NHL_Report.docx,2025-03-07
1502000,2361,1502000.2361,\\ttgroup.local\corporate\Auckland\Projects\1502000\1502000.2361\IssuedDocuments\Final Report\T+T_2024-IAG-C5006163_Final Report.docx,2025-02-18
1502000,2362,1502000.2362,\\ttgroup.local\corporate\Auckland\Projects\1502000\1502000.2362\IssuedDocuments\Final Report\T+T-2023-IAG-C4363022_Final Report.docx,2025-02-25
1502000,2363,1502000.2363,\\ttgroup.local\corporate\Auckland\Projects\1502000\1502000.2363\IssuedDocuments\Final Report\T+T-2025-IAG-C5027027-Final Report.docx,2025-04-14
1502000,2364,1502000.2364,\\ttgroup.local\corporate\Auckland\Projects\1502000\1502000.2364\IssuedDocuments\Final Report\T+T_2024-Vero-N008628746_Report.docx,2025-02-12
1502000,2365,1502000.2365,\\ttgroup.local\corporate\Auckland\Projects\1502000\1502000.2365\IssuedDocuments\Final Report\T+T-2023-IAG-C1139967-Final Report.docx,2025-03-02
1502000,2366,1502000.2366,\\ttgroup.local\corporate\Auckland\Projects\1502000\1502000.2366\IssuedDocuments\Final Report\T+T_2024-IAG_C5020515_Final Report.docx,2025-03-09
1502000,2367,1502000.2367,\\ttgroup.local\corporate\Auckland\Projects\1502000\1502000.2367\IssuedDocuments\Final Report V3\T+T_2025_IAG-C1144132_V3 Report.docx,2025-05-19
1502000,2368,1502000.2368,\\ttgroup.local\corporate\Auckland\Projects\1502000\1502000.2368\IssuedDocuments\Final Report\T+T-2025-IAG-C1135239-Final Report.docx,2025-03-12
1502000,2369,1502000.2369,\\ttgroup.local\corporate\Auckland\Projects\1502000\1502000.2369\IssuedDocuments\Final Report\T+T-2023-IAG-C1138498-Final Report V3.docx,2025-04-15
1502000,2371,1502000.2371,\\ttgroup.local\corporate\Auckland\Projects\1502000\1502000.2371\IssuedDocuments\Final Report\T+T_2024_IAG-C5046322_Report.docx,2025-04-14
1502000,2372,1502000.2372,\\ttgroup.local\corporate\Auckland\Projects\1502000\1502000.2372\IssuedDocuments\Final Report\T+T_2024-IAG-C5039758_Final Report.docx,2025-04-08
1502000,2374,1502000.2374,\\ttgroup.local\corporate\Auckland\Projects\1502000\1502000.2374\IssuedDocuments\Final Report V1\T+T_2024-IAG-C5044592_Final Report.docx,2025-05-21
1502000,2375,1502000.2375,\\ttgroup.local\corporate\Auckland\Projects\1502000\1502000.2375\IssuedDocuments\Final Report\T+T-2023-IAG-8094037-Final Report.docx,2025-06-26
1502000,2376,1502000.2376,\\ttgroup.local\corporate\Auckland\Projects\1502000\1502000.2376\IssuedDocuments\Final Report V3\T+T_2022-IAG-C1176849_Final Report.V3.docx,2025-06-05
1502000,2377,1502000.2377,\\ttgroup.local\corporate\Auckland\Projects\1502000\1502000.2377\IssuedDocuments\Final Report\T+T-2023-IAG-C5013070-Final Report.docx,2025-04-22
1502000,2378,1502000.2378,\\ttgroup.local\corporate\Auckland\Projects\1502000\1502000.2378\IssuedDocuments\Final Report\T+T-2025-IAG-C5052117 L-Final Report V2.docx,2025-04-30
1502000,2379,1502000.2379,\\ttgroup.local\corporate\Auckland\Projects\1502000\1502000.2379\IssuedDocuments\T+T-2022-IAG-8083657-Final Report.docx,2025-04-15
1502000,2381,1502000.2381,\\ttgroup.local\corporate\Auckland\Projects\1502000\1502000.2381\IssuedDocuments\Final Report\T+T_2025-IAG-C5105239_Final Report.docx,2025-06-09
1502000,2382,1502000.2382,\\ttgroup.local\corporate\Auckland\Projects\1502000\1502000.2382\IssuedDocuments\Final Report\T+T-2025-IAG-C1174072-Final Report.docx,2025-09-10
1502000,2383,1502000.2383,\\ttgroup.local\corporate\Auckland\Projects\1502000\1502000.2383\IssuedDocuments\Additional Request\T+T-2025-IAG-C1172433-Final Report V4.docx,2025-12-05
1502000,2384,1502000.2384,\\ttgroup.local\corporate\Auckland\Projects\1502000\1502000.2384\IssuedDocuments\Final Report\T+T-2025-IAG-C5106858-Final Report.docx,2025-06-02
1502000,2385,1502000.2385,\\ttgroup.local\corporate\Auckland\Projects\1502000\1502000.2385\IssuedDocuments\T+T-2025-IAG-C5108068-Final Report.docx,2025-06-24
1502000,2386,1502000.2386,\\ttgroup.local\corporate\Auckland\Projects\1502000\1502000.2386\IssuedDocuments\Final Report\T+T-2025-IAG-C1174638-Final Report.docx,2025-06-03
1502000,2387,1502000.2387,\\ttgroup.local\corporate\Auckland\Projects\1502000\1502000.2387\IssuedDocuments\T+T-2025-IAG-C4401284-Final Report.docx,2025-06-05
1502000,2388,1502000.2388,\\ttgroup.local\corporate\Auckland\Projects\1502000\1502000.2388\IssuedDocuments\Final Report\T+T-2023-IAG-C4306503-Final Report.docx,2025-06-23
1502000,2389,1502000.2389,\\ttgroup.local\corporate\Auckland\Projects\1502000\1502000.2389\IssuedDocuments\Final Report V2\T+T_2025_IAG-C5108022_Report.docx,2025-07-08
1502000,2390,1502000.2390,\\ttgroup.local\corporate\Auckland\Projects\1502000\1502000.2390\IssuedDocuments\Final Report V1\T+T-2025-IAG-C5115706-Final Report v1.docx,2025-06-18
1502000,2391,1502000.2391,\\ttgroup.local\corporate\Auckland\Projects\1502000\1502000.2391\IssuedDocuments\Final Report\T+T-2025-IAG-C5112693-Final Report.docx,2025-07-09
1502000,2392,1502000.2392,\\ttgroup.local\corporate\Auckland\Projects\1502000\1502000.2392\IssuedDocuments\Final Report\T+T_2025_IAG-C8268550_Report.docx,2025-06-25
1502000,2393,1502000.2393,\\ttgroup.local\corporate\Auckland\Projects\1502000\1502000.2393\IssuedDocuments\Final Report V4\T+T_2024-IAG-C1132002_Final Report-V4.docx,2025-10-31
1502000,2394,1502000.2394,\\ttgroup.local\corporate\Auckland\Projects\1502000\1502000.2394\IssuedDocuments\Final Report\T+T_2024-IAG-C5086341_Report.docx,2025-07-24
1502000,2395,1502000.2395,\\ttgroup.local\corporate\Auckland\Projects\1502000\1502000.2395\IssuedDocuments\Additional Request Sep 2025\T+T-2024-IAG-C5127680-Final Report V4.docx,2025-10-14
1502000,2396,1502000.2396,\\ttgroup.local\corporate\Auckland\Projects\1502000\1502000.2396\IssuedDocuments\Final Report\T+T-2025-IAG-C5110576-Final Report V2.docx,2025-07-18
1502000,2397,1502000.2397,\\ttgroup.local\corporate\Auckland\Projects\1502000\1502000.2397\IssuedDocuments\Final Report\T+T_2025-IAG-8276568_Final Report.docx,2025-09-16
1502000,2398,1502000.2398,\\ttgroup.local\corporate\Auckland\Projects\1502000\1502000.2398\IssuedDocuments\Final Report\T+T-2025-IAG-C5122036-Final Report.docx,2025-06-26
1502000,2399,1502000.2399,\\ttgroup.local\corporate\Auckland\Projects\1502000\1502000.2399\IssuedDocuments\Final Report\T+T_2025-IAG-8279816_Final Report.docx,2025-07-03
1502000,2400,1502000.2400,\\ttgroup.local\corporate\Auckland\Projects\1502000\1502000.2400\IssuedDocuments\Final Report\T+T-2025-IAG-C5136175-Final Report.docx,2025-07-02
1502000,2401,1502000.2401,\\ttgroup.local\corporate\Auckland\Projects\1502000\1502000.2401\IssuedDocuments\Extra Request Final Report\T+T-2023-IAG-C4327751-Final Report V2.docx,2025-10-06
1502000,2402,1502000.2402,\\ttgroup.local\corporate\Auckland\Projects\1502000\1502000.2402\IssuedDocuments\Final Report\T+T_2025-IAG-C1183066_Final Report.docx,2025-09-17
1502000,2403,1502000.2403,\\ttgroup.local\corporate\Auckland\Projects\1502000\1502000.2403\IssuedDocuments\Final Report\T+T_2025-IAG-C5135120_Final Report.docx,2025-09-17
1502000,2404,1502000.2404,\\ttgroup.local\corporate\Auckland\Projects\1502000\1502000.2404\IssuedDocuments\Final Report V1\T+T_2025-IAG-C5134182_Final Report.docx,2025-08-13
1502000,2405,1502000.2405,\\ttgroup.local\corporate\Auckland\Projects\1502000\1502000.2405\IssuedDocuments\Final Report v1\T+T_2025-IAG-C5133882_Final Report- Revision 1.docx,2025-08-11
1502000,2406,1502000.2406,\\ttgroup.local\corporate\Auckland\Projects\1502000\1502000.2406\IssuedDocuments\Final Report\T+T-2025-IAG-C1183203-Final Report.docx,2025-07-03
1502000,2407,1502000.2407,\\ttgroup.local\corporate\Auckland\Projects\1502000\1502000.2407\IssuedDocuments\Additional Request\T+T_2025-IAG-8276515_Final Report V2.docx,2025-11-19
1502000,2408,1502000.2408,\\ttgroup.local\corporate\Auckland\Projects\1502000\1502000.2408\IssuedDocuments\Final Report\T+T-2023-IAG-C5133530-Final Report.docx,2025-07-28
1502000,2409,1502000.2409,\\ttgroup.local\corporate\Auckland\Projects\1502000\1502000.2409\IssuedDocuments\Final Report\T+T_2025-IAG-C5147979_Final Report.docx,2025-12-04
1502000,2410,1502000.2410,\\ttgroup.local\corporate\Auckland\Projects\1502000\1502000.2410\IssuedDocuments\Final Report V1\T+T_2025_IAG-C5146907_Final Report v1.docx,2026-03-01
1502000,2411,1502000.2411,\\ttgroup.local\corporate\Auckland\Projects\1502000\1502000.2411\IssuedDocuments\20260617- updated draft supp report\T+T_2025_IAG-C1186885_Final Supplementary Report.docx,2026-06-24
1502000,2412,1502000.2412,\\ttgroup.local\corporate\Auckland\Projects\1502000\1502000.2412\IssuedDocuments\Final Report\T+T_2025-IAG-C5162580_Report.docx,2025-07-29
1502000,2413,1502000.2413,\\ttgroup.local\corporate\Auckland\Projects\1502000\1502000.2413\IssuedDocuments\Final Report\T+T_2025-IAG-C5162617_Final Report.docx,2025-07-23
1502000,2414,1502000.2414,\\ttgroup.local\corporate\Auckland\Projects\1502000\1502000.2414\IssuedDocuments\Final Report v2\T+T_2025-IAG-C5162562 NHL_Final Report v2.docx,2025-09-24
1502000,2415,1502000.2415,\\ttgroup.local\corporate\Auckland\Projects\1502000\1502000.2415\IssuedDocuments\4. Draft V4 Report\Draft Report V4 clean\T+T_2025-IAG_C1191403 NHL_Draft Report_V4.docx,2026-08-28
1502000,2416,1502000.2416,\\ttgroup.local\corporate\Auckland\Projects\1502000\1502000.2416\IssuedDocuments\Final Report\T+T_2025-IAG-C5154722 NHL_Report.docx,2025-09-08
1502000,2417,1502000.2417,\\ttgroup.local\corporate\Auckland\Projects\1502000\1502000.2417\IssuedDocuments\Final Report V1\T+T_2025-IAG-C5161369_Final Report v1.docx,2025-09-11
1502000,2418,1502000.2418,\\ttgroup.local\corporate\Auckland\Projects\1502000\1502000.2418\IssuedDocuments\Final Report\T+T-2025-IAG-C5141708-Final Report.docx,2025-08-06
1502000,2419,1502000.2419,\\ttgroup.local\corporate\Auckland\Projects\1502000\1502000.2419\IssuedDocuments\Final Report\T+T_2025-IAG-C1195661 NHL_Report.docx,2025-08-18
1502000,2420,1502000.2420,\\ttgroup.local\corporate\Auckland\Projects\1502000\1502000.2420\IssuedDocuments\Draft Report v3\T+T_2025-IAG-C1195807_Draft Report v3.docx,2026-01-22
1502000,2421,1502000.2421,\\ttgroup.local\corporate\Auckland\Projects\1502000\1502000.2421\IssuedDocuments\Final Report\T+T_2025-IAG-C5162050 NHCL_Final Report.docx,2025-10-08
1502000,2422,1502000.2422,\\ttgroup.local\corporate\Auckland\Projects\1502000\1502000.2422\IssuedDocuments\Final Report\T+T_2025-IAG-C5165227 NHL_Final Report.docx,2025-08-15
1502000,2423,1502000.2423,\\ttgroup.local\corporate\Auckland\Projects\1502000\1502000.2423\IssuedDocuments\Final Report V1\T+T_2025-IAG-C5183509 NHL_Final Report.Revision1.docx,2025-11-19
1502000,2425,1502000.2425,\\ttgroup.local\corporate\Auckland\Projects\1502000\1502000.2425\IssuedDocuments\Final Report\T+T-2025-IAG-8288824 & 8288825_Report.docx,2025-08-29
1502000,2427,1502000.2427,\\ttgroup.local\corporate\Auckland\Projects\1502000\1502000.2427\IssuedDocuments\Final Report\T+T_2025-IAG-C5152897_Report.docx,2025-08-26
1502000,2428,1502000.2428,\\ttgroup.local\corporate\Auckland\Projects\1502000\1502000.2428\IssuedDocuments\Final Report\T+T_2025-IAG-C5178868_Final Report.docx,2025-08-20
1502000,2429,1502000.2429,\\ttgroup.local\corporate\Auckland\Projects\1502000\1502000.2429\IssuedDocuments\Final Report\T+T_2025-IAG-C1201055_Final Report.docx,2025-08-20
1502000,2430,1502000.2430,\\ttgroup.local\corporate\Auckland\Projects\1502000\1502000.2430\IssuedDocuments\Final Report v1\T+T_2025_8290552 NHL_IAG_Final Report v1.docx,2026-02-04
1502000,2431,1502000.2431,\\ttgroup.local\corporate\Auckland\Projects\1502000\1502000.2431\IssuedDocuments\Final Report\T+T_2025-IAG-C5184606_Final Report.docx,2025-10-23
1502000,2432,1502000.2432,\\ttgroup.local\corporate\Auckland\Projects\1502000\1502000.2432\IssuedDocuments\Final Report\T+T_2025_IAG-C1197267 NHL_Final Report V2.docx,2025-11-04
1502000,2433,1502000.2433,\\ttgroup.local\corporate\Auckland\Projects\1502000\1502000.2433\IssuedDocuments\Draft Report V2\T+T_2025-IAG-C5182023 NHL_Draft Report v2.docx,2026-03-20
1502000,2434,1502000.2434,\\ttgroup.local\corporate\Auckland\Projects\1502000\1502000.2434\IssuedDocuments\Draft Report\T+T_2025-IAG-C5175122 NHL_Draft Report.docx,2025-08-19
1502000,2435,1502000.2435,\\ttgroup.local\corporate\Auckland\Projects\1502000\1502000.2435\IssuedDocuments\Final Report\T+T_2025-IAG-C1199538_Final Report.docx,2025-08-20
1502000,2436,1502000.2436,\\ttgroup.local\corporate\Auckland\Projects\1502000\1502000.2436\IssuedDocuments\Final Report\T+T_2025-IAG-C1201669_Final Report.docx,2025-08-24
1502000,2437,1502000.2437,\\ttgroup.local\corporate\Auckland\Projects\1502000\1502000.2437\IssuedDocuments\Final Report\T+T_2025-IAG-C5164807 NHL_Final Report.docx,2025-09-09
1502000,2438,1502000.2438,\\ttgroup.local\corporate\Auckland\Projects\1502000\1502000.2438\IssuedDocuments\Final Report\T+T_2025_IAG-C1201519_Final Report.docx,2025-08-26
1502000,2439,1502000.2439,\\ttgroup.local\corporate\Auckland\Projects\1502000\1502000.2439\IssuedDocuments\Final Report\T+T-2025-IAG-C5197334-Final Report.docx,2025-10-20
1502000,2440,1502000.2440,\\ttgroup.local\corporate\Auckland\Projects\1502000\1502000.2440\IssuedDocuments\Final Report\T+T-2025-IAG-C5150642-Final Report.docx,2025-09-16
1502000,2441,1502000.2441,\\ttgroup.local\corporate\Auckland\Projects\1502000\1502000.2441\IssuedDocuments\Final Report\T+T_2025-IAG-8288652 NHL_Report.docx,2025-10-28
1502000,2442,1502000.2442,\\ttgroup.local\corporate\Auckland\Projects\1502000\1502000.2442\IssuedDocuments\Final Report\T+T_2025-IAG-C5188649 NHL_Final Report.docx,2025-11-06
1502000,2443,1502000.2443,\\ttgroup.local\corporate\Auckland\Projects\1502000\1502000.2443\IssuedDocuments\Final Report\T+T-2025-IAG-C5196602-Final Report.docx,2025-09-30
1502000,2444,1502000.2444,\\ttgroup.local\corporate\Auckland\Projects\1502000\1502000.2444\IssuedDocuments\Final Report\T+T-2025-IAG-C5202859-Final Report.docx,2025-09-29
1502000,2445,1502000.2445,\\ttgroup.local\corporate\Auckland\Projects\1502000\1502000.2445\IssuedDocuments\Final Report\T+T-2025-IAG-C5196526-Final Report.docx,2025-09-17
1502000,2446,1502000.2446,\\ttgroup.local\corporate\Auckland\Projects\1502000\1502000.2446\IssuedDocuments\Final Report\T+T_2025-IAG-C5197840_Final Report.docx,2025-10-23
1502000,2447,1502000.2447,\\ttgroup.local\corporate\Auckland\Projects\1502000\1502000.2447\IssuedDocuments\Final Report\T+T_2025-IAG-C1202355_Final Report.docx,2025-11-12
1502000,2448,1502000.2448,\\ttgroup.local\corporate\Auckland\Projects\1502000\1502000.2448\IssuedDocuments\Final Report\T+T_2025-IAG-C1196319 L_Final Report.docx,2025-09-28
1502000,2449,1502000.2449,\\ttgroup.local\corporate\Auckland\Projects\1502000\1502000.2449\IssuedDocuments\Final Report\T+T-2025-IAG-C5175968-Final Report.docx,2025-10-07
1502000,2450,1502000.2450,\\ttgroup.local\corporate\Auckland\Projects\1502000\1502000.2450\IssuedDocuments\Draft Report\T+T-2025-IAG-C5175972-Draft Report.docx,2025-09-04
1502000,2451,1502000.2451,\\ttgroup.local\corporate\Auckland\Projects\1502000\1502000.2451\IssuedDocuments\Final Report\T+T-2025-IAG-C5178884-Final Report.docx,2025-10-05
1502000,2452,1502000.2452,\\ttgroup.local\corporate\Auckland\Projects\1502000\1502000.2452\IssuedDocuments\Final Report\T+T_2025-IAG-C5183726_Report.docx,2025-10-03
1502000,2453,1502000.2453,\\ttgroup.local\corporate\Auckland\Projects\1502000\1502000.2453\IssuedDocuments\Final Report\T+T-2025-IAG-C5184647-Final Report.docx,2025-09-08
1502000,2454,1502000.2454,\\ttgroup.local\corporate\Auckland\Projects\1502000\1502000.2454\IssuedDocuments\Final Report\T+T_2025_IAG-C5186902_Final Report.docx,2025-10-01
1502000,2455,1502000.2455,\\ttgroup.local\corporate\Auckland\Projects\1502000\1502000.2455\IssuedDocuments\Final Report\T+T-2025-IAG-C1207843-Final Report.docx,2025-09-21
1502000,2456,1502000.2456,\\ttgroup.local\corporate\Auckland\Projects\1502000\1502000.2456\IssuedDocuments\Final Report\T+T_2025_IAG-C1199334_Final Report.docx,2025-10-08
1502000,2457,1502000.2457,\\ttgroup.local\corporate\Auckland\Projects\1502000\1502000.2457\IssuedDocuments\Final Report\T+T_2025_IAG-C5180533_Final Report.docx,2025-10-01
1502000,2458,1502000.2458,\\ttgroup.local\corporate\Auckland\Projects\1502000\1502000.2458\IssuedDocuments\Final Report\T+T_2025_IAG-C5176825_Report.docx,2025-10-10
1502000,2459,1502000.2459,\\ttgroup.local\corporate\Auckland\Projects\1502000\1502000.2459\IssuedDocuments\Final Report\T+T_2025-IAG-C5213767_Final Report.docx,2025-10-01
1502000,2460,1502000.2460,\\ttgroup.local\corporate\Auckland\Projects\1502000\1502000.2460\IssuedDocuments\Final Report V4\T+T_2025-IAG-C5210413_Final Report_V4.docx,2026-02-17
1502000,2461,1502000.2461,\\ttgroup.local\corporate\Auckland\Projects\1502000\1502000.2461\IssuedDocuments\Final Report\T+T_2025_IAG-C5192262_Final Report.docx,2025-10-08
1502000,2462,1502000.2462,\\ttgroup.local\corporate\Auckland\Projects\1502000\1502000.2462\IssuedDocuments\Final Report\T+T_2025-IAG-C5197958_Final Report.docx,2025-10-16
1502000,2463,1502000.2463,\\ttgroup.local\corporate\Auckland\Projects\1502000\1502000.2463\IssuedDocuments\Final Report\T+T_2025_IAG New Zealand_C1205374 NHL_Final Report.docx,2026-01-14
1502000,2464,1502000.2464,\\ttgroup.local\corporate\Auckland\Projects\1502000\1502000.2464\IssuedDocuments\Final Report\T+T_2025-IAG-C5184213 NHL_Final Report.docx,2025-10-23
1502000,2465,1502000.2465,\\ttgroup.local\corporate\Auckland\Projects\1502000\1502000.2465\IssuedDocuments\Final Report\T+T-2025-IAG-C5209183-Final Report.docx,2025-12-11
1502000,2466,1502000.2466,\\ttgroup.local\corporate\Auckland\Projects\1502000\1502000.2466\IssuedDocuments\Final Report\T+T_2025_IAG-C1205288 NHL_Final Report.docx,2025-12-11
1502000,2467,1502000.2467,\\ttgroup.local\corporate\Auckland\Projects\1502000\1502000.2467\IssuedDocuments\Final Report\T+T_2025-IAG-8290999 NHL_Final Report.docx,2025-09-30
1502000,2468,1502000.2468,\\ttgroup.local\corporate\Auckland\Projects\1502000\1502000.2468\IssuedDocuments\Final Report V2\T+T-2023-IAG-8298498-Final Report_V2.docx,2025-12-07
1502000,2469,1502000.2469,\\ttgroup.local\corporate\Auckland\Projects\1502000\1502000.2469\IssuedDocuments\Final Report\T+T_2025_80192062 NHL_IAG_Final Report.docx,2025-12-04
1502000,2470,1502000.2470,\\ttgroup.local\corporate\Auckland\Projects\1502000\1502000.2470\IssuedDocuments\Final Report\T+T_2025-IAG-8296351 NHL_Final Report.docx,2025-12-10
1502000,2471,1502000.2471,\\ttgroup.local\corporate\Auckland\Projects\1502000\1502000.2471\IssuedDocuments\Final Report\T+T_2025-IAG-C5202646 NHL_Final Report.docx,2025-12-16
1502000,2472,1502000.2472,\\ttgroup.local\corporate\Auckland\Projects\1502000\1502000.2472\IssuedDocuments\Final Report\T+T_2025-IAG-C1208304 NHL_Final Report.docx,2025-10-27
1502000,2473,1502000.2473,\\ttgroup.local\corporate\Auckland\Projects\1502000\1502000.2473\IssuedDocuments\Final Report\T+T_2025-IAG-C5227253_ Final Report.docx,2025-12-18
1502000,2474,1502000.2474,\\ttgroup.local\corporate\Auckland\Projects\1502000\1502000.2474\IssuedDocuments\Final Report\T+T-2025-IAG-C1222460-Final Report V2.docx,2025-11-30
1502000,2475,1502000.2475,\\ttgroup.local\corporate\Auckland\Projects\1502000\1502000.2475\IssuedDocuments\Final Report\T+T_2025-IAG-C5236410_Final Report.docx,2025-12-03
1502000,2476,1502000.2476,\\ttgroup.local\corporate\Auckland\Projects\1502000\1502000.2476\IssuedDocuments\Final Report\T+T_2025-IAG-C5242362 NHL_Final Report.docx,2025-11-09
1502000,2478,1502000.2478,\\ttgroup.local\corporate\Auckland\Projects\1502000\1502000.2478\IssuedDocuments\Final Report\T+T_2025-IAG-C5248802NHL_Final Report.docx,2026-01-22
1502000,2480,1502000.2480,\\ttgroup.local\corporate\Auckland\Projects\1502000\1502000.2480\IssuedDocuments\Final Report\T+T-2025-IAG-8283876-Final Report.docx,2026-01-13
1502000,2481,1502000.2481,\\ttgroup.local\corporate\Auckland\Projects\1502000\1502000.2481\IssuedDocuments\Final Report\T+T_2025-IAG-C1213871 NHL_Final Report.docx,2025-12-18
1502000,2482,1502000.2482,\\ttgroup.local\corporate\Auckland\Projects\1502000\1502000.2482\IssuedDocuments\Final Report\T+T_2025-IAG-C5319330_Final Report.docx,2026-01-23
1502000,2483,1502000.2483,\\ttgroup.local\corporate\Auckland\Projects\1502000\1502000.2483\IssuedDocuments\Final Report\T+T_2025_IAG-C1246056NHL_Final Report.docx,2026-02-17
1502000,2484,1502000.2484,\\ttgroup.local\corporate\Auckland\Projects\1502000\1502000.2484\IssuedDocuments\Final Report\T+T-2025-IAG-C1241647-Final Report V2.docx,2026-04-19
1502000,2485,1502000.2485,\\ttgroup.local\corporate\Auckland\Projects\1502000\1502000.2485\IssuedDocuments\Final Report\T+T_2025-IAG-C5350425_Final Report.docx,2026-02-05
1502000,2486,1502000.2486,\\ttgroup.local\corporate\Auckland\Projects\1502000\1502000.2486\IssuedDocuments\Final Report\T+T_2026_IAG-C5350167_Final Report.docx,2026-02-12
1502000,2487,1502000.2487,\\ttgroup.local\corporate\Auckland\Projects\1502000\1502000.2487\IssuedDocuments\Final Report\T+T_2026-IAG-C5349703_Final Report.docx,2026-03-06
1502000,2488,1502000.2488,\\ttgroup.local\corporate\Auckland\Projects\1502000\1502000.2488\IssuedDocuments\Final Report\T+T_2026-IAG-8334160_Final Report.docx,2026-03-17
1502000,2489,1502000.2489,\\ttgroup.local\corporate\Auckland\Projects\1502000\1502000.2489\IssuedDocuments\Final Report\T+T_2026-IAG-C5359421_Final Report.docx,2026-02-27
1502000,2490,1502000.2490,\\ttgroup.local\corporate\Auckland\Projects\1502000\1502000.2490\IssuedDocuments\Final Report V2\T+T_2026-IAG-C5353624 NHL_Final Report_V2.docx,2026-06-12
1502000,2491,1502000.2491,\\ttgroup.local\corporate\Auckland\Projects\1502000\1502000.2491\IssuedDocuments\Final Report\T+T_2026-IAG-C5354197NHL_Final Report.docx,2026-04-07
1502000,2492,1502000.2492,\\ttgroup.local\corporate\Auckland\Projects\1502000\1502000.2492\IssuedDocuments\Final Report\T+T_2026-IAG-C5358074_Final Report V2.docx,2026-04-30
1502000,2493,1502000.2493,\\ttgroup.local\corporate\Auckland\Projects\1502000\1502000.2493\IssuedDocuments\Final Report\T+T_2026-IAG-C5355291_Final Report.docx,2026-03-10
1502000,2494,1502000.2494,\\ttgroup.local\corporate\Auckland\Projects\1502000\1502000.2494\IssuedDocuments\Final Report\T+T_2026-IAG-C5364039_Final Report.docx,2026-03-06
1502000,2495,1502000.2495,\\ttgroup.local\corporate\Auckland\Projects\1502000\1502000.2495\IssuedDocuments\Final Report\T+T_2025-IAG-C1257978 & C1257981_Report.docx,2026-03-18
1502000,2496,1502000.2496,\\ttgroup.local\corporate\Auckland\Projects\1502000\1502000.2496\IssuedDocuments\Final Report\T+T_2026-IAG-8336230_Final Report.docx,2026-03-18
1502000,2497,1502000.2497,\\ttgroup.local\corporate\Auckland\Projects\1502000\1502000.2497\IssuedDocuments\Final Report\T+T_2026-IAG-C5382021_Final Report.docx,2026-03-29
1502000,2498,1502000.2498,\\ttgroup.local\corporate\Auckland\Projects\1502000\1502000.2498\IssuedDocuments\Final Report\T+T_2026-IAG-C5372968_Final Report.docx,2026-03-12
1502000,2499,1502000.2499,\\ttgroup.local\corporate\Auckland\Projects\1502000\1502000.2499\IssuedDocuments\Final Report\T+T_2025-IAG-8340873_Final Report.docx,2026-04-09
1502000,2500,1502000.2500,\\ttgroup.local\corporate\Auckland\Projects\1502000\1502000.2500\IssuedDocuments\Final Report\T+T_2026_IAG-C5403946_Final Report.docx,2026-04-13
1502000,2501,1502000.2501,\\ttgroup.local\corporate\Auckland\Projects\1502000\1502000.2501\IssuedDocuments\Final Report\T+T_2026_IAG-C1266884NHL&C1267027NHB_Final Report.docx,2026-06-23
1502000,2502,1502000.2502,\\ttgroup.local\corporate\Auckland\Projects\1502000\1502000.2502\IssuedDocuments\Final Report\T+T_2026_IAG-C5397069_Final Report.docx,2026-08-21
1502000,2503,1502000.2503,\\ttgroup.local\corporate\Auckland\Projects\1502000\1502000.2503\IssuedDocuments\Final Report V2\T+T_2026_IAG-C1269722_Final Report_V2.docx,2026-06-18
1502000,2504,1502000.2504,\\ttgroup.local\corporate\Auckland\Projects\1502000\1502000.2504\IssuedDocuments\Final Report V2\T+T_2026_IAG-C5381951_Final Report V2.docx,2026-05-14
1502000,2505,1502000.2505,\\ttgroup.local\corporate\Auckland\Projects\1502000\1502000.2505\IssuedDocuments\Final Report\T+T_2026_IAG-C5414665_Final Report.docx,2026-04-22
1502000,2506,1502000.2506,\\ttgroup.local\corporate\Auckland\Projects\1502000\1502000.2506\IssuedDocuments\Final Report V4\T+T_2026-IAG-C5402941_Final Report V4.docx,2026-08-21
1502000,2507,1502000.2507,\\ttgroup.local\corporate\Auckland\Projects\1502000\1502000.2507\IssuedDocuments\Final Report\T+T_2026_IAG-C5353365 - 1502000.2507_116A Vale Street - T+T Structural Assessment Report - Final Report.docx,2026-04-22
1502000,2508,1502000.2508,\\ttgroup.local\corporate\Auckland\Projects\1502000\1502000.2508\IssuedDocuments\Final Report\T+T_2026-IAG-C5419351_Final Report.docx,2026-05-25
1502000,2509,1502000.2509,\\ttgroup.local\corporate\Auckland\Projects\1502000\1502000.2509\IssuedDocuments\Final Report V2\T+T_2025-IAG-8336448 NHL_Final Report_V2.docx,2026-05-07
1502000,2510,1502000.2510,\\ttgroup.local\corporate\Auckland\Projects\1502000\1502000.2510\IssuedDocuments\Final Report\T+T_2026-IAG-C5427951_Final Report.docx,2026-05-18
1502000,2511,1502000.2511,\\ttgroup.local\corporate\Auckland\Projects\1502000\1502000.2511\IssuedDocuments\Final Report\T+T_2025_IAG-C5422364_Final Report.docx,2026-05-21
1502000,2512,1502000.2512,\\ttgroup.local\corporate\Auckland\Projects\1502000\1502000.2512\IssuedDocuments\Final Report\T+T-2026-IAG-8352252-Final Report.docx,2026-05-25
1502000,2513,1502000.2513,\\ttgroup.local\corporate\Auckland\Projects\1502000\1502000.2513\IssuedDocuments\Final Report\T+T_2026_IAG-C5448458NHL_Final Report.docx,2026-05-25
1502000,2514,1502000.2514,\\ttgroup.local\corporate\Auckland\Projects\1502000\1502000.2514\IssuedDocuments\Final Report V2\T+T_2026-IAG-C5431165_Final Report_V2.docx,2026-06-16
1502000,2515,1502000.2515,\\ttgroup.local\corporate\Auckland\Projects\1502000\1502000.2515\IssuedDocuments\Final Report\T+T_2026-IAG-C5431322_Final Report.docx,2026-05-20
1502000,2516,1502000.2516,\\ttgroup.local\corporate\Auckland\Projects\1502000\1502000.2516\IssuedDocuments\Final Report\T+T_2026_IAG-C5440722NHL_Final Report.docx,2026-07-21
1502000,2517,1502000.2517,\\ttgroup.local\corporate\Auckland\Projects\1502000\1502000.2517\IssuedDocuments\Final Report\T+T_2026-IAG-C5433083_Final Report.docx,2026-05-07
1502000,2518,1502000.2518,\\ttgroup.local\corporate\Auckland\Projects\1502000\1502000.2518\IssuedDocuments\Final Report\T+T_2026-IAG-C5454463_Final Report.docx,2026-06-04
1502000,2519,1502000.2519,\\ttgroup.local\corporate\Auckland\Projects\1502000\1502000.2519\IssuedDocuments\Final Report\T+T_2026_IAG-C1282732_Final Report.docx,2026-05-18
1502000,2520,1502000.2520,\\ttgroup.local\corporate\Auckland\Projects\1502000\1502000.2520\IssuedDocuments\Final Report\T+T_2026-IAG-8353517_Final Report.docx,2026-05-08
1502000,2521,1502000.2521,\\ttgroup.local\corporate\Auckland\Projects\1502000\1502000.2521\IssuedDocuments\Final Report\T+T_2026_IAG-C5444609_Final Report.docx,2026-06-30
1502000,2522,1502000.2522,\\ttgroup.local\corporate\Auckland\Projects\1502000\1502000.2522\IssuedDocuments\Final Report\T+T_2026_IAG-C5444854_Final Report.docx,2026-07-22
1502000,2523,1502000.2523,\\ttgroup.local\corporate\Auckland\Projects\1502000\1502000.2523\IssuedDocuments\Final Report\T+T_2026-IAG-8355216_Final Report.docx,2026-07-09
1502000,2524,1502000.2524,\\ttgroup.local\corporate\Auckland\Projects\1502000\1502000.2524\IssuedDocuments\Final Report V2\T+T_2026_IAG-C5455379_Final Report V2.docx,2026-07-01
1502000,2525,1502000.2525,\\ttgroup.local\corporate\Auckland\Projects\1502000\1502000.2525\IssuedDocuments\Final Report\T+T_2026_IAG-8353939_Final Report.docx,2026-07-08
1502000,2526,1502000.2526,\\ttgroup.local\corporate\Auckland\Projects\1502000\1502000.2526\IssuedDocuments\Final Report\T+T_2026_IAG-C5449683_Final Report.docx,2026-05-28
1502000,2527,1502000.2527,\\ttgroup.local\corporate\Auckland\Projects\1502000\1502000.2527\IssuedDocuments\Final Report V2\T+T_2026_IAG-C5452938_Final Report V2.docx,2026-07-06
1502000,2528,1502000.2528,\\ttgroup.local\corporate\Auckland\Projects\1502000\1502000.2528\IssuedDocuments\Final Report V3\T+T_2026_IAG-C5444634_Final Report V3.docx,2026-09-16
1502000,2529,1502000.2529,\\ttgroup.local\corporate\Auckland\Projects\1502000\1502000.2529\IssuedDocuments\Final Report\T+T_2026_IAG-C5444375_Final Report.docx,2026-06-04
1502000,2530,1502000.2530,\\ttgroup.local\corporate\Auckland\Projects\1502000\1502000.2530\IssuedDocuments\Final Report\Final Report V2\T+T_2026_IAG-C5454175_Final Report V2.docx,2026-06-16
1502000,2531,1502000.2531,\\ttgroup.local\corporate\Auckland\Projects\1502000\1502000.2531\IssuedDocuments\Final Report\T+T_2026_IAG-8356885_Final report.docx,2026-06-02
1502000,2532,1502000.2532,\\ttgroup.local\corporate\Auckland\Projects\1502000\1502000.2532\IssuedDocuments\Final Report\T+T_2026_IAG-C5455641_Final Report.docx,2026-06-14
1502000,2533,1502000.2533,\\ttgroup.local\corporate\Auckland\Projects\1502000\1502000.2533\IssuedDocuments\Final Report\T+T_2025-IAG-C5460251_Final Report.docx,2026-05-28
1502000,2534,1502000.2534,\\ttgroup.local\corporate\Auckland\Projects\1502000\1502000.2534\IssuedDocuments\Final Report\T+T_2026_IAG-C5454879_Final Report.docx,2026-06-11
1502000,2535,1502000.2535,\\ttgroup.local\corporate\Auckland\Projects\1502000\1502000.2535\IssuedDocuments\Final Report V2\T+T_2026_IAG-C5462309_Final Report V2.docx,2026-05-25
1502000,2536,1502000.2536,\\ttgroup.local\corporate\Auckland\Projects\1502000\1502000.2536\IssuedDocuments\Final Report V2\T+T_2026_IAG-C5443832_Final Report V2.docx,2026-08-27
1502000,2537,1502000.2537,\\ttgroup.local\corporate\Auckland\Projects\1502000\1502000.2537\IssuedDocuments\Final Report\T+T_2026-IAG-C5455235_Final Report.docx,2026-06-10
1502000,2538,1502000.2538,\\ttgroup.local\corporate\Auckland\Projects\1502000\1502000.2538\IssuedDocuments\Final Report\T+T_2026_IAG-C5461050NHL & C5461805NHB_Final Report.docx,2026-07-20
1502000,2539,1502000.2539,\\ttgroup.local\corporate\Auckland\Projects\1502000\1502000.2539\IssuedDocuments\Final Report\T+T_2024-IAG-C1132757_Final Report.docx,2025-02-27
1502000,2540,1502000.2540,\\ttgroup.local\corporate\Auckland\Projects\1502000\1502000.2540\IssuedDocuments\Final Report\T+T_2024-IAG-C4919038_Final Report.docx,2025-03-27
1502000,2541,1502000.2541,\\ttgroup.local\corporate\Auckland\Projects\1502000\1502000.2541\IssuedDocuments\Final Report - additional request\T+T_2024_IAG-8253081_Report.docx,2025-05-20
1502000,2542,1502000.2542,\\ttgroup.local\corporate\Auckland\Projects\1502000\1502000.2542\IssuedDocuments\Additional request 20250512\Final Report\T+T_2025_IAG-C5053274_Additional Request_Final Report.docx,2025-05-14
1502000,2543,1502000.2543,\\ttgroup.local\corporate\Auckland\Projects\1502000\1502000.2543\IssuedDocuments\Final Report\T+T-2024-IAG-C5050919-Final Report.docx,2025-04-28
1502000,2544,1502000.2544,\\ttgroup.local\corporate\Auckland\Projects\1502000\1502000.2544\IssuedDocuments\Final Report\T+T-2023-IAG-C1159935-Final Report.docx,2025-05-13
1502000,2546,1502000.2546,\\ttgroup.local\corporate\Auckland\Projects\1502000\1502000.2546\IssuedDocuments\Final Report\T+T_2025-IAG-C5093433_Final Report.docx,2025-05-26
1502000,2547,1502000.2547,\\ttgroup.local\corporate\Auckland\Projects\1502000\1502000.2547\IssuedDocuments\Final Report\T+T_2025-IAG-C5112213_Final Report.docx,2025-06-18
1502000,2548,1502000.2548,\\ttgroup.local\corporate\Auckland\Projects\1502000\1502000.2548\IssuedDocuments\Final Report\T+T_2025_IAG-C5121987_Report.docx,2025-06-25
1502000,2549,1502000.2549,\\ttgroup.local\corporate\Auckland\Projects\1502000\1502000.2549\IssuedDocuments\Final Report\T+T-2025-IAG-C5139998-Final Report.docx,2025-07-04
1502000,2550,1502000.2550,\\ttgroup.local\corporate\Auckland\Projects\1502000\1502000.2550\IssuedDocuments\Final Report\T+T_2025-IAG-8279549_Final Report.docx,2025-07-02
1502000,2551,1502000.2551,\\ttgroup.local\corporate\Auckland\Projects\1502000\1502000.2551\IssuedDocuments\Final Report\T+T_2025_IAG-C5147930_Final Report.docx,2025-07-22
1502000,2552,1502000.2552,\\ttgroup.local\corporate\Auckland\Projects\1502000\1502000.2552\IssuedDocuments\Final Report V2\T+T_2025_IAG-C5133938_Final Report v2.docx,2025-09-14
1502000,2553,1502000.2553,\\ttgroup.local\corporate\Auckland\Projects\1502000\1502000.2553\IssuedDocuments\Final Report\T+T_2025-IAG-C5154466_Final Report.docx,2025-08-19
1502000,2554,1502000.2554,\\ttgroup.local\corporate\Auckland\Projects\1502000\1502000.2554\IssuedDocuments\Final Report\T+T_2025-IAG-C5150612_Report.docx,2026-02-27
1502000,2555,1502000.2555,\\ttgroup.local\corporate\Auckland\Projects\1502000\1502000.2555\IssuedDocuments\Final Report V2\T+T_2023-IAG-C5149551_Final Report-V2.docx,2025-10-03
1502000,2556,1502000.2556,\\ttgroup.local\corporate\Auckland\Projects\1502000\1502000.2556\IssuedDocuments\Final Report\T+T_2025-IAG-C5153504 L_Final Report.docx,2025-08-11
1502000,2557,1502000.2557,\\ttgroup.local\corporate\Auckland\Projects\1502000\1502000.2557\IssuedDocuments\Final Report\T+T_2025_IAG-8283314_Report.docx,2025-09-08
1502000,2558,1502000.2558,\\ttgroup.local\corporate\Auckland\Projects\1502000\1502000.2558\IssuedDocuments\Final Report\T+T_2025_IAG-C5160255_Final Report.docx,2025-08-26
1502000,2559,1502000.2559,\\ttgroup.local\corporate\Auckland\Projects\1502000\1502000.2559\IssuedDocuments\Final Report V1\T+T-2025-IAG-C5154173-Final Report v1.docx,2025-09-24
1502000,2560,1502000.2560,\\ttgroup.local\corporate\Auckland\Projects\1502000\1502000.2560\IssuedDocuments\Final Report\Final Report  V2\T+T_2025-IAG-C5150706_Final Report_V2.docx,2025-09-11
1502000,2561,1502000.2561,\\ttgroup.local\corporate\Auckland\Projects\1502000\1502000.2561\IssuedDocuments\Final Report\T+T_2025-IAG-C5191332_Report.docx,2025-11-14
1502000,2562,1502000.2562,\\ttgroup.local\corporate\Auckland\Projects\1502000\1502000.2562\IssuedDocuments\Final Report V2\T+T_2025_IAG-C8283110_Final Report_v2.docx,2025-09-28
1502000,2563,1502000.2563,\\ttgroup.local\corporate\Auckland\Projects\1502000\1502000.2563\IssuedDocuments\Final Report\T+T-2025_IAG-8288456_Final Report.docx,2025-08-26
1502000,2564,1502000.2564,\\ttgroup.local\corporate\Auckland\Projects\1502000\1502000.2564\IssuedDocuments\Final Report\T+T_2025_IAG-C5169054_Final Report.docx,2025-08-26
1502000,2565,1502000.2565,\\ttgroup.local\corporate\Auckland\Projects\1502000\1502000.2565\IssuedDocuments\Final Report\T+T_2025_IAG-C5166827_Final Report.docx,2025-08-28
1502000,2566,1502000.2566,\\ttgroup.local\corporate\Auckland\Projects\1502000\1502000.2566\IssuedDocuments\Final Report\T+T-2025-IAG-C5169302-Final Report.docx,2025-08-05
1502000,2567,1502000.2567,\\ttgroup.local\corporate\Auckland\Projects\1502000\1502000.2567\IssuedDocuments\Final Report\T+T_2025-IAG-C5166459_Report.docx,2025-07-31
1502000,2568,1502000.2568,\\ttgroup.local\corporate\Auckland\Projects\1502000\1502000.2568\IssuedDocuments\Final Report\T+T_2025-IAG-C5175013_Final Report.docx,2025-08-28
1502000,2569,1502000.2569,\\ttgroup.local\corporate\Auckland\Projects\1502000\1502000.2569\IssuedDocuments\Final Report\T+T_2025-IAG-C1195055_Report V3 - Copy.docx,2025-09-10
1502000,2570,1502000.2570,\\ttgroup.local\corporate\Auckland\Projects\1502000\1502000.2570\IssuedDocuments\Final Report\T+T_2025-IAG-C5173800_Final Report.docx,2025-10-09
1502000,2572,1502000.2572,\\ttgroup.local\corporate\Auckland\Projects\1502000\1502000.2572\IssuedDocuments\Final Report V2\T+T_2025-IAG-C5184544_Final report v2.docx,2025-09-12
1502000,2573,1502000.2573,\\ttgroup.local\corporate\Auckland\Projects\1502000\1502000.2573\IssuedDocuments\Final Report\T+T_2025-IAG-C5165909 NHL_Report.docx,2025-09-09
1502000,2574,1502000.2574,\\ttgroup.local\corporate\Auckland\Projects\1502000\1502000.2574\IssuedDocuments\Final Report V2\T+T_2025_IAG-C1190590 NHL_Final Report V2.docx,2025-09-26
1502000,2575,1502000.2575,\\ttgroup.local\corporate\Auckland\Projects\1502000\1502000.2575\IssuedDocuments\Final Report\T+T_2025-IAG-C5178850_Final Report.docx,2025-08-15
1502000,2576,1502000.2576,\\ttgroup.local\corporate\Auckland\Projects\1502000\1502000.2576\IssuedDocuments\Final Report\T+T_2025-IAG-8290912_Final Report.docx,2025-09-10
1502000,2577,1502000.2577,\\ttgroup.local\corporate\Auckland\Projects\1502000\1502000.2577\IssuedDocuments\Final Report\T+T_2025_IAG-C5163787 NHL_Final Report.docx,2025-11-09
1502000,2578,1502000.2578,\\ttgroup.local\corporate\Auckland\Projects\1502000\1502000.2578\IssuedDocuments\Final Report\T+T_2025-IAG-C1203170_Final Report.docx,2025-08-18
1502000,2579,1502000.2579,\\ttgroup.local\corporate\Auckland\Projects\1502000\1502000.2579\IssuedDocuments\Final Report\T+T_2025-IAG-C1202720_Final Report.docx,2025-08-19
1502000,2580,1502000.2580,\\ttgroup.local\corporate\Auckland\Projects\1502000\1502000.2580\IssuedDocuments\Final Report\T+T_2025-IAG-C1198474_Report.docx,2025-08-29
1502000,2581,1502000.2581,\\ttgroup.local\corporate\Auckland\Projects\1502000\1502000.2581\IssuedDocuments\Final Report\T+T_2025-IAG-C5179568_Report.docx,2025-09-05
1502000,2582,1502000.2582,\\ttgroup.local\corporate\Auckland\Projects\1502000\1502000.2582\IssuedDocuments\Final Report\T+T_2025-IAG-C5172444_Final Report.docx,2025-09-15
1502000,2583,1502000.2583,\\ttgroup.local\corporate\Auckland\Projects\1502000\1502000.2583\IssuedDocuments\Final Report\T+T_2025-IAG-C5183323_Report.docx,2025-09-10
1502000,2584,1502000.2584,\\ttgroup.local\corporate\Auckland\Projects\1502000\1502000.2584\IssuedDocuments\Final Report V4\T+T_2025-IAG-C5180783 NHL_Final Report_V4.docx,2025-12-15
1502000,2585,1502000.2585,\\ttgroup.local\corporate\Auckland\Projects\1502000\1502000.2585\IssuedDocuments\Final Report\T+T_2025-IAG-C5179635_Report.docx,2025-08-21
1502000,2586,1502000.2586,\\ttgroup.local\corporate\Auckland\Projects\1502000\1502000.2586\IssuedDocuments\Final Report\T+T_2025-IAG-C1203321_Report.docx,2025-08-25
1502000,2587,1502000.2587,\\ttgroup.local\corporate\Auckland\Projects\1502000\1502000.2587\IssuedDocuments\Final Report\T+T-2025-IAG-C1200675 NHL_Final Report.docx,2025-09-10
1502000,2588,1502000.2588,\\ttgroup.local\corporate\Auckland\Projects\1502000\1502000.2588\IssuedDocuments\Extra request\Final Report\T+T_2025_IAG-C1204023_Extra request_Final Report.docx,2025-11-13
1502000,2589,1502000.2589,\\ttgroup.local\corporate\Auckland\Projects\1502000\1502000.2589\IssuedDocuments\Final Report V3\T+T_2025-IAG-C5188040_Final Report_V3.docx,2026-02-11
1502000,2590,1502000.2590,\\ttgroup.local\corporate\Auckland\Projects\1502000\1502000.2590\IssuedDocuments\Final Report V2\T+T_2024-IAG-C4955130_Final Report v2.docx,2025-10-31
1502000,2591,1502000.2591,\\ttgroup.local\corporate\Auckland\Projects\1502000\1502000.2591\IssuedDocuments\Final Report\T+T-2025-IAG-C1201968_Final Report.docx,2025-09-21
1502000,2592,1502000.2592,\\ttgroup.local\corporate\Auckland\Projects\1502000\1502000.2592\IssuedDocuments\Final Report\T+T-2025-IAG-8296039-Final Report.docx,2025-10-05
1502000,2593,1502000.2593,\\ttgroup.local\corporate\Auckland\Projects\1502000\1502000.2593\IssuedDocuments\Final Report\T+T_2025-IAG-C5212918_Final Report.docx,2025-10-05
1502000,2594,1502000.2594,\\ttgroup.local\corporate\Auckland\Projects\1502000\1502000.2594\IssuedDocuments\Final Report V1\T+T_2025-IAG-8294558_Report.v1.docx,2025-10-10
1502000,2595,1502000.2595,\\ttgroup.local\corporate\Auckland\Projects\1502000\1502000.2595\IssuedDocuments\Final Report\T+T-2025-IAG-C5209947_Final Report.docx,2025-10-10
1502000,2596,1502000.2596,\\ttgroup.local\corporate\Auckland\Projects\1502000\1502000.2596\IssuedDocuments\Final Report\T+T_2025-IAG-C5215388_Final Report.docx,2025-09-24
1502000,2597,1502000.2597,\\ttgroup.local\corporate\Auckland\Projects\1502000\1502000.2597\IssuedDocuments\Final Report\T+T_2025_IAG-C5192501_Report.docx,2025-10-06
1502000,2598,1502000.2598,\\ttgroup.local\corporate\Auckland\Projects\1502000\1502000.2598\IssuedDocuments\Final Report V1\T+T_2025_IAG-C5212170 NHL_Final Report_V1.docx,2025-12-16
1502000,2599,1502000.2599,\\ttgroup.local\corporate\Auckland\Projects\1502000\1502000.2599\IssuedDocuments\Final Report\T+T-2025-IAG-C5192393 NHL-Final Report.docx,2025-11-07
1502000,2600,1502000.2600,\\ttgroup.local\corporate\Auckland\Projects\1502000\1502000.2600\IssuedDocuments\Final Report\T+T_2025_IAG-C5205671 NHL_Final Report.docx,2025-10-07
1502000,2601,1502000.2601,\\ttgroup.local\corporate\Auckland\Projects\1502000\1502000.2601\IssuedDocuments\Final Report\T+T-2025-IAG-C5210129-Final Report.docx,2025-12-02
1502000,2602,1502000.2602,\\ttgroup.local\corporate\Auckland\Projects\1502000\1502000.2602\IssuedDocuments\Final Report V2\T+T_2025-IAG-C5205620_Final Report.Rev2.docx,2026-04-21
1502000,2603,1502000.2603,\\ttgroup.local\corporate\Auckland\Projects\1502000\1502000.2603\IssuedDocuments\Final Report\T+T_2025_IAG-C5192349_Report.docx,2025-10-23
1502000,2604,1502000.2604,\\ttgroup.local\corporate\Auckland\Projects\1502000\1502000.2604\IssuedDocuments\Final Report\T+T_2025-IAG-C5206315 NHL_Report.docx,2025-11-07
1502000,2606,1502000.2606,\\ttgroup.local\corporate\Auckland\Projects\1502000\1502000.2606\IssuedDocuments\Final Report\T+T_2025_IAG-C1211008_Report.docx,2025-11-24
1502000,2607,1502000.2607,\\ttgroup.local\corporate\Auckland\Projects\1502000\1502000.2607\IssuedDocuments\Final Report\T+T_2025-AA-P043061578 L_Report.docx,2025-11-14
1502000,2608,1502000.2608,\\ttgroup.local\corporate\Auckland\Projects\1502000\1502000.2608\IssuedDocuments\Final Report\T+T-2025-IAG-C5227079-Final Report.docx,2026-02-03
1502000,2609,1502000.2609,\\ttgroup.local\corporate\Auckland\Projects\1502000\1502000.2609\IssuedDocuments\Final Report\T+T_2025_IAG-C1209345_Final Report.docx,2025-12-14
1502000,2610,1502000.2610,\\ttgroup.local\corporate\Auckland\Projects\1502000\1502000.2610\IssuedDocuments\Final Report\T+T_2025_IAG-C5240383 NHL_Final Report.docx,2026-01-21
1502000,2611,1502000.2611,\\ttgroup.local\corporate\Auckland\Projects\1502000\1502000.2611\IssuedDocuments\Final Report v4\T+T_2025_IAG-CC5247559_Final Report_V4.docx,2026-07-06
1502000,2612,1502000.2612,\\ttgroup.local\corporate\Auckland\Projects\1502000\1502000.2612\IssuedDocuments\Final Report\T+T_2025-IAG-C1220690 NHL_Final Report.docx,2026-02-09
1502000,2613,1502000.2613,\\ttgroup.local\corporate\Auckland\Projects\1502000\1502000.2613\IssuedDocuments\Final Report\T+T_2025-IAG-C5245916_Final Report.docx,2025-11-14
1502000,2614,1502000.2614,\\ttgroup.local\corporate\Auckland\Projects\1502000\1502000.2614\IssuedDocuments\Final Report V2\T+T_2025_IAG-C5252322_Final Report_V2.docx,2026-07-08
1502000,2615,1502000.2615,\\ttgroup.local\corporate\Auckland\Projects\1502000\1502000.2615\IssuedDocuments\Final Report\T+T_2025_IAG-C5253198NHL_Final Report.docx,2026-01-12
1502000,2616,1502000.2616,\\ttgroup.local\corporate\Auckland\Projects\1502000\1502000.2616\IssuedDocuments\Final Report\T+T_2025_IAG-C1238796 NHL _Final Report.docx,2025-12-14
1502000,2617,1502000.2617,\\ttgroup.local\corporate\Auckland\Projects\1502000\1502000.2617\IssuedDocuments\Final Report\T+T_2025_IAG-C5252921NHL_Final Report.docx,2026-01-28
1502000,2618,1502000.2618,\\ttgroup.local\corporate\Auckland\Projects\1502000\1502000.2618\IssuedDocuments\Extra request\Final Report\T+T_2025_IAG-C5261652NHL_Report.docx,2025-12-16
1502000,2619,1502000.2619,\\ttgroup.local\corporate\Auckland\Projects\1502000\1502000.2619\IssuedDocuments\Final Report\T+T_2025_IAG-C5262908 NHL_Final Report.docx,2025-12-17
1502000,2620,1502000.2620,\\ttgroup.local\corporate\Auckland\Projects\1502000\1502000.2620\IssuedDocuments\Final Report\T+T_2025_IAG-C5269379_Final Report.docx,2025-12-01
1502000,2621,1502000.2621,\\ttgroup.local\corporate\Auckland\Projects\1502000\1502000.2621\IssuedDocuments\Final Report\T+T_2025_IAG-C1233123 NHL_Final Report.docx,2026-01-27
1502000,2622,1502000.2622,\\ttgroup.local\corporate\Auckland\Projects\1502000\1502000.2622\IssuedDocuments\Final Report\T+T_2025_IAG-C5288564 _Final Report.docx,2025-12-10
1502000,2623,1502000.2623,\\ttgroup.local\corporate\Auckland\Projects\1502000\1502000.2623\IssuedDocuments\Final Report\T+T_2025_IAG-C5288178 NHL_Final Report.docx,2026-02-12
1502000,2624,1502000.2624,\\ttgroup.local\corporate\Auckland\Projects\1502000\1502000.2624\IssuedDocuments\Final Report\T+T_2025_IAG-C5292544_Final Report.docx,2025-12-18
1502000,2625,1502000.2625,\\ttgroup.local\corporate\Auckland\Projects\1502000\1502000.2625\IssuedDocuments\Final Report\T+T_2025_IAG-C5298819_Final Report.docx,2026-03-26
1502000,2626,1502000.2626,\\ttgroup.local\corporate\Auckland\Projects\1502000\1502000.2626\IssuedDocuments\Final Report V2\T+T_2025_IAG-8312142NHL_Report_V2.docx,2026-03-09
1502000,2627,1502000.2627,\\ttgroup.local\corporate\Auckland\Projects\1502000\1502000.2627\IssuedDocuments\Final Report\T+T_2025_IAG-C5297099_Final Report.docx,2025-12-18
1502000,2628,1502000.2628,\\ttgroup.local\corporate\Auckland\Projects\1502000\1502000.2628\IssuedDocuments\Final Report\T+T_2025-IAG-C5312103_Final Report V2.docx,2026-04-28
1502000,2629,1502000.2629,\\ttgroup.local\corporate\Auckland\Projects\1502000\1502000.2629\IssuedDocuments\Final Report\T+T_2025-IAG-C5291447_Final Report.docx,2026-04-17
1502000,2630,1502000.2630,\\ttgroup.local\corporate\Auckland\Projects\1502000\1502000.2630\IssuedDocuments\Final Report\T+T_2025_IAG-C5296451_Final Report.docx,2026-01-26
1502000,2631,1502000.2631,\\ttgroup.local\corporate\Auckland\Projects\1502000\1502000.2631\IssuedDocuments\Final Report\T+T_2025-IAG-C5319572NHL_Final Report.docx,2026-01-28
1502000,2632,1502000.2632,\\ttgroup.local\corporate\Auckland\Projects\1502000\1502000.2632\IssuedDocuments\Final Report\T+T_2026-_IAG-C5338058 NHL_Final Report.docx,2026-02-18
1502000,2633,1502000.2633,\\ttgroup.local\corporate\Auckland\Projects\1502000\1502000.2633\IssuedDocuments\Final Report\T+T_2026_IAG_C5353644 Final Report.docx,2026-02-23
1502000,2634,1502000.2634,\\ttgroup.local\corporate\Auckland\Projects\1502000\1502000.2634\IssuedDocuments\Final Report\Final Report - Geotechnical\T+T_2026_IAG_C5354257_Final Report_Geotechnical_V2.docx,2026-05-13
1502000,2635,1502000.2635,\\ttgroup.local\corporate\Auckland\Projects\1502000\1502000.2635\IssuedDocuments\Final Report V3\T+T_2026_IAG-C1254131 NHL_Final Report_V3.docx,2026-07-09
1502000,2636,1502000.2636,\\ttgroup.local\corporate\Auckland\Projects\1502000\1502000.2636\IssuedDocuments\Final Report\T+T_2026_IAG-C5355521 NHL_Final Report.docx,2026-03-18
1502000,2637,1502000.2637,\\ttgroup.local\corporate\Auckland\Projects\1502000\1502000.2637\IssuedDocuments\Final Report\T+T_2026-IAG-C1255163 NHL_Final Report__Geotechnical Assessment.docx,2026-07-07
1502000,2638,1502000.2638,\\ttgroup.local\corporate\Auckland\Projects\1502000\1502000.2638\IssuedDocuments\Final Report V2\T+T_2026-IAG-C5353714 NHL_Final Report V2.docx,2026-05-01
1502000,2639,1502000.2639,\\ttgroup.local\corporate\Auckland\Projects\1502000\1502000.2639\IssuedDocuments\Final Report\T+T_2026_IAG-C1254118_Final Report.docx,2026-02-25
1502000,2640,1502000.2640,\\ttgroup.local\corporate\Auckland\Projects\1502000\1502000.2640\IssuedDocuments\Final Report\T+T_2026-IAG-C1254283_Report.docx,2026-02-27
1502000,2641,1502000.2641,\\ttgroup.local\corporate\Auckland\Projects\1502000\1502000.2641\IssuedDocuments\Final Report\T+T_2026_IAG-C1256004_Final Report.docx,2026-02-25
1502000,2642,1502000.2642,\\ttgroup.local\corporate\Auckland\Projects\1502000\1502000.2642\IssuedDocuments\Final Report\T+T_2026_IAG-C1254009_Final Report.docx,2026-02-17
1502000,2643,1502000.2643,\\ttgroup.local\corporate\Auckland\Projects\1502000\1502000.2643\IssuedDocuments\Final Report_v2\T+T_2026-IAG-C5357304_Final Report V2.docx,2026-02-25
1502000,2644,1502000.2644,\\ttgroup.local\corporate\Auckland\Projects\1502000\1502000.2644\IssuedDocuments\Final Report\T+T_2026-IAG-C5357454_Report.docx,2026-03-05
1502000,2645,1502000.2645,\\ttgroup.local\corporate\Auckland\Projects\1502000\1502000.2645\IssuedDocuments\Final Report\T+T_2026_IAG-8334787 NHL _Final Report.docx,2026-03-02
1502000,2646,1502000.2646,\\ttgroup.local\corporate\Auckland\Projects\1502000\1502000.2646\IssuedDocuments\Final Report\T+T_2026-IAG-C1254960_Report.docx,2026-03-03
1502000,2647,1502000.2647,\\ttgroup.local\corporate\Auckland\Projects\1502000\1502000.2647\IssuedDocuments\Final Report V2\T+T_2026_IAG-C5353772 NHL_Final Report_V2docx.docx,2026-07-06
1502000,2648,1502000.2648,\\ttgroup.local\corporate\Auckland\Projects\1502000\1502000.2648\IssuedDocuments\Final Report\T+T-2026-IAG-C5354210-Final Report.docx,2026-02-24
1502000,2649,1502000.2649,\\ttgroup.local\corporate\Auckland\Projects\1502000\1502000.2649\IssuedDocuments\Final Report\T+T_2026_IAG-C5355300_Final Report.docx,2026-02-18
1502000,2650,1502000.2650,\\ttgroup.local\corporate\Auckland\Projects\1502000\1502000.2650\IssuedDocuments\Final Report V2\T+T_2026_IAG-C1249307 NHL_Final Report_V2.docx,2026-08-27
1502000,2651,1502000.2651,\\ttgroup.local\corporate\Auckland\Projects\1502000\1502000.2651\IssuedDocuments\Final Report V2\T+T_2026_IAG-C5353811_Final Report_V2.docx,2026-09-07
1502000,2652,1502000.2652,\\ttgroup.local\corporate\Auckland\Projects\1502000\1502000.2652\IssuedDocuments\Final Report\T+T_2026_IAG-8334989_Final Report.docx,2026-02-20
1502000,2653,1502000.2653,\\ttgroup.local\corporate\Auckland\Projects\1502000\1502000.2653\IssuedDocuments\Final Report\T+T_2026_IAG-C1255298_Report.docx,2026-03-09
1502000,2654,1502000.2654,\\ttgroup.local\corporate\Auckland\Projects\1502000\1502000.2654\IssuedDocuments\Final Report V2\T+T_2026_IAG-C5359588_Final Report_v2.docx,2026-03-25
1502000,2655,1502000.2655,\\ttgroup.local\corporate\Auckland\Projects\1502000\1502000.2655\IssuedDocuments\Final Report V2\T+T_2026-IAG-C1256264_Final Report v2.docx,2026-04-08
1502000,2656,1502000.2656,\\ttgroup.local\corporate\Auckland\Projects\1502000\1502000.2656\IssuedDocuments\Final Report\T+T_2026-IAG-C5357843_Report.docx,2026-03-02
1502000,2657,1502000.2657,\\ttgroup.local\corporate\Auckland\Projects\1502000\1502000.2657\IssuedDocuments\Final Report\T+T_2026-IAG-C5359310_Final Report.docx,2026-03-03
1502000,2658,1502000.2658,\\ttgroup.local\corporate\Auckland\Projects\1502000\1502000.2658\IssuedDocuments\Final Report\T+T_2026-IAG-C5358888_Final Report.docx,2026-02-25
1502000,2659,1502000.2659,\\ttgroup.local\corporate\Auckland\Projects\1502000\1502000.2659\IssuedDocuments\Final Report\T+T_2026-IAG-C5353655_Final Report.docx,2026-03-05
1502000,2660,1502000.2660,\\ttgroup.local\corporate\Auckland\Projects\1502000\1502000.2660\IssuedDocuments\Final Report\T+T_2026_IAG-C1258805_Final Report_Structural Assessment.docx,2026-07-07
1502000,2661,1502000.2661,\\ttgroup.local\corporate\Auckland\Projects\1502000\1502000.2661\IssuedDocuments\Final Report\T+T_2026-IAG-C1255890_Final Report.docx,2026-03-24
1502000,2662,1502000.2662,\\ttgroup.local\corporate\Auckland\Projects\1502000\1502000.2662\IssuedDocuments\Final Report V2\T+T_2026_IAG-C5354067 NHL_Final Report_V2.docx,2026-04-06
1502000,2663,1502000.2663,\\ttgroup.local\corporate\Auckland\Projects\1502000\1502000.2663\IssuedDocuments\Final Report\T+T_2026-IAG-C1255670 & C1255937_Report.docx,2026-03-05
1502000,2664,1502000.2664,\\ttgroup.local\corporate\Auckland\Projects\1502000\1502000.2664\IssuedDocuments\Final Report\T+T_2026-IAG-C1257438_Final Report.docx,2026-03-17
1502000,2665,1502000.2665,\\ttgroup.local\corporate\Auckland\Projects\1502000\1502000.2665\IssuedDocuments\Final Report\T+T_2026_IAG-C5359937_Final Report.docx,2026-04-02
1502000,2666,1502000.2666,\\ttgroup.local\corporate\Auckland\Projects\1502000\1502000.2666\IssuedDocuments\Final Report\T+T_2026-IAG-C1257150 _Report.docx,2026-03-02
1502000,2667,1502000.2667,\\ttgroup.local\corporate\Auckland\Projects\1502000\1502000.2667\IssuedDocuments\Final Report\T+T_2026-IAG-C5358645 _Final Report V2.docx,2026-05-12
1502000,2668,1502000.2668,\\ttgroup.local\corporate\Auckland\Projects\1502000\1502000.2668\IssuedDocuments\Final Report\T+T_2026_IAG-C1257163_Final Report.docx,2026-03-04
1502000,2669,1502000.2669,\\ttgroup.local\corporate\Auckland\Projects\1502000\1502000.2669\IssuedDocuments\Final Report\T+T_2026-IAG-C5354225_Final Report.docx,2026-03-15
1502000,2670,1502000.2670,\\ttgroup.local\corporate\Auckland\Projects\1502000\1502000.2670\IssuedDocuments\Final Report\T+T_2026-IAG-C1254605_Final Report.docx,2026-04-01
1502000,2671,1502000.2671,\\ttgroup.local\corporate\Auckland\Projects\1502000\1502000.2671\IssuedDocuments\Final Report\T+T_2026-IAG-C1254961_Final Report.docx,2026-03-15
1502000,2672,1502000.2672,\\ttgroup.local\corporate\Auckland\Projects\1502000\1502000.2672\IssuedDocuments\Final Report\T+T_2026-IAG-8334875_Final Report.docx,2026-03-24
1502000,2673,1502000.2673,\\ttgroup.local\corporate\Auckland\Projects\1502000\1502000.2673\IssuedDocuments\Final Report\T+T_2026-IAG-C5364946_Final Report.docx,2026-03-16
1502000,2674,1502000.2674,\\ttgroup.local\corporate\Auckland\Projects\1502000\1502000.2674\IssuedDocuments\Final Report\T+T_2026-IAG-C5357272_Final Report.docx,2026-03-31
1502000,2675,1502000.2675,\\ttgroup.local\corporate\Auckland\Projects\1502000\1502000.2675\IssuedDocuments\Final Report\T+T_2026-IAG-C5362028_Final Report V2.docx,2026-04-28
1502000,2676,1502000.2676,\\ttgroup.local\corporate\Auckland\Projects\1502000\1502000.2676\IssuedDocuments\Final Report v4\T+T_2026-IAG-C1258655_Final Report V4.docx,2026-06-02
1502000,2677,1502000.2677,\\ttgroup.local\corporate\Auckland\Projects\1502000\1502000.2677\IssuedDocuments\Final Report\T+T_2026_IAG-C1255570 NHL_Final Report.docx,2026-04-14
1502000,2678,1502000.2678,\\ttgroup.local\corporate\Auckland\Projects\1502000\1502000.2678\IssuedDocuments\Final Report\T+T_2026-IAG-C5353592 NHL_Final Report V3.docx,2026-06-01
1502000,2679,1502000.2679,"\\ttgroup.local\corporate\Auckland\Projects\1502000\1502000.2679\IssuedDocuments\Final Report\T+T_2026_IAG-C5353973 NHL_ 548D Waihi Whangamata Road, Waihi_Final Report - Sedgwick po 80208800.docx",2026-04-15
1502000,2680,1502000.2680,\\ttgroup.local\corporate\Auckland\Projects\1502000\1502000.2680\IssuedDocuments\Final Report\T+T_2-16 Fernlea Rise_C1235704_Final Report.docx,2026-03-11
1502000,2681,1502000.2681,\\ttgroup.local\corporate\Auckland\Projects\1502000\1502000.2681\IssuedDocuments\Final Report\T+T_2026-IAG-C5364409_Final Report.docx,2026-03-26
1502000,2682,1502000.2682,\\ttgroup.local\corporate\Auckland\Projects\1502000\1502000.2682\IssuedDocuments\Final Report\T+T_2025-IAG-C5268957_Final Report.docx,2026-04-21
1502000,2683,1502000.2683,\\ttgroup.local\corporate\Auckland\Projects\1502000\1502000.2683\IssuedDocuments\Final Report\T+T_2026-IAG-C5359334_Final Report.docx,2026-03-10
1502000,2685,1502000.2685,\\ttgroup.local\corporate\Auckland\Projects\1502000\1502000.2685\IssuedDocuments\Final Report\T+T_2026-IAG-C1254962_Final Report.docx,2026-03-16
1502000,2687,1502000.2687,\\ttgroup.local\corporate\Auckland\Projects\1502000\1502000.2687\IssuedDocuments\Final Report\T+T_2026_IAG-C1254418_Report.docx,2026-03-10
1502000,2688,1502000.2688,\\ttgroup.local\corporate\Auckland\Projects\1502000\1502000.2688\IssuedDocuments\Final Report\T+T_2026-IAG-C5353828 NHL_Final Report.docx,2026-03-12
1502000,2689,1502000.2689,\\ttgroup.local\corporate\Auckland\Projects\1502000\1502000.2689\IssuedDocuments\Final Report\T+T-2026-IAG-C5361028-Final Report.docx,2026-04-22
1502000,2690,1502000.2690,\\ttgroup.local\corporate\Auckland\Projects\1502000\1502000.2690\IssuedDocuments\Additional Request\T+T_2026-IAG-8333293NHL_Final Report V2.docx,2026-06-03
1502000,2691,1502000.2691,\\ttgroup.local\corporate\Auckland\Projects\1502000\1502000.2691\IssuedDocuments\Final Report\T+T_2026_IAG_C1256289_Final ReportV2.docx,2026-03-31
1502000,2692,1502000.2692,\\ttgroup.local\corporate\Auckland\Projects\1502000\1502000.2692\IssuedDocuments\Final Report\T+T_2026-IAG-C1259200(NHI Land) & C1259210(NHI Building)_Final Report.docx,2026-03-08
1502000,2693,1502000.2693,\\ttgroup.local\corporate\Auckland\Projects\1502000\1502000.2693\IssuedDocuments\Final Report\T+T_2026-IAG-8334886 NHL_Final Report.docx,2026-04-01
1502000,2694,1502000.2694,\\ttgroup.local\corporate\Auckland\Projects\1502000\1502000.2694\IssuedDocuments\Final Report V2\T+T_2025_IAG-C5350129_Final Report_revised.docx,2026-03-23
1502000,2695,1502000.2695,\\ttgroup.local\corporate\Auckland\Projects\1502000\1502000.2695\IssuedDocuments\Final Report V2\T+T_2026_IAG-C5378348_Final Report_V2.docx,2026-05-07
1502000,2696,1502000.2696,\\ttgroup.local\corporate\Auckland\Projects\1502000\1502000.2696\IssuedDocuments\Final Report\T+T_2026-IAG-8336130_Final Report.docx,2026-03-24
1502000,2697,1502000.2697,\\ttgroup.local\corporate\Auckland\Projects\1502000\1502000.2697\IssuedDocuments\Final Report\T+T_2026_IAG-C5362187_Report.docx,2026-03-09
1502000,2698,1502000.2698,\\ttgroup.local\corporate\Auckland\Projects\1502000\1502000.2698\IssuedDocuments\Final Report V2\T+T_2026_IAG-C1256466 NHL_Final Report_V2.docx,2026-07-16
1502000,2699,1502000.2699,\\ttgroup.local\corporate\Auckland\Projects\1502000\1502000.2699\IssuedDocuments\Final Report\T+T_2026_IAG_C1256773_C1256242 Final Report.docx,2026-03-16
1502000,2700,1502000.2700,\\ttgroup.local\corporate\Auckland\Projects\1502000\1502000.2700\IssuedDocuments\Final Report\T+T_2026-IAG-C5374449_Final Report.docx,2026-04-08
1502000,2701,1502000.2701,\\ttgroup.local\corporate\Auckland\Projects\1502000\1502000.2701\IssuedDocuments\Final Report\T+T_2026-IAG-C1258775_Final Report.docx,2026-03-18
1502000,2702,1502000.2702,\\ttgroup.local\corporate\Auckland\Projects\1502000\1502000.2702\IssuedDocuments\Final Report\T+T_2026-IAG-C5364408_Final Report.docx,2026-04-08
1502000,2703,1502000.2703,\\ttgroup.local\corporate\Auckland\Projects\1502000\1502000.2703\IssuedDocuments\Final Report\T+T_2-26-IAG-C5365168 & C5365596_Final Report.docx,2026-03-24
1502000,2704,1502000.2704,\\ttgroup.local\corporate\Auckland\Projects\1502000\1502000.2704\IssuedDocuments\Final Report\T+T_2026_IAG-C1263687 & C1263885_Final Report.docx,2026-03-18
1502000,2706,1502000.2706,\\ttgroup.local\corporate\Auckland\Projects\1502000\1502000.2706\IssuedDocuments\Final Report\T+T_2026_IAG-C5382496_Final Report.docx,2026-03-18
1502000,2707,1502000.2707,\\ttgroup.local\corporate\Auckland\Projects\1502000\1502000.2707\IssuedDocuments\Final Report\T+T_2026_IAG-8335351_Final Report.docx,2026-04-13
1502000,2708,1502000.2708,\\ttgroup.local\corporate\Auckland\Projects\1502000\1502000.2708\IssuedDocuments\Final Report\T+T_2026_IAG-C5365673_Final Report.docx,2026-04-15
1502000,2709,1502000.2709,\\ttgroup.local\corporate\Auckland\Projects\1502000\1502000.2709\IssuedDocuments\Final Report\T+T_2026-IAG-C1263991&C1264641_Final Report.docx,2026-03-22
1502000,2710,1502000.2710,\\ttgroup.local\corporate\Auckland\Projects\1502000\1502000.2710\IssuedDocuments\Final Report\T+T_2026_IAG-C5397554_Final Report.docx,2026-03-31
1502000,2711,1502000.2711,\\ttgroup.local\corporate\Auckland\Projects\1502000\1502000.2711\IssuedDocuments\Final Report\T+T_2026-IAG-C5384467_Final Report.docx,2026-03-30
1502000,2712,1502000.2712,\\ttgroup.local\corporate\Auckland\Projects\1502000\1502000.2712\IssuedDocuments\Additional Request 24 6 2026\Final Report V3\T+T_2026_IAG-C5358098_Final Report_V3.docx,2026-06-29
1502000,2713,1502000.2713,\\ttgroup.local\corporate\Auckland\Projects\1502000\1502000.2713\IssuedDocuments\Final Report\T+T_2026_IAG-C5394892_Final Report.docx,2026-04-01
1502000,2714,1502000.2714,\\ttgroup.local\corporate\Auckland\Projects\1502000\1502000.2714\IssuedDocuments\Final Report V3\T+T_2026_IAG-C5358430 NHL_Final Report_V3.docx,2026-08-18
1502000,2715,1502000.2715,\\ttgroup.local\corporate\Auckland\Projects\1502000\1502000.2715\IssuedDocuments\Final Report\T+T_2026_IAG-8342923_Final Report.docx,2026-03-30
1502000,2716,1502000.2716,\\ttgroup.local\corporate\Auckland\Projects\1502000\1502000.2716\IssuedDocuments\Final Report V3\T+T_2026_IAG-C5382104NHL_Final Report_V3.docx,2026-08-27
1502000,2717,1502000.2717,\\ttgroup.local\corporate\Auckland\Projects\1502000\1502000.2717\IssuedDocuments\Final Report\T+T_2026_IAG-C5382405NHL_Final Report.docx,2026-04-07
1502000,2718,1502000.2718,\\ttgroup.local\corporate\Auckland\Projects\1502000\1502000.2718\IssuedDocuments\Final Report\T+T_2026-IAG-C5400548_Final Report.docx,2026-03-25
1502000,2719,1502000.2719,\\ttgroup.local\corporate\Auckland\Projects\1502000\1502000.2719\IssuedDocuments\Final Report\T+T_2026_IAG-C5371006 NHL_Final Report.docx,2026-05-14
1502000,2720,1502000.2720,\\ttgroup.local\corporate\Auckland\Projects\1502000\1502000.2720\IssuedDocuments\Final Report\T+T_2026_IAG-C5394895_Final Report.docx,2026-04-15
1502000,2721,1502000.2721,\\ttgroup.local\corporate\Auckland\Projects\1502000\1502000.2721\IssuedDocuments\Final Report\T+T_2026-IAG-C1255087_Final Report.docx,2026-04-17
1502000,2722,1502000.2722,\\ttgroup.local\corporate\Auckland\Projects\1502000\1502000.2722\IssuedDocuments\Final Report_V2\T+T_2026-IAG-C5400851_Final Report _V2.docx,2026-07-19
1502000,2723,1502000.2723,\\ttgroup.local\corporate\Auckland\Projects\1502000\1502000.2723\IssuedDocuments\Final Report V2\T+T_2026_IAG-C5404104NHL_Final Report_V2.docx,2026-07-31
1502000,2724,1502000.2724,\\ttgroup.local\corporate\Auckland\Projects\1502000\1502000.2724\IssuedDocuments\Final Report\T+T_2026_IAG-8349501_Final Report.docx,2026-05-06
1502000,2725,1502000.2725,\\ttgroup.local\corporate\Auckland\Projects\1502000\1502000.2725\IssuedDocuments\Final Report\T+T_2026_IAG-C5392697NHL_Final Report.docx,2026-06-05
1502000,2726,1502000.2726,\\ttgroup.local\corporate\Auckland\Projects\1502000\1502000.2726\IssuedDocuments\Final Report\T+T_2026_IAG-C1277743_Final Report.docx,2026-06-02
1502000,2727,1502000.2727,\\ttgroup.local\corporate\Auckland\Projects\1502000\1502000.2727\IssuedDocuments\Final Report\T+T_2026_IAG-C1277688 NHL_Final Report.docx,2026-05-27
1502000,2728,1502000.2728,\\ttgroup.local\corporate\Auckland\Projects\1502000\1502000.2728\IssuedDocuments\Final Report\T+T_2026-IAG-C5446418_Final Report.docx,2026-06-04
1502000,2729,1502000.2729,\\ttgroup.local\corporate\Auckland\Projects\1502000\1502000.2729\IssuedDocuments\Final Report\T+T_2026_IAG-C1279171NHL & C1277398NHB_Final Report.docx,2026-08-14
1502000,2730,1502000.2730,\\ttgroup.local\corporate\Auckland\Projects\1502000\1502000.2730\IssuedDocuments\Final Report V2\T+T_2026-IAG-8355293_Final Report_V2.docx,2026-06-05
1502000,2731,1502000.2731,\\ttgroup.local\corporate\Auckland\Projects\1502000\1502000.2731\IssuedDocuments\Final Report V2\T+T_2026-IAG-C1283585_Final Report_V2.docx,2026-07-01
1502000,2732,1502000.2732,\\ttgroup.local\corporate\Auckland\Projects\1502000\1502000.2732\IssuedDocuments\Final Report\T+T_2026-IAG-C1285289_Final Report.docx,2026-06-02
1502000,2733,1502000.2733,\\ttgroup.local\corporate\Auckland\Projects\1502000\1502000.2733\IssuedDocuments\Final Report\T+T_2026_IAG-C1286283_Final Report.docx,2026-08-17
1502000,2734,1502000.2734,\\ttgroup.local\corporate\Auckland\Projects\1502000\1502000.2734\IssuedDocuments\Final Report\T+T_2026-IAG-C5475046_Final Report.docx,2026-07-02
1502000,2735,1502000.2735,\\ttgroup.local\corporate\Auckland\Projects\1502000\1502000.2735\IssuedDocuments\Final Report\T+T_2026-IAG-C5484771_Final Report.docx,2026-06-24
1502000,2736,1502000.2736,\\ttgroup.local\corporate\Auckland\Projects\1502000\1502000.2736\IssuedDocuments\Final Report\T+T_2025-IAG-C5448536NHL_Final Report.docx,2026-08-06
1502000,2737,1502000.2737,\\ttgroup.local\corporate\Auckland\Projects\1502000\1502000.2737\IssuedDocuments\Final Report V2\T+T_2026_IAG-8366519 EQC L_Final Report V2.docx,2026-08-26
1502000,2738,1502000.2738,\\ttgroup.local\corporate\Auckland\Projects\1502000\1502000.2738\IssuedDocuments\Draft Report V2\T+T_2026_IAG-C5477105 NHL_Draft Report_V2.docx,2026-09-14
1502000,2739,1502000.2739,\\ttgroup.local\corporate\Auckland\Projects\1502000\1502000.2739\IssuedDocuments\Final Report V2\T+T_2026_IAG-C5498786_Final Report_V2.docx,2026-08-03
1502000,2763,1502000.2763,\\ttgroup.local\corporate\Auckland\Projects\1502000\1502000.2763\IssuedDocuments\Final Report\T+T_2026-IAG-C1257939_Final Report.docx,2026-03-09
1502000,2764,1502000.2764,\\ttgroup.local\corporate\Auckland\Projects\1502000\1502000.2764\IssuedDocuments\Final Report V3\T+T_2026_IAG-C1260058NHL&C1260063NHB_Final Report_V3.docx,2026-08-27
1502000,2765,1502000.2765,\\ttgroup.local\corporate\Auckland\Projects\1502000\1502000.2765\IssuedDocuments\Draft Report\T+T_2-26-IAG-C5360163_Draft Report.docx,2026-03-12
1502000,2766,1502000.2766,\\ttgroup.local\corporate\Auckland\Projects\1502000\1502000.2766\IssuedDocuments\Final Report\T+T_2025_IAG-C1254278_Final Report.docx,2026-04-22
1502000,2767,1502000.2767,\\ttgroup.local\corporate\Auckland\Projects\1502000\1502000.2767\IssuedDocuments\Final Report\T+T_2026-IAG-C5381090 C5381952_Final Report.docx,2026-03-31
1502000,2768,1502000.2768,\\ttgroup.local\corporate\Auckland\Projects\1502000\1502000.2768\IssuedDocuments\Final Report\T+T_2026-IAG-C1259486_Final Report.docx,2026-03-15
1502000,2769,1502000.2769,\\ttgroup.local\corporate\Auckland\Projects\1502000\1502000.2769\IssuedDocuments\Draft Report_V1\T+T_2026_IAG-C5380359 (NHL) & C5381945 (NHB)_Draft Report_V1.docx,2026-03-19
1502000,2770,1502000.2770,\\ttgroup.local\corporate\Auckland\Projects\1502000\1502000.2770\IssuedDocuments\Final Report\T+T_2026_IAG-C5373519_Final Report.docx,2026-03-24
1502000,2771,1502000.2771,\\ttgroup.local\corporate\Auckland\Projects\1502000\1502000.2771\IssuedDocuments\Final Report\T+T_2026_IAG-C5379795_Final Report.docx,2026-03-25
1502000,2772,1502000.2772,\\ttgroup.local\corporate\Auckland\Projects\1502000\1502000.2772\IssuedDocuments\Final Report\T+T_2026_IAG-C5381072_Final Report.docx,2026-03-23
1502000,2773,1502000.2773,\\ttgroup.local\corporate\Auckland\Projects\1502000\1502000.2773\IssuedDocuments\Final Report V3\T+T_2026_IAG-C5379577_Final Report_V3.docx,2026-07-20
1502000,2774,1502000.2774,\\ttgroup.local\corporate\Auckland\Projects\1502000\1502000.2774\IssuedDocuments\Final Report\T+T_2026_IAG-C5379287_Final Report.docx,2026-03-31
1502000,2775,1502000.2775,\\ttgroup.local\corporate\Auckland\Projects\1502000\1502000.2775\IssuedDocuments\Final Report\T+T_2026_IAG-C5381648_Final Report.docx,2026-04-12
1502000,2776,1502000.2776,\\ttgroup.local\corporate\Auckland\Projects\1502000\1502000.2776\IssuedDocuments\Final Report\T+T_2026_IAG-C5388466_Final Report.docx,2026-04-13
1502000,2777,1502000.2777,\\ttgroup.local\corporate\Auckland\Projects\1502000\1502000.2777\IssuedDocuments\Final Report\T+T_2026_IAG-C5389161_Final Report.docx,2026-04-01
1502000,2778,1502000.2778,\\ttgroup.local\corporate\Auckland\Projects\1502000\1502000.2778\IssuedDocuments\Final Report\T+T_2025_IAG-C1266654_Final Report.docx,2026-03-27
1502000,2779,1502000.2779,\\ttgroup.local\corporate\Auckland\Projects\1502000\1502000.2779\IssuedDocuments\Final Report v3\T+T_2026-IAG-C5384188_Final Report v3.docx,2026-06-09
1502000,2781,1502000.2781,\\ttgroup.local\corporate\Auckland\Projects\1502000\1502000.2781\IssuedDocuments\Final Report V2\T+T_2026_IAG-C1276600_Final Report_V2.docx,2026-04-30
1502000,2782,1502000.2782,\\ttgroup.local\corporate\Auckland\Projects\1502000\1502000.2782\IssuedDocuments\Final Report V2\T+T_2025_IAG-C5371079 NHL_Final Report_V2.docx,2026-08-25
1502000,2783,1502000.2783,\\ttgroup.local\corporate\Auckland\Projects\1502000\1502000.2783\IssuedDocuments\Final Report\T+T_2026_IAG-C5403993 NHL_Final Report.docx,2026-06-15
1502000,2784,1502000.2784,\\ttgroup.local\corporate\Auckland\Projects\1502000\1502000.2784\IssuedDocuments\Final Report\T+T_2026_IAG-C1279674-C1279678_Final Report.docx,2026-05-18
1502000,2785,1502000.2785,\\ttgroup.local\corporate\Auckland\Projects\1502000\1502000.2785\IssuedDocuments\Final Report\T+T_2025_IAG-C5401315_Final Report.docx,2026-05-25
1502000,2786,1502000.2786,\\ttgroup.local\corporate\Auckland\Projects\1502000\1502000.2786\IssuedDocuments\Final Report V2\T+T_2026-IAG-8352038NHL_Final Report V2.docx,2026-07-20
1502000,2787,1502000.2787,\\ttgroup.local\corporate\Auckland\Projects\1502000\1502000.2787\IssuedDocuments\Final Report\T+T_2026_IAG-C5444221NHL_Final Report.docx,2026-06-05
1502000,2788,1502000.2788,\\ttgroup.local\corporate\Auckland\Projects\1502000\1502000.2788\IssuedDocuments\Final Report\T+T_2026_IAG-C5450198_Final Report.docx,2026-05-20
1502000,2789,1502000.2789,\\ttgroup.local\corporate\Auckland\Projects\1502000\1502000.2789\IssuedDocuments\Final Report\T+T_2026_IAG-C5444934_Final Report.docx,2026-05-20
1502000,2790,1502000.2790,\\ttgroup.local\corporate\Auckland\Projects\1502000\1502000.2790\IssuedDocuments\FInal Report\T+T_2026-IAG-C5444941_Final Report.docx,2026-05-19
1502000,2791,1502000.2791,\\ttgroup.local\corporate\Auckland\Projects\1502000\1502000.2791\IssuedDocuments\Final Report\T+T_2026-IAG-C5444352_Final Report.docx,2026-06-19
1502000,2792,1502000.2792,\\ttgroup.local\corporate\Auckland\Projects\1502000\1502000.2792\IssuedDocuments\Final Report\T+T_2026_IAG-C5449400_Final Report.docx,2026-05-19
1502000,2793,1502000.2793,\\ttgroup.local\corporate\Auckland\Projects\1502000\1502000.2793\IssuedDocuments\Final Report\T+T_2026_IAG-8355043 & 8355402_Final Report.docx,2026-06-05
1502000,2794,1502000.2794,\\ttgroup.local\corporate\Auckland\Projects\1502000\1502000.2794\IssuedDocuments\Final Report V2\T+T_2026_IAG-C1284629NHL_Final Report V2.docx,2026-08-31
1502000,2795,1502000.2795,\\ttgroup.local\corporate\Auckland\Projects\1502000\1502000.2795\IssuedDocuments\Final Report\T+T_2026_IAG-C5446684 NHC_Final Report.docx,2026-05-25
1502000,2796,1502000.2796,\\ttgroup.local\corporate\Auckland\Projects\1502000\1502000.2796\IssuedDocuments\Final Report\T+T_2026_IAG-C5448794 NHL_Final Report.docx,2026-07-21
1502000,2797,1502000.2797,\\ttgroup.local\corporate\Auckland\Projects\1502000\1502000.2797\IssuedDocuments\Final Report\T+T_2026_IAG-C1284959_Final Report.docx,2026-05-24
1502000,2798,1502000.2798,\\ttgroup.local\corporate\Auckland\Projects\1502000\1502000.2798\IssuedDocuments\Final Report\Version 3\T+T_2026_IAG-C5449746_Final Report_Geotechnical_V3.docx,2026-05-26
1502000,2799,1502000.2799,\\ttgroup.local\corporate\Auckland\Projects\1502000\1502000.2799\IssuedDocuments\Final Report\T+T_2026-IAG-C5441196_Final Report.docx,2026-05-25
1502000,2800,1502000.2800,\\ttgroup.local\corporate\Auckland\Projects\1502000\1502000.2800\IssuedDocuments\Final Report\T+T_2026_IAG-C5441585_C5487719_Final Report.docx,2026-06-11
1502000,2801,1502000.2801,\\ttgroup.local\corporate\Auckland\Projects\1502000\1502000.2801\IssuedDocuments\Final Report\T+T_2026_IAG-C5446730_Final Report.docx,2026-06-03
1502000,2802,1502000.2802,\\ttgroup.local\corporate\Auckland\Projects\1502000\1502000.2802\IssuedDocuments\Final Report\T+T_2026_IAG-C5446639_Final Report.docx,2026-05-21
1502000,2803,1502000.2803,\\ttgroup.local\corporate\Auckland\Projects\1502000\1502000.2803\IssuedDocuments\Final Report V2\T+T_2026_IAG-C5453002 _Final Report V2.docx,2026-06-14
1502000,2804,1502000.2804,\\ttgroup.local\corporate\Auckland\Projects\1502000\1502000.2804\IssuedDocuments\Final Report\T+T_2026_IAG-C5409643NHL_Final Report.docx,2026-08-04
1502000,2805,1502000.2805,\\ttgroup.local\corporate\Auckland\Projects\1502000\1502000.2805\IssuedDocuments\Final Report V2\T+T_2026_IAG-C1285315_Final Report_V2.docx,2026-06-17
1502000,2806,1502000.2806,\\ttgroup.local\corporate\Auckland\Projects\1502000\1502000.2806\IssuedDocuments\Final Report\T+T_2026-IAG-8357413_Final Report.docx,2026-06-11
1502000,2807,1502000.2807,\\ttgroup.local\corporate\Auckland\Projects\1502000\1502000.2807\IssuedDocuments\Final Report\T+T_2026_IAG-C5446807NHL_Final Report.docx,2026-06-10
1502000,2808,1502000.2808,\\ttgroup.local\corporate\Auckland\Projects\1502000\1502000.2808\IssuedDocuments\Final Report\T+T_2026_IAG-C5447940_Final Report.docx,2026-06-12
1502000,2809,1502000.2809,\\ttgroup.local\corporate\Auckland\Projects\1502000\1502000.2809\IssuedDocuments\Final Report V2\T+T_2026_IAG-C5377621_Final Report_V2.docx,2026-06-26
1502000,2810,1502000.2810,\\ttgroup.local\corporate\Auckland\Projects\1502000\1502000.2810\IssuedDocuments\Final Report\T+T_2026_IAG-C5466163_Final Report.docx,2026-06-03
1502000,2811,1502000.2811,\\ttgroup.local\corporate\Auckland\Projects\1502000\1502000.2811\IssuedDocuments\Final Report\T+T_2026_IAG-C5448996NHL_Final Report.docx,2026-06-17
1502000,2812,1502000.2812,\\ttgroup.local\corporate\Auckland\Projects\1502000\1502000.2812\IssuedDocuments\Final Report\T+T_2026_IAG-8354866_Final Report.docx,2026-07-13
1502000,2813,1502000.2813,\\ttgroup.local\corporate\Auckland\Projects\1502000\1502000.2813\IssuedDocuments\Final Report\T+T_2026_IAG-C5436809NHL_Final Report.docx,2026-07-03
1502000,2814,1502000.2814,\\ttgroup.local\corporate\Auckland\Projects\1502000\1502000.2814\IssuedDocuments\Final Report V2\T+T_2026_IAG-C5446430_Final Report_V2.docx,2026-07-27
1502000,2815,1502000.2815,\\ttgroup.local\corporate\Auckland\Projects\1502000\1502000.2815\IssuedDocuments\Final Report\T+T_2026_IAG-C5453624 _Final Report.docx,2026-06-09
1502000,2816,1502000.2816,\\ttgroup.local\corporate\Auckland\Projects\1502000\1502000.2816\IssuedDocuments\Final Report\T+T_2026_IAG-C1291361 NHL_Final Report.docx,2026-07-15
1502000,2817,1502000.2817,\\ttgroup.local\corporate\Auckland\Projects\1502000\1502000.2817\IssuedDocuments\Final Report\T+T_2026_IAG-C5454747_Final Report.docx,2026-07-02
1502000,2818,1502000.2818,\\ttgroup.local\corporate\Auckland\Projects\1502000\1502000.2818\IssuedDocuments\Final Report\T+T_2026_IAG-8354736 NHL_Final Report.docx,2026-07-16
1502000,2819,1502000.2819,\\ttgroup.local\corporate\Auckland\Projects\1502000\1502000.2819\IssuedDocuments\Final Report\T+T_2026_IAG-C5432440_Final Report.docx,2026-07-06
1502000,2820,1502000.2820,\\ttgroup.local\corporate\Auckland\Projects\1502000\1502000.2820\IssuedDocuments\Final Report\T+T_2026_IAG-8355011NHL_FInal Report.docx,2026-08-21
1502000,2821,1502000.2821,\\ttgroup.local\corporate\Auckland\Projects\1502000\1502000.2821\IssuedDocuments\Final Report V3\T+T_2026_IAG-C5467867_Final Report.docx,2026-08-09
1502000,2822,1502000.2822,\\ttgroup.local\corporate\Auckland\Projects\1502000\1502000.2822\IssuedDocuments\Final Report\T+T_2026-IAG-80221683_Final Report.docx,2026-08-03
1502000,2823,1502000.2823,\\ttgroup.local\corporate\Auckland\Projects\1502000\1502000.2823\IssuedDocuments\Final Report V2\T+T_2026_IAG-C5480188_Final Report.V2.docx,2026-07-01
1502000,2824,1502000.2824,\\ttgroup.local\corporate\Auckland\Projects\1502000\1502000.2824\IssuedDocuments\Final Report\T+T_2026_IAG-C5473660_Final Report.docx,2026-06-19
1502000,2825,1502000.2825,\\ttgroup.local\corporate\Auckland\Projects\1502000\1502000.2825\IssuedDocuments\Final Report\T+T_2026_IAG-C1264169_Final Report.docx,2026-07-01
1502000,2826,1502000.2826,\\ttgroup.local\corporate\Auckland\Projects\1502000\1502000.2826\IssuedDocuments\Final Report\T+T_2026-IAG-C5451569_Final Report.docx,2026-07-21
1502000,2827,1502000.2827,\\ttgroup.local\corporate\Auckland\Projects\1502000\1502000.2827\IssuedDocuments\Final Report\T+T_2026_IAG-C5481303_Final Report.docx,2026-07-09
1502000,2828,1502000.2828,\\ttgroup.local\corporate\Auckland\Projects\1502000\1502000.2828\IssuedDocuments\Final Report\T+T_2026_IAG-C5468272_Final Report.docx,2026-07-31
1502000,2829,1502000.2829,\\ttgroup.local\corporate\Auckland\Projects\1502000\1502000.2829\IssuedDocuments\Final Report\T+T_2026_IAG-C5484262-C5484271_Final Report.docx,2026-07-27
1502000,2830,1502000.2830,\\ttgroup.local\corporate\Auckland\Projects\1502000\1502000.2830\IssuedDocuments\Final Report\T+T_2026_IAG-C1297067_Final Report.docx,2026-07-30
1502000,2831,1502000.2831,\\ttgroup.local\corporate\Auckland\Projects\1502000\1502000.2831\IssuedDocuments\Final Report\T+T_2026_IAG-C1289649_Final Report.docx,2026-07-23
1502000,2832,1502000.2832,\\ttgroup.local\corporate\Auckland\Projects\1502000\1502000.2832\IssuedDocuments\Final Report\T+T_2026_IAG-C5499161_Final Report.docx,2026-07-23
1502000,2833,1502000.2833,\\ttgroup.local\corporate\Auckland\Projects\1502000\1502000.2833\IssuedDocuments\Final Report\T+T_2026_IAG-C5493443_Final Report.docx,2026-07-15
1502000,2834,1502000.2834,\\ttgroup.local\corporate\Auckland\Projects\1502000\1502000.2834\IssuedDocuments\Final Report\T+T_2026_IAG-C5459539_Final Report.docx,2026-07-29
1502000,2835,1502000.2835,\\ttgroup.local\corporate\Auckland\Projects\1502000\1502000.2835\IssuedDocuments\Final Report\T+T_2026-IAG-C5493977 Final Report.docx,2026-07-17
1502000,2836,1502000.2836,\\ttgroup.local\corporate\Auckland\Projects\1502000\1502000.2836\IssuedDocuments\Final Report\T+T_2026_IAG-C5484764_Final Report.docx,2026-07-16
1502000,2837,1502000.2837,\\ttgroup.local\corporate\Auckland\Projects\1502000\1502000.2837\IssuedDocuments\Final Report\T+T_2026_IAG-C5468674_Final Report.docx,2026-09-16
1502000,2838,1502000.2838,\\ttgroup.local\corporate\Auckland\Projects\1502000\1502000.2838\IssuedDocuments\Final Report\T+T_2026-IAG-C5485648 NHL Final Report.docx,2026-09-07
1502000,2839,1502000.2839,\\ttgroup.local\corporate\Auckland\Projects\1502000\1502000.2839\IssuedDocuments\Final Report\T+T_2026_IAG-C5499497_Final Report.docx,2026-09-10
1502000,2840,1502000.2840,\\ttgroup.local\corporate\Auckland\Projects\1502000\1502000.2840\IssuedDocuments\Final Report\T+T_2026_IAG-C1292549NHL_Final Report.docx,2026-08-25
1502000,2841,1502000.2841,\\ttgroup.local\corporate\Auckland\Projects\1502000\1502000.2841\IssuedDocuments\Final Report\T+T_2026_IAG-C5509837_Final Report.docx,2026-07-23
1502000,2842,1502000.2842,\\ttgroup.local\corporate\Auckland\Projects\1502000\1502000.2842\IssuedDocuments\Final Report\T+T_2026_IAG-C5511078_Final Report.docx,2026-08-03
1502000,2843,1502000.2843,\\ttgroup.local\corporate\Auckland\Projects\1502000\1502000.2843\IssuedDocuments\Draft Report V2\T+T_2026_IAG-C5499936_C5497688_Draft Report V2.docx,2026-09-03
1502000,2844,1502000.2844,\\ttgroup.local\corporate\Auckland\Projects\1502000\1502000.2844\IssuedDocuments\Final Report\T+T_2026_IAG-C5509881_Final Report.docx,2026-08-14
1502000,2845,1502000.2845,\\ttgroup.local\corporate\Auckland\Projects\1502000\1502000.2845\IssuedDocuments\Final Report\T+T_2026_IAG-C5509353_Final Report.docx,2026-08-14
1502000,2846,1502000.2846,\\ttgroup.local\corporate\Auckland\Projects\1502000\1502000.2846\IssuedDocuments\Final Report\T+T_2026_IAG-C1305678_Final Report.docx,2026-07-28
1502000,2847,1502000.2847,\\ttgroup.local\corporate\Auckland\Projects\1502000\1502000.2847\IssuedDocuments\Draft Report V2\T+T_2026_IAG-8368057NHL_Draft Report V2.docx,2026-08-05
1502000,2848,1502000.2848,\\ttgroup.local\corporate\Auckland\Projects\1502000\1502000.2848\IssuedDocuments\Final Report\T+T_2026_IAG-C5514016_Final Report.docx,2026-07-29
1502000,2849,1502000.2849,\\ttgroup.local\corporate\Auckland\Projects\1502000\1502000.2849\IssuedDocuments\Final Report\T+T_2026_IAG-C5497048_Final Report.docx,2026-08-04
1502000,2850,1502000.2850,\\ttgroup.local\corporate\Auckland\Projects\1502000\1502000.2850\IssuedDocuments\Final Report\T+T_2026_IAG-C5516240NHL_Final Report.docx,2026-08-09
1502000,2852,1502000.2852,\\ttgroup.local\corporate\Auckland\Projects\1502000\1502000.2852\IssuedDocuments\Final Report\T+T_2026_IAG-C5521989_Final Report.docx,2026-08-03
1502000,2853,1502000.2853,\\ttgroup.local\corporate\Auckland\Projects\1502000\1502000.2853\IssuedDocuments\Final Report\T+T_2026_IAG-C5516658 NHC_Final Report.docx,2026-08-03
1502000,2854,1502000.2854,\\ttgroup.local\corporate\Auckland\Projects\1502000\1502000.2854\IssuedDocuments\Final Report\T+T_2026_IAG-C5516878 NHC_Final Report.docx,2026-08-07
1502000,2855,1502000.2855,\\ttgroup.local\corporate\Auckland\Projects\1502000\1502000.2855\IssuedDocuments\Final Report V2\T+T_2026_IAG-C5519293_Final Report V2.docx,2026-08-25
1502000,2856,1502000.2856,\\ttgroup.local\corporate\Auckland\Projects\1502000\1502000.2856\IssuedDocuments\Final Report\T+T_2026_IAG-C5517788_C5517835_Final Report.docx,2026-08-04
1502000,2857,1502000.2857,\\ttgroup.local\corporate\Auckland\Projects\1502000\1502000.2857\IssuedDocuments\Preliminary Report\T+T_2026_IAG-C1296284NHL_Preliminary Report.docx,2026-08-18
1502000,2858,1502000.2858,\\ttgroup.local\corporate\Auckland\Projects\1502000\1502000.2858\IssuedDocuments\Final Report\T+T_2026_IAG-C5524150-C5524236_Final Report.docx,2026-08-04
1502000,2859,1502000.2859,\\ttgroup.local\corporate\Auckland\Projects\1502000\1502000.2859\IssuedDocuments\Final Report\T+T_2026_IAG-8373394_Final Report.docx,2026-09-09
1502000,2860,1502000.2860,\\ttgroup.local\corporate\Auckland\Projects\1502000\1502000.2860\IssuedDocuments\Final Report\T+T_2026_IAG-C5519459 NHC_Final Report.docx,2026-08-17
1502000,2861,1502000.2861,\\ttgroup.local\corporate\Auckland\Projects\1502000\1502000.2861\IssuedDocuments\Final Report\T+T_2026_IAG-C5519372_Final Report.docx,2026-08-17
1502000,2862,1502000.2862,\\ttgroup.local\corporate\Auckland\Projects\1502000\1502000.2862\IssuedDocuments\Final Report V2\T+T_2026_IAG-C5519786_Final Report V2.docx,2026-08-27
1502000,2863,1502000.2863,\\ttgroup.local\corporate\Auckland\Projects\1502000\1502000.2863\IssuedDocuments\Final Report\T+T_2026_IAG-C5518275 NHC_Final Report.docx,2026-09-07
1502000,2864,1502000.2864,\\ttgroup.local\corporate\Auckland\Projects\1502000\1502000.2864\IssuedDocuments\Final Report\T+T_2026_IAG-C5522696_Final Report.docx,2026-08-12
1502000,2865,1502000.2865,\\ttgroup.local\corporate\Auckland\Projects\1502000\1502000.2865\IssuedDocuments\Final Report\T+T_2026_IAG-C5529556_Final Report.docx,2026-09-09
1502000,2866,1502000.2866,\\ttgroup.local\corporate\Auckland\Projects\1502000\1502000.2866\IssuedDocuments\Final Report\T+T_2026_IAG-C5530210-C5530227_Final Report.docx,2026-08-17
1502000,2867,1502000.2867,\\ttgroup.local\corporate\Auckland\Projects\1502000\1502000.2867\IssuedDocuments\Draft Report\T+T_2026_IAG-C5519809_Draft Report.docx,2026-08-17
1502000,2868,1502000.2868,\\ttgroup.local\corporate\Auckland\Projects\1502000\1502000.2868\IssuedDocuments\Final Report\T+T_2026_IAG-C5528560_Final Report.docx,2026-09-14
1502000,2869,1502000.2869,\\ttgroup.local\corporate\Auckland\Projects\1502000\1502000.2869\IssuedDocuments\Draft Report\Draft V2\T+T_2026_IAG-C5523889 NHC_Draft Report V2.docx,2026-09-07
1502000,2870,1502000.2870,\\ttgroup.local\corporate\Auckland\Projects\1502000\1502000.2870\IssuedDocuments\Final Report\T+T_2026_IAG-C1309840_Final Report.docx,2026-09-15
1502000,2871,1502000.2871,\\ttgroup.local\corporate\Auckland\Projects\1502000\1502000.2871\IssuedDocuments\Final Report\T+T_2026_IAG-C5537453 NHC_Final Report.docx,2026-08-25
1502000,2872,1502000.2872,\\ttgroup.local\corporate\Auckland\Projects\1502000\1502000.2872\IssuedDocuments\Final Report\T+T_2026_IAG-C5531420_Final Report.docx,2026-08-25
1502000,2873,1502000.2873,\\ttgroup.local\corporate\Auckland\Projects\1502000\1502000.2873\IssuedDocuments\Final Report V2\T+T_2026_IAG-C5537427_Final Report V2.docx,2026-09-14
1502000,2874,1502000.2874,\\ttgroup.local\corporate\Auckland\Projects\1502000\1502000.2874\IssuedDocuments\Final Report\T+T_2026_IAG-C1308424_Final Report.docx,2026-08-26
1502000,2875,1502000.2875,\\ttgroup.local\corporate\Auckland\Projects\1502000\1502000.2875\IssuedDocuments\Draft Report\T+T_2026_IAG-C5517124NHL_Draft Report.docx,2026-08-20
1502000,2876,1502000.2876,\\ttgroup.local\corporate\Auckland\Projects\1502000\1502000.2876\IssuedDocuments\Final Report\T+T_2026_IAG-C5523130_Final Report.docx,2026-09-16
1502000,2877,1502000.2877,\\ttgroup.local\corporate\Auckland\Projects\1502000\1502000.2877\IssuedDocuments\Final Report\T+T_2026_IAG-C5518110_Final Report.docx,2026-08-25
1502000,2878,1502000.2878,\\ttgroup.local\corporate\Auckland\Projects\1502000\1502000.2878\IssuedDocuments\Final Report\T+T_2026_IAG-C5521189NHL_Final Report.docx,2026-08-27
1502000,2879,1502000.2879,\\ttgroup.local\corporate\Auckland\Projects\1502000\1502000.2879\IssuedDocuments\Draft Report\T+T_2026_IAG-C5540363_Draft Report.docx,2026-08-23
1502000,2880,1502000.2880,\\ttgroup.local\corporate\Auckland\Projects\1502000\1502000.2880\IssuedDocuments\Final Report\T+T_2026_IAG-C5527299_Final Report.docx,2026-09-07
1502000,2881,1502000.2881,\\ttgroup.local\corporate\Auckland\Projects\1502000\1502000.2881\IssuedDocuments\Final Report\T+T_2026_IAG-C5506360_Final Report.docx,2026-09-14
1502000,2883,1502000.2883,\\ttgroup.local\corporate\Auckland\Projects\1502000\1502000.2883\IssuedDocuments\Draft Report\T+T_2026-IAG-C5548389_Draft Report.docx,2026-08-25
1502000,2884,1502000.2884,\\ttgroup.local\corporate\Auckland\Projects\1502000\1502000.2884\IssuedDocuments\Draft Report\T+T_2026_IAG-C5518377NHL_Draft Report.docx,2026-09-10
1502000,2885,1502000.2885,\\ttgroup.local\corporate\Auckland\Projects\1502000\1502000.2885\IssuedDocuments\Final Report\T+T_2026_IAG-C5545427_Final Report.docx,2026-09-10
1502000,2888,1502000.2888,\\ttgroup.local\corporate\Auckland\Projects\1502000\1502000.2888\IssuedDocuments\Preliminary Report\T+T_2026_IAG-C5562567_Preliminary Report.docx,2026-09-11
1502000,2889,1502000.2889,\\ttgroup.local\corporate\Auckland\Projects\1502000\1502000.2889\IssuedDocuments\Preliminary Report\T+T_2026_IAG-C1318949_Preliminary Report.docx,2026-09-11
1502000,2890,1502000.2890,\\ttgroup.local\corporate\Auckland\Projects\1502000\1502000.2890\IssuedDocuments\Draft Report\T+T_2026-IAG-C5403523_Draft Report.docx,2026-09-10
